# Blender v3.6.0 OBJ File: ''
# www.blender.org
mtllib barrel.mtl
o barrel
v -0.282454 0.857964 -0.009013
v -0.263342 0.857964 0.103850
v -0.257551 0.857964 -0.117916
v -0.197513 0.857964 -0.204285
v -0.208626 0.857964 0.192717
v -0.101232 0.857964 -0.264172
v -0.195346 0.857964 -0.204285
v -0.206459 0.857964 0.192717
v -0.115212 0.857964 0.258296
v 0.006101 0.857964 -0.282551
v -0.098943 0.857964 -0.264171
v -0.112923 0.857964 0.258296
v -0.006067 0.857964 0.282456
v 0.115182 0.857964 -0.258381
v 0.009014 0.857964 -0.282551
v -0.003154 0.857964 0.282456
v 0.101201 0.857964 0.264087
v 0.203924 0.857964 -0.195587
v 0.118095 0.857964 -0.258380
v 0.104114 0.857964 0.264087
v 0.195492 0.857964 0.203951
v 0.263126 0.857964 -0.104024
v 0.205803 0.857964 -0.195587
v 0.197371 0.857964 0.203951
v 0.257335 0.857964 0.117920
v 0.282470 0.857964 0.005936
v -0.282454 0.840316 -0.009013
v -0.257551 0.840316 -0.117916
v -0.263342 0.840316 0.103850
v -0.197513 0.840316 -0.204285
v -0.208626 0.840316 0.192717
v -0.101232 0.840316 -0.264172
v -0.115212 0.840316 0.258296
v -0.206459 0.840316 0.192717
v -0.195346 0.840316 -0.204285
v 0.006101 0.840316 -0.282551
v -0.006067 0.840316 0.282456
v -0.112923 0.840316 0.258296
v -0.098943 0.840316 -0.264171
v 0.115182 0.840316 -0.258381
v 0.101201 0.840316 0.264087
v -0.003154 0.840316 0.282456
v 0.009014 0.840316 -0.282551
v 0.203924 0.840316 -0.195587
v 0.195492 0.840316 0.203951
v 0.104114 0.840316 0.264087
v 0.118095 0.840316 -0.258380
v 0.263126 0.840316 -0.104024
v 0.257335 0.840316 0.117920
v 0.197371 0.840316 0.203951
v 0.205803 0.840316 -0.195587
v 0.282470 0.840316 0.005936
v 0.283255 0.019165 -0.009013
v 0.264142 0.019165 0.103851
v 0.258351 0.019165 -0.117915
v 0.198314 0.019165 -0.204285
v 0.209427 0.019165 0.192717
v 0.102032 0.019165 -0.264171
v 0.196146 0.019165 -0.204285
v 0.207259 0.019165 0.192717
v 0.116013 0.019165 0.258296
v -0.005300 0.019165 -0.282551
v 0.099743 0.019165 -0.264171
v 0.113724 0.019165 0.258296
v 0.006868 0.019165 0.282456
v -0.114381 0.019165 -0.258380
v -0.008214 0.019165 -0.282551
v 0.003955 0.019165 0.282456
v -0.100400 0.019165 0.264087
v -0.203124 0.019165 -0.195587
v -0.117294 0.019165 -0.258380
v -0.103314 0.019165 0.264087
v -0.194692 0.019165 0.203951
v -0.262326 0.019165 -0.104024
v -0.205003 0.019165 -0.195587
v -0.196570 0.019165 0.203951
v -0.256535 0.019165 0.117921
v -0.281670 0.019165 0.005936
v 0.283255 0.036813 -0.009013
v 0.258351 0.036813 -0.117915
v 0.264142 0.036813 0.103851
v 0.198314 0.036813 -0.204285
v 0.209427 0.036813 0.192717
v 0.102032 0.036813 -0.264171
v 0.116013 0.036813 0.258296
v 0.207259 0.036813 0.192717
v 0.196146 0.036813 -0.204285
v -0.005300 0.036813 -0.282551
v 0.006868 0.036813 0.282456
v 0.113724 0.036813 0.258296
v 0.099743 0.036813 -0.264171
v -0.114381 0.036813 -0.258380
v -0.100400 0.036813 0.264087
v 0.003955 0.036813 0.282456
v -0.008214 0.036813 -0.282551
v -0.203124 0.036813 -0.195587
v -0.194692 0.036813 0.203951
v -0.103314 0.036813 0.264087
v -0.117294 0.036813 -0.258380
v -0.262326 0.036813 -0.104024
v -0.256535 0.036813 0.117921
v -0.196570 0.036813 0.203951
v -0.205003 0.036813 -0.195587
v -0.281670 0.036813 0.005936
v -0.132001 0.059832 0.318522
v -0.245344 0.059832 0.241574
v -0.233341 0.059832 0.229719
v -0.125548 0.059832 0.302899
v 0.242139 0.059832 -0.245047
v 0.318570 0.059832 -0.132049
v 0.302960 0.059832 -0.125609
v 0.230272 0.059832 -0.233074
v 0.131937 0.059832 0.318522
v 0.001805 0.059832 0.344407
v 0.001706 0.059832 0.327516
v 0.125466 0.059832 0.302899
v 0.344437 0.059832 -0.002007
v 0.318570 0.059832 0.131889
v 0.302960 0.059832 0.125405
v 0.327560 0.059832 -0.001935
v 0.244892 0.059832 0.242156
v 0.232890 0.059832 0.230273
v -0.001791 0.059832 -0.344582
v 0.131937 0.059832 -0.318682
v 0.125466 0.059832 -0.303103
v -0.001714 0.059832 -0.327735
v -0.244748 0.059832 -0.242627
v -0.132001 0.059832 -0.318682
v -0.125548 0.059832 -0.303103
v -0.232774 0.059832 -0.230772
v -0.318633 0.059832 0.131889
v -0.303041 0.059832 0.125405
v -0.318633 0.059832 -0.132049
v -0.303041 0.059832 -0.125609
v -0.344541 0.059832 -0.001802
v -0.327681 0.059832 -0.001740
v -0.136308 0.135462 0.328949
v -0.129644 0.135462 0.312815
v -0.240959 0.135462 0.237244
v -0.253355 0.135462 0.249487
v 0.250059 0.135462 -0.253038
v 0.237804 0.135462 -0.240674
v 0.312868 0.135462 -0.129697
v 0.328988 0.135462 -0.136347
v 0.136256 0.135462 0.328949
v 0.129574 0.135462 0.312815
v 0.001769 0.135462 0.338237
v 0.001871 0.135462 0.355679
v 0.355700 0.135462 -0.002055
v 0.338272 0.135462 -0.001980
v 0.312868 0.135462 0.129521
v 0.328988 0.135462 0.136217
v 0.240508 0.135462 0.237815
v 0.252902 0.135462 0.250087
v -0.001843 0.135462 -0.355825
v -0.001763 0.135462 -0.338428
v 0.129574 0.135462 -0.312991
v 0.136256 0.135462 -0.329079
v -0.252739 0.135462 -0.250538
v -0.240374 0.135462 -0.238296
v -0.129644 0.135462 -0.312991
v -0.136308 0.135462 -0.329079
v -0.312938 0.135462 0.129521
v -0.329039 0.135462 0.136217
v -0.329039 0.135462 -0.136347
v -0.312938 0.135462 -0.129697
v -0.338382 0.135462 -0.001779
v -0.355794 0.135462 -0.001843
v -0.140000 0.065887 0.321863
v -0.143617 0.129407 0.330620
v -0.136221 0.065349 0.316631
v -0.139899 0.129946 0.325537
v -0.132001 0.818995 0.318522
v -0.125548 0.818995 0.302899
v -0.233341 0.818995 0.229719
v -0.245344 0.818995 0.241574
v 0.242139 0.818995 -0.245048
v 0.230272 0.818995 -0.233074
v 0.302960 0.818995 -0.125609
v 0.318570 0.818995 -0.132049
v 0.131937 0.818995 0.318522
v 0.125466 0.818995 0.302899
v 0.001706 0.818995 0.327516
v 0.001805 0.818995 0.344407
v 0.344437 0.818995 -0.002007
v 0.327561 0.818995 -0.001935
v 0.302960 0.818995 0.125405
v 0.318570 0.818995 0.131889
v 0.232890 0.818995 0.230272
v 0.244892 0.818995 0.242156
v -0.001791 0.818995 -0.344582
v -0.001714 0.818995 -0.327735
v 0.125466 0.818995 -0.303103
v 0.131937 0.818995 -0.318682
v -0.244748 0.818995 -0.242627
v -0.232774 0.818995 -0.230772
v -0.125548 0.818995 -0.303103
v -0.132001 0.818995 -0.318682
v -0.303041 0.818995 0.125405
v -0.318633 0.818995 0.131889
v -0.318633 0.818995 -0.132049
v -0.303041 0.818995 -0.125609
v -0.327681 0.818995 -0.001740
v -0.344541 0.818995 -0.001802
v -0.136308 0.743364 0.328949
v -0.253355 0.743364 0.249487
v -0.240959 0.743364 0.237244
v -0.129644 0.743364 0.312815
v 0.250059 0.743364 -0.253038
v 0.328988 0.743364 -0.136347
v 0.312868 0.743364 -0.129697
v 0.237804 0.743364 -0.240674
v 0.136256 0.743364 0.328949
v 0.001871 0.743364 0.355679
v 0.001769 0.743364 0.338237
v 0.129574 0.743364 0.312815
v 0.355700 0.743364 -0.002055
v 0.328988 0.743364 0.136217
v 0.312868 0.743364 0.129520
v 0.338272 0.743364 -0.001980
v 0.252902 0.743364 0.250087
v 0.240508 0.743364 0.237815
v -0.001843 0.743364 -0.355825
v 0.136256 0.743364 -0.329079
v 0.129574 0.743364 -0.312991
v -0.001763 0.743364 -0.338428
v -0.252739 0.743364 -0.250538
v -0.136308 0.743364 -0.329079
v -0.129644 0.743364 -0.312991
v -0.240374 0.743364 -0.238297
v -0.329039 0.743364 0.136217
v -0.312938 0.743364 0.129520
v -0.329039 0.743364 -0.136347
v -0.312938 0.743364 -0.129697
v -0.355794 0.743364 -0.001843
v -0.338382 0.743364 -0.001779
v -0.140000 0.812939 0.321863
v -0.143617 0.749420 0.330620
v -0.136221 0.813478 0.316631
v -0.139899 0.748881 0.325537
v -0.258824 0.658152 -0.256562
v -0.139587 0.658152 -0.336995
v -0.145802 0.658152 -0.351998
v -0.270355 0.658152 -0.267979
v 0.139544 0.658152 -0.336995
v 0.256089 0.658152 -0.259122
v 0.267518 0.658152 -0.270653
v 0.145776 0.658152 -0.351998
v -0.001882 0.658152 -0.364386
v -0.001956 0.658152 -0.380610
v 0.001921 0.658152 0.364262
v -0.139587 0.658152 0.336887
v -0.145802 0.658152 0.351933
v 0.002017 0.658152 0.380529
v -0.259454 0.658152 0.255511
v -0.336962 0.658152 0.139512
v -0.351978 0.658152 0.145757
v -0.271014 0.658152 0.266928
v -0.336962 0.658152 -0.139619
v -0.351978 0.658152 -0.145821
v 0.259001 0.658152 0.256126
v 0.139544 0.658152 0.336887
v 0.145776 0.658152 0.351933
v 0.270559 0.658152 0.267571
v -0.364362 0.658152 -0.001875
v -0.380599 0.658152 -0.001934
v 0.336920 0.658152 -0.139619
v 0.351953 0.658152 -0.145821
v 0.364276 0.658152 -0.002091
v 0.336920 0.658152 0.139512
v 0.351953 0.658152 0.145757
v 0.380529 0.658152 -0.002161
v -0.258824 0.584011 -0.256562
v -0.270355 0.584011 -0.267979
v -0.145802 0.584011 -0.351998
v -0.139587 0.584011 -0.336995
v 0.139544 0.584011 -0.336995
v 0.145776 0.584011 -0.351998
v 0.267518 0.584011 -0.270653
v 0.256089 0.584011 -0.259122
v -0.001956 0.584011 -0.380610
v -0.001882 0.584011 -0.364386
v 0.001921 0.584011 0.364262
v 0.002017 0.584011 0.380529
v -0.145802 0.584011 0.351933
v -0.139587 0.584011 0.336887
v -0.259454 0.584011 0.255511
v -0.271014 0.584011 0.266928
v -0.351978 0.584011 0.145757
v -0.336962 0.584011 0.139512
v -0.336962 0.584011 -0.139619
v -0.351978 0.584011 -0.145821
v 0.259001 0.584011 0.256126
v 0.270559 0.584011 0.267571
v 0.145776 0.584011 0.351933
v 0.139544 0.584011 0.336887
v -0.380599 0.584011 -0.001934
v -0.364362 0.584011 -0.001875
v 0.351953 0.584011 -0.145821
v 0.336920 0.584011 -0.139619
v 0.364276 0.584011 -0.002091
v 0.380529 0.584011 -0.002161
v 0.351953 0.584011 0.145757
v 0.336920 0.584011 0.139512
v -0.153334 0.590221 0.356436
v -0.153334 0.651941 0.356436
v -0.149639 0.652647 0.349329
v -0.149639 0.589515 0.349329
v -0.258824 0.307080 -0.256562
v -0.139587 0.307080 -0.336995
v -0.145802 0.307080 -0.351998
v -0.270355 0.307080 -0.267979
v 0.139544 0.307080 -0.336995
v 0.256089 0.307080 -0.259122
v 0.267518 0.307080 -0.270653
v 0.145776 0.307080 -0.351998
v -0.001882 0.307080 -0.364386
v -0.001956 0.307080 -0.380610
v 0.001921 0.307080 0.364262
v -0.139587 0.307080 0.336888
v -0.145802 0.307080 0.351933
v 0.002017 0.307080 0.380529
v -0.259454 0.307080 0.255511
v -0.336962 0.307080 0.139512
v -0.351978 0.307080 0.145757
v -0.271014 0.307080 0.266928
v -0.336962 0.307080 -0.139619
v -0.351978 0.307080 -0.145821
v 0.259001 0.307080 0.256126
v 0.139544 0.307080 0.336888
v 0.145776 0.307080 0.351933
v 0.270559 0.307080 0.267571
v -0.364362 0.307080 -0.001875
v -0.380599 0.307080 -0.001934
v 0.336920 0.307080 -0.139619
v 0.351953 0.307080 -0.145821
v 0.364276 0.307080 -0.002091
v 0.336920 0.307080 0.139512
v 0.351953 0.307080 0.145757
v 0.380529 0.307080 -0.002161
v -0.258824 0.232939 -0.256562
v -0.270355 0.232939 -0.267979
v -0.145802 0.232939 -0.351998
v -0.139587 0.232939 -0.336995
v 0.139544 0.232939 -0.336995
v 0.145776 0.232939 -0.351998
v 0.267518 0.232939 -0.270653
v 0.256089 0.232939 -0.259122
v -0.001956 0.232939 -0.380610
v -0.001882 0.232939 -0.364386
v 0.001921 0.232939 0.364262
v 0.002017 0.232939 0.380529
v -0.145802 0.232939 0.351933
v -0.139587 0.232939 0.336888
v -0.259454 0.232939 0.255511
v -0.271014 0.232939 0.266928
v -0.351978 0.232939 0.145757
v -0.336962 0.232939 0.139512
v -0.336962 0.232939 -0.139619
v -0.351978 0.232939 -0.145821
v 0.259001 0.232939 0.256126
v 0.270559 0.232939 0.267571
v 0.145776 0.232939 0.351933
v 0.139544 0.232939 0.336888
v -0.380599 0.232939 -0.001934
v -0.364362 0.232939 -0.001875
v 0.351953 0.232939 -0.145821
v 0.336920 0.232939 -0.139619
v 0.364276 0.232939 -0.002091
v 0.380529 0.232939 -0.002161
v 0.351953 0.232939 0.145757
v 0.336920 0.232939 0.139512
v -0.153334 0.239149 0.356436
v -0.153334 0.300869 0.356436
v -0.149639 0.301575 0.349329
v -0.149639 0.238443 0.349329
v -0.102441 0.797781 0.329592
v -0.096786 0.797781 0.331353
v -0.095206 0.798482 0.327098
v -0.101327 0.798482 0.325192
v -0.096173 0.787540 0.337600
v -0.090715 0.790156 0.336620
v -0.093815 0.793588 0.335216
v -0.097272 0.789638 0.336813
v -0.098044 0.795377 0.333694
v -0.099681 0.790041 0.336199
v -0.091640 0.795530 0.333233
v -0.095310 0.784795 0.338221
v -0.089094 0.785673 0.337678
v -0.087787 0.791370 0.334946
v -0.085465 0.791543 0.330987
v -0.089636 0.796045 0.329132
v -0.095288 0.781873 0.338575
v -0.089257 0.780823 0.338226
v -0.085814 0.785936 0.336231
v -0.083329 0.785661 0.332378
v -0.095674 0.779407 0.338573
v -0.091125 0.776365 0.338179
v -0.086020 0.780054 0.336893
v -0.083552 0.779294 0.333094
v -0.088374 0.774619 0.336831
v -0.086101 0.773412 0.333027
v -0.097820 0.778131 0.338248
v -0.094551 0.773009 0.337543
v -0.092519 0.770460 0.336054
v -0.090587 0.768910 0.332186
v -0.100477 0.777125 0.337559
v -0.098923 0.771159 0.336410
v -0.097822 0.768209 0.334680
v -0.096327 0.766474 0.330699
v -0.103583 0.771153 0.334959
v -0.103477 0.768209 0.332920
v -0.107803 0.772939 0.333409
v -0.108623 0.770460 0.331040
v -0.102448 0.766474 0.328794
v -0.103266 0.777012 0.336691
v -0.110913 0.776375 0.332033
v -0.112476 0.774619 0.329327
v -0.108018 0.768910 0.326759
v -0.105570 0.777374 0.335743
v -0.114450 0.780054 0.328041
v -0.114325 0.779294 0.323513
v -0.112188 0.773412 0.324905
v -0.106773 0.779514 0.335290
v -0.114244 0.785936 0.327379
v -0.114102 0.785661 0.322797
v -0.107644 0.782261 0.334693
v -0.112534 0.780858 0.330975
v -0.111889 0.791370 0.327442
v -0.111553 0.791543 0.322864
v -0.107659 0.785180 0.334315
v -0.112370 0.785707 0.330427
v -0.105126 0.788923 0.334641
v -0.107077 0.793522 0.331111
v -0.110493 0.790162 0.330446
v -0.107168 0.787606 0.333983
v -0.102477 0.789931 0.335355
v -0.102705 0.795372 0.332243
v -0.107745 0.795530 0.328219
v -0.107067 0.796045 0.323705
v -0.104927 0.786004 0.335593
v -0.104653 0.782970 0.336094
v -0.103989 0.780002 0.336626
v -0.102135 0.786806 0.336404
v -0.101644 0.783595 0.336995
v -0.101131 0.780374 0.337511
v -0.099253 0.787169 0.337216
v -0.098613 0.784210 0.337821
v -0.098316 0.781167 0.338248
v -0.112166 0.633176 0.360826
v -0.106511 0.633176 0.362587
v -0.104981 0.634595 0.358495
v -0.111102 0.634595 0.356590
v -0.105387 0.622140 0.367194
v -0.100063 0.625133 0.366647
v -0.103329 0.628588 0.365773
v -0.106588 0.624280 0.366734
v -0.107645 0.630385 0.364528
v -0.109015 0.624657 0.366180
v -0.101257 0.630912 0.364119
v -0.104392 0.619377 0.367391
v -0.098227 0.620623 0.367012
v -0.097203 0.626728 0.365189
v -0.094907 0.627615 0.361312
v -0.099294 0.632144 0.360154
v -0.104229 0.616440 0.367293
v -0.098156 0.615744 0.366810
v -0.094968 0.621261 0.365634
v -0.092488 0.621698 0.361794
v -0.104497 0.613987 0.366913
v -0.099810 0.611262 0.366074
v -0.094891 0.615344 0.365387
v -0.092404 0.615293 0.361526
v -0.096984 0.609877 0.364485
v -0.094670 0.609376 0.360549
v -0.106581 0.612675 0.366388
v -0.103074 0.607883 0.364919
v -0.100928 0.605693 0.363065
v -0.098939 0.604847 0.359012
v -0.109190 0.611662 0.365543
v -0.107357 0.606023 0.363500
v -0.106124 0.603428 0.361343
v -0.104562 0.602396 0.357149
v -0.112017 0.606017 0.362049
v -0.111779 0.603428 0.359583
v -0.116323 0.607816 0.360775
v -0.117033 0.605693 0.358051
v -0.110683 0.602396 0.355243
v -0.111973 0.611550 0.364658
v -0.119598 0.611270 0.359929
v -0.121086 0.609877 0.356981
v -0.116370 0.604847 0.353585
v -0.114296 0.611942 0.363768
v -0.123321 0.615344 0.356535
v -0.123177 0.615293 0.351945
v -0.120757 0.609376 0.352427
v -0.115601 0.614066 0.363644
v -0.123398 0.621261 0.356783
v -0.123260 0.621698 0.352213
v -0.116604 0.616829 0.363472
v -0.121435 0.615779 0.359564
v -0.121305 0.626728 0.357685
v -0.120995 0.627615 0.353190
v -0.116759 0.619767 0.363545
v -0.121505 0.620658 0.359766
v -0.114407 0.623532 0.364450
v -0.116587 0.628519 0.361658
v -0.119842 0.625141 0.360474
v -0.116386 0.622235 0.363590
v -0.111806 0.624544 0.365320
v -0.112304 0.630380 0.363077
v -0.117361 0.630912 0.359105
v -0.116725 0.632144 0.354726
v -0.114065 0.620514 0.364944
v -0.113645 0.617456 0.364975
v -0.112839 0.614477 0.365049
v -0.111312 0.621315 0.365879
v -0.110666 0.618078 0.365972
v -0.109998 0.614845 0.365991
v -0.108448 0.621686 0.366747
v -0.107664 0.618704 0.366895
v -0.107221 0.615649 0.366852
v -0.112166 0.284127 0.360826
v -0.106511 0.284127 0.362587
v -0.104981 0.285546 0.358495
v -0.111102 0.285546 0.356590
v -0.105387 0.273091 0.367194
v -0.100063 0.276083 0.366647
v -0.103329 0.279539 0.365773
v -0.106588 0.275231 0.366734
v -0.107645 0.281336 0.364528
v -0.109015 0.275608 0.366180
v -0.101257 0.281863 0.364119
v -0.104392 0.270328 0.367391
v -0.098227 0.271574 0.367012
v -0.097203 0.277678 0.365189
v -0.094907 0.278566 0.361312
v -0.099294 0.283095 0.360154
v -0.104229 0.267391 0.367293
v -0.098156 0.266695 0.366810
v -0.094968 0.272212 0.365634
v -0.092488 0.272649 0.361794
v -0.104497 0.264938 0.366913
v -0.099810 0.262213 0.366074
v -0.094891 0.266295 0.365387
v -0.092404 0.266244 0.361526
v -0.096984 0.260828 0.364485
v -0.094670 0.260327 0.360549
v -0.106581 0.263626 0.366388
v -0.103074 0.258834 0.364919
v -0.100928 0.256644 0.363065
v -0.098939 0.255798 0.359012
v -0.109190 0.262613 0.365543
v -0.107357 0.256973 0.363500
v -0.106124 0.254379 0.361343
v -0.104562 0.253347 0.357149
v -0.112017 0.256968 0.362049
v -0.111779 0.254379 0.359583
v -0.116323 0.258767 0.360775
v -0.117033 0.256644 0.358051
v -0.110683 0.253347 0.355243
v -0.111973 0.262501 0.364658
v -0.119598 0.262221 0.359929
v -0.121086 0.260828 0.356981
v -0.116370 0.255798 0.353585
v -0.114296 0.262893 0.363768
v -0.123321 0.266295 0.356535
v -0.123177 0.266244 0.351945
v -0.120757 0.260327 0.352427
v -0.115601 0.265017 0.363644
v -0.123398 0.272212 0.356783
v -0.123260 0.272649 0.352213
v -0.116604 0.267779 0.363472
v -0.121435 0.266730 0.359564
v -0.121305 0.277678 0.357685
v -0.120995 0.278566 0.353190
v -0.116759 0.270718 0.363545
v -0.121505 0.271609 0.359766
v -0.114407 0.274483 0.364450
v -0.116587 0.279470 0.361658
v -0.119842 0.276092 0.360474
v -0.116386 0.273186 0.363590
v -0.111806 0.275495 0.365320
v -0.112304 0.281331 0.363077
v -0.117361 0.281862 0.359105
v -0.116725 0.283095 0.354727
v -0.114065 0.271465 0.364944
v -0.113645 0.268407 0.364976
v -0.112839 0.265427 0.365049
v -0.111312 0.272265 0.365879
v -0.110666 0.269029 0.365972
v -0.109998 0.265796 0.365991
v -0.108448 0.272637 0.366747
v -0.107664 0.269655 0.366895
v -0.107221 0.266600 0.366852
v -0.102441 0.080747 0.329592
v -0.101327 0.080046 0.325192
v -0.095206 0.080046 0.327098
v -0.096786 0.080747 0.331353
v -0.096173 0.090988 0.337600
v -0.097272 0.088889 0.336813
v -0.093815 0.084940 0.335216
v -0.090714 0.088372 0.336620
v -0.099681 0.088486 0.336199
v -0.098044 0.083150 0.333694
v -0.091640 0.082998 0.333233
v -0.095310 0.093733 0.338221
v -0.089093 0.092855 0.337678
v -0.087787 0.087157 0.334946
v -0.089636 0.082482 0.329133
v -0.085465 0.086984 0.330987
v -0.095288 0.096655 0.338575
v -0.089257 0.097704 0.338226
v -0.085814 0.092592 0.336231
v -0.083329 0.092867 0.332378
v -0.095674 0.099121 0.338573
v -0.091125 0.102163 0.338179
v -0.086020 0.098474 0.336893
v -0.083552 0.099233 0.333094
v -0.088374 0.103908 0.336831
v -0.086101 0.105115 0.333027
v -0.097820 0.100397 0.338248
v -0.094550 0.105519 0.337543
v -0.092519 0.108067 0.336054
v -0.090587 0.109617 0.332186
v -0.100477 0.101402 0.337559
v -0.098923 0.107369 0.336410
v -0.097822 0.110318 0.334680
v -0.096327 0.112054 0.330699
v -0.103583 0.107374 0.334959
v -0.103477 0.110318 0.332920
v -0.107803 0.105588 0.333409
v -0.108623 0.108067 0.331040
v -0.102448 0.112054 0.328794
v -0.103266 0.101515 0.336691
v -0.110913 0.102153 0.332033
v -0.112476 0.103908 0.329327
v -0.108018 0.109617 0.326759
v -0.105570 0.101154 0.335743
v -0.114450 0.098474 0.328041
v -0.112188 0.105115 0.324905
v -0.114325 0.099233 0.323513
v -0.106773 0.099014 0.335290
v -0.114244 0.092592 0.327380
v -0.114102 0.092867 0.322797
v -0.107644 0.096266 0.334693
v -0.112534 0.097670 0.330975
v -0.111889 0.087157 0.327442
v -0.111553 0.086984 0.322864
v -0.107659 0.093347 0.334315
v -0.112370 0.092820 0.330427
v -0.105126 0.089605 0.334641
v -0.107168 0.090922 0.333983
v -0.110493 0.088366 0.330446
v -0.107077 0.085006 0.331111
v -0.102477 0.088596 0.335355
v -0.102705 0.083156 0.332244
v -0.107745 0.082998 0.328219
v -0.107067 0.082482 0.323705
v -0.104927 0.092524 0.335593
v -0.104653 0.095558 0.336094
v -0.103989 0.098526 0.336626
v -0.102135 0.091722 0.336404
v -0.101644 0.094933 0.336995
v -0.101130 0.098153 0.337511
v -0.099253 0.091359 0.337216
v -0.098613 0.094317 0.337822
v -0.098316 0.097360 0.338248
v -0.175691 0.797652 0.301557
v -0.170971 0.797652 0.305135
v -0.168038 0.798353 0.301670
v -0.173147 0.798353 0.297798
v -0.172517 0.787411 0.311218
v -0.167050 0.790027 0.312152
v -0.169489 0.793459 0.309777
v -0.173283 0.789510 0.310105
v -0.172950 0.795248 0.306909
v -0.175340 0.789913 0.308709
v -0.166770 0.795401 0.308652
v -0.171916 0.784666 0.312096
v -0.165886 0.785544 0.313698
v -0.163728 0.791242 0.311572
v -0.160199 0.791414 0.308638
v -0.163492 0.795916 0.305477
v -0.172016 0.781744 0.312436
v -0.166225 0.780694 0.314158
v -0.162309 0.785807 0.313452
v -0.158663 0.785532 0.310672
v -0.172378 0.779278 0.312304
v -0.167966 0.776236 0.313479
v -0.162728 0.779925 0.314004
v -0.159116 0.779165 0.311270
v -0.164921 0.774491 0.313145
v -0.161490 0.773283 0.310341
v -0.174286 0.778002 0.311269
v -0.170972 0.772880 0.311716
v -0.168555 0.770331 0.311006
v -0.165423 0.768781 0.308025
v -0.176551 0.776996 0.309717
v -0.174698 0.771030 0.309165
v -0.173076 0.768080 0.307912
v -0.170317 0.766345 0.304676
v -0.178588 0.771025 0.306217
v -0.177796 0.768080 0.304335
v -0.182031 0.772810 0.303325
v -0.181997 0.770331 0.300818
v -0.175426 0.766345 0.300804
v -0.178879 0.776883 0.307953
v -0.184488 0.776246 0.300974
v -0.185038 0.774491 0.297897
v -0.179973 0.768781 0.296997
v -0.180724 0.777245 0.306279
v -0.186458 0.779925 0.296018
v -0.184801 0.779166 0.291802
v -0.183265 0.773283 0.293836
v -0.181702 0.779385 0.305444
v -0.186039 0.785807 0.295465
v -0.184348 0.785532 0.291204
v -0.182318 0.782133 0.304587
v -0.185653 0.780729 0.299428
v -0.183846 0.791242 0.296324
v -0.181974 0.791414 0.292133
v -0.182203 0.785052 0.304226
v -0.185313 0.785579 0.298968
v -0.179932 0.788794 0.305394
v -0.180566 0.793393 0.301410
v -0.183554 0.790033 0.299624
v -0.181629 0.787477 0.304080
v -0.177683 0.789802 0.306965
v -0.176840 0.795243 0.303961
v -0.180212 0.795401 0.298463
v -0.178041 0.795916 0.294449
v -0.180068 0.785875 0.306356
v -0.179981 0.782841 0.306921
v -0.179537 0.779873 0.307646
v -0.177718 0.786677 0.308068
v -0.177457 0.783466 0.308790
v -0.177149 0.780246 0.309450
v -0.175283 0.787040 0.309810
v -0.174887 0.784082 0.310598
v -0.174753 0.781038 0.311100
v -0.195451 0.633047 0.327628
v -0.190731 0.633047 0.331206
v -0.187902 0.634466 0.327877
v -0.193011 0.634466 0.324005
v -0.191240 0.622012 0.335921
v -0.186047 0.625004 0.337215
v -0.188822 0.628459 0.335283
v -0.192213 0.624151 0.335080
v -0.192457 0.630256 0.332645
v -0.194307 0.624528 0.333734
v -0.186310 0.630783 0.334432
v -0.190371 0.619248 0.336444
v -0.184444 0.620494 0.338183
v -0.182862 0.626599 0.336816
v -0.179384 0.627486 0.333950
v -0.183117 0.632015 0.331369
v -0.190184 0.616311 0.336407
v -0.184309 0.615616 0.338017
v -0.180911 0.621132 0.337994
v -0.177273 0.621569 0.335225
v -0.190307 0.613858 0.335958
v -0.185614 0.611133 0.336762
v -0.180754 0.615215 0.337788
v -0.177103 0.615164 0.335001
v -0.182416 0.609748 0.336228
v -0.178902 0.609247 0.333313
v -0.192089 0.612546 0.334757
v -0.188291 0.607755 0.334566
v -0.185643 0.605564 0.333552
v -0.182395 0.604718 0.330417
v -0.194255 0.611533 0.333076
v -0.191837 0.605894 0.331776
v -0.189944 0.603300 0.330167
v -0.187050 0.602267 0.326753
v -0.195726 0.605888 0.328828
v -0.194664 0.603300 0.326590
v -0.199344 0.607687 0.326167
v -0.199085 0.605564 0.323363
v -0.192159 0.602267 0.322881
v -0.196572 0.611421 0.331297
v -0.202136 0.611141 0.324258
v -0.202533 0.609748 0.320980
v -0.196944 0.604718 0.319389
v -0.198454 0.611813 0.329671
v -0.204484 0.615215 0.319801
v -0.202789 0.615164 0.315533
v -0.200677 0.609247 0.316809
v -0.199640 0.613938 0.329110
v -0.204641 0.621132 0.320008
v -0.202958 0.621569 0.315757
v -0.200524 0.616700 0.328608
v -0.203740 0.615651 0.323291
v -0.202979 0.626599 0.321568
v -0.201159 0.627486 0.317445
v -0.200695 0.619638 0.328624
v -0.203874 0.620529 0.323457
v -0.198790 0.623403 0.330274
v -0.199892 0.628390 0.326907
v -0.202551 0.625013 0.324688
v -0.200360 0.622106 0.328792
v -0.196640 0.624415 0.331976
v -0.196346 0.630251 0.329697
v -0.199752 0.630783 0.324244
v -0.197666 0.632015 0.320342
v -0.198637 0.620385 0.330855
v -0.198252 0.617327 0.331027
v -0.197519 0.614348 0.331371
v -0.196365 0.621186 0.332670
v -0.195790 0.617949 0.332977
v -0.195167 0.614716 0.333222
v -0.193966 0.621558 0.334459
v -0.193280 0.618575 0.334865
v -0.192849 0.615520 0.334975
v -0.195451 0.283998 0.327628
v -0.190731 0.283998 0.331206
v -0.187902 0.285417 0.327877
v -0.193011 0.285417 0.324005
v -0.191240 0.272963 0.335921
v -0.186047 0.275955 0.337215
v -0.188822 0.279410 0.335283
v -0.192213 0.275102 0.335080
v -0.192457 0.281207 0.332646
v -0.194307 0.275479 0.333734
v -0.186310 0.281734 0.334432
v -0.190371 0.270199 0.336444
v -0.184444 0.271445 0.338183
v -0.182862 0.277550 0.336816
v -0.179384 0.278437 0.333950
v -0.183117 0.282966 0.331369
v -0.190184 0.267262 0.336407
v -0.184309 0.266567 0.338017
v -0.180911 0.272083 0.337994
v -0.177273 0.272520 0.335225
v -0.190307 0.264809 0.335958
v -0.185614 0.262084 0.336762
v -0.180754 0.266166 0.337788
v -0.177103 0.266115 0.335001
v -0.182416 0.260699 0.336228
v -0.178902 0.260198 0.333313
v -0.192089 0.263497 0.334757
v -0.188291 0.258706 0.334566
v -0.185643 0.256515 0.333552
v -0.182395 0.255669 0.330417
v -0.194255 0.262484 0.333076
v -0.191837 0.256845 0.331776
v -0.189944 0.254251 0.330167
v -0.187050 0.253218 0.326753
v -0.195726 0.256839 0.328828
v -0.194664 0.254251 0.326590
v -0.199344 0.258638 0.326167
v -0.199085 0.256515 0.323363
v -0.192159 0.253218 0.322881
v -0.196572 0.262372 0.331297
v -0.202136 0.262092 0.324259
v -0.202533 0.260699 0.320980
v -0.196944 0.255670 0.319389
v -0.198454 0.262764 0.329671
v -0.204484 0.266166 0.319801
v -0.202789 0.266115 0.315533
v -0.200677 0.260198 0.316809
v -0.199640 0.264888 0.329110
v -0.204641 0.272083 0.320008
v -0.202958 0.272520 0.315757
v -0.200524 0.267651 0.328608
v -0.203740 0.266601 0.323291
v -0.202979 0.277550 0.321568
v -0.201159 0.278437 0.317445
v -0.200695 0.270589 0.328624
v -0.203874 0.271480 0.323457
v -0.198790 0.274354 0.330274
v -0.199892 0.279341 0.326907
v -0.202551 0.275964 0.324688
v -0.200360 0.273057 0.328792
v -0.196640 0.275366 0.331976
v -0.196346 0.281202 0.329697
v -0.199752 0.281734 0.324244
v -0.197666 0.282966 0.320342
v -0.198637 0.271336 0.330855
v -0.198252 0.268278 0.331027
v -0.197519 0.265299 0.331371
v -0.196365 0.272137 0.332670
v -0.195790 0.268900 0.332977
v -0.195167 0.265667 0.333222
v -0.193966 0.272508 0.334459
v -0.193280 0.269526 0.334865
v -0.192849 0.266471 0.334975
v -0.175691 0.080618 0.301557
v -0.173147 0.079917 0.297798
v -0.168038 0.079917 0.301670
v -0.170971 0.080618 0.305135
v -0.172517 0.090859 0.311219
v -0.173283 0.088760 0.310105
v -0.169489 0.084811 0.309777
v -0.167050 0.088243 0.312152
v -0.175340 0.088357 0.308709
v -0.172950 0.083022 0.306909
v -0.166770 0.082869 0.308652
v -0.171916 0.093604 0.312096
v -0.165886 0.092726 0.313698
v -0.163728 0.087028 0.311572
v -0.163492 0.082354 0.305477
v -0.160199 0.086856 0.308638
v -0.172016 0.096526 0.312436
v -0.166225 0.097576 0.314158
v -0.162309 0.092463 0.313452
v -0.158663 0.092738 0.310672
v -0.172378 0.098992 0.312304
v -0.167966 0.102034 0.313479
v -0.162728 0.098345 0.314004
v -0.159116 0.099105 0.311270
v -0.164921 0.103779 0.313145
v -0.161490 0.104987 0.310341
v -0.174286 0.100268 0.311269
v -0.170972 0.105390 0.311716
v -0.168555 0.107939 0.311006
v -0.165423 0.109489 0.308025
v -0.176551 0.101273 0.309717
v -0.174698 0.107240 0.309165
v -0.173076 0.110190 0.307912
v -0.170317 0.111925 0.304676
v -0.178588 0.107245 0.306217
v -0.177796 0.110190 0.304335
v -0.182031 0.105460 0.303325
v -0.181997 0.107939 0.300818
v -0.175426 0.111925 0.300804
v -0.178879 0.101387 0.307953
v -0.184488 0.102024 0.300974
v -0.185038 0.103779 0.297897
v -0.179973 0.109489 0.296997
v -0.180724 0.101025 0.306279
v -0.186458 0.098345 0.296018
v -0.183265 0.104987 0.293836
v -0.184801 0.099105 0.291802
v -0.181702 0.098885 0.305444
v -0.186039 0.092463 0.295465
v -0.184348 0.092738 0.291204
v -0.182318 0.096137 0.304587
v -0.185653 0.097541 0.299428
v -0.183846 0.087028 0.296324
v -0.181974 0.086856 0.292133
v -0.182203 0.093218 0.304226
v -0.185313 0.092691 0.298968
v -0.179932 0.089476 0.305394
v -0.181629 0.090793 0.304080
v -0.183554 0.088237 0.299624
v -0.180566 0.084877 0.301410
v -0.177683 0.088468 0.306965
v -0.176840 0.083027 0.303961
v -0.180212 0.082869 0.298463
v -0.178041 0.082354 0.294449
v -0.180068 0.092395 0.306356
v -0.179981 0.095429 0.306921
v -0.179537 0.098397 0.307646
v -0.177718 0.091593 0.308068
v -0.177457 0.094804 0.308790
v -0.177149 0.098024 0.309450
v -0.175283 0.091230 0.309810
v -0.174887 0.094188 0.310598
v -0.174753 0.097232 0.311100
v -0.337728 0.797781 0.071266
v -0.336498 0.797781 0.077060
v -0.332014 0.798482 0.076358
v -0.333345 0.798482 0.070087
v -0.341648 0.787540 0.080650
v -0.338124 0.790156 0.084932
v -0.338415 0.793588 0.081540
v -0.341499 0.789638 0.079306
v -0.339156 0.795377 0.077107
v -0.342141 0.790041 0.076905
v -0.335622 0.795530 0.082468
v -0.341767 0.784795 0.081706
v -0.338254 0.785673 0.086863
v -0.335232 0.791370 0.086667
v -0.330643 0.791543 0.086756
v -0.331065 0.796045 0.082211
v -0.342065 0.781873 0.081899
v -0.338812 0.780823 0.086989
v -0.335388 0.785936 0.089017
v -0.330812 0.785661 0.089300
v -0.342253 0.779407 0.081561
v -0.339685 0.776365 0.085336
v -0.336066 0.780054 0.089161
v -0.331546 0.779294 0.089455
v -0.337163 0.774619 0.087076
v -0.332733 0.773412 0.087199
v -0.343019 0.778131 0.079530
v -0.340804 0.773009 0.082037
v -0.338512 0.770460 0.083081
v -0.334194 0.768910 0.082875
v -0.343717 0.777125 0.076876
v -0.341954 0.771159 0.077669
v -0.339908 0.768209 0.077784
v -0.335704 0.766474 0.077141
v -0.342968 0.771153 0.072895
v -0.341137 0.768209 0.071990
v -0.343680 0.772939 0.068456
v -0.342014 0.770460 0.066582
v -0.337035 0.766474 0.070870
v -0.344323 0.777012 0.074019
v -0.344000 0.776375 0.065070
v -0.342404 0.774619 0.062383
v -0.337984 0.768910 0.065016
v -0.344623 0.777374 0.071545
v -0.342248 0.780054 0.060033
v -0.338237 0.779294 0.057928
v -0.338406 0.773412 0.060472
v -0.344817 0.779514 0.070274
v -0.341569 0.785936 0.059889
v -0.337503 0.785661 0.057772
v -0.344722 0.782261 0.069223
v -0.343869 0.780858 0.063139
v -0.340472 0.791370 0.061974
v -0.336315 0.791543 0.060028
v -0.344399 0.785181 0.069025
v -0.343312 0.785707 0.063014
v -0.343445 0.788923 0.071394
v -0.341319 0.793522 0.067965
v -0.342410 0.790162 0.064660
v -0.343869 0.787606 0.069290
v -0.342773 0.789931 0.074053
v -0.340170 0.795372 0.072333
v -0.339123 0.795530 0.065969
v -0.334855 0.796045 0.064353
v -0.344178 0.786004 0.072033
v -0.344481 0.782970 0.072517
v -0.344620 0.780002 0.073356
v -0.343521 0.786806 0.074865
v -0.343796 0.783595 0.075581
v -0.343995 0.780374 0.076282
v -0.342819 0.787169 0.077775
v -0.343034 0.784210 0.078630
v -0.343261 0.781167 0.079098
v -0.369729 0.633176 0.078058
v -0.368499 0.633176 0.083851
v -0.364182 0.634595 0.083185
v -0.365513 0.634595 0.076913
v -0.371968 0.622140 0.087085
v -0.368888 0.625133 0.091461
v -0.369722 0.628588 0.088185
v -0.372154 0.624280 0.085812
v -0.370746 0.630385 0.083811
v -0.372858 0.624657 0.083424
v -0.367266 0.630912 0.089184
v -0.371653 0.619377 0.088049
v -0.368308 0.620623 0.093241
v -0.366217 0.626728 0.093242
v -0.361712 0.627615 0.093349
v -0.362847 0.632144 0.088956
v -0.371488 0.616440 0.088143
v -0.368097 0.615744 0.093204
v -0.365513 0.621261 0.095410
v -0.360949 0.621698 0.095695
v -0.371288 0.613987 0.087723
v -0.368264 0.611262 0.091401
v -0.365259 0.615344 0.095356
v -0.360675 0.615293 0.095637
v -0.365495 0.609877 0.093089
v -0.360931 0.609376 0.093184
v -0.371849 0.612675 0.085648
v -0.368852 0.607883 0.087989
v -0.366186 0.605693 0.088954
v -0.361678 0.604847 0.088708
v -0.372388 0.611662 0.082960
v -0.369709 0.606023 0.083560
v -0.367225 0.603428 0.083581
v -0.362802 0.602396 0.082892
v -0.370722 0.606017 0.078785
v -0.368454 0.603428 0.077787
v -0.371717 0.607816 0.074406
v -0.369687 0.605693 0.072455
v -0.364133 0.602396 0.076621
v -0.372976 0.611550 0.080099
v -0.372580 0.611270 0.071136
v -0.370736 0.609877 0.068396
v -0.365468 0.604847 0.070849
v -0.373336 0.611942 0.077638
v -0.371441 0.615344 0.066229
v -0.367366 0.615293 0.064110
v -0.366603 0.609376 0.066456
v -0.373866 0.614066 0.076439
v -0.371694 0.621261 0.066282
v -0.367640 0.621698 0.064168
v -0.374207 0.616829 0.075480
v -0.373160 0.615779 0.069355
v -0.371458 0.626728 0.068549
v -0.367384 0.627615 0.066622
v -0.374346 0.619767 0.075380
v -0.373371 0.620658 0.069393
v -0.373985 0.623532 0.077875
v -0.372616 0.628519 0.074607
v -0.373175 0.625141 0.071189
v -0.374203 0.622235 0.075727
v -0.373472 0.624544 0.080568
v -0.371759 0.630380 0.079037
v -0.370768 0.630912 0.072684
v -0.366637 0.632144 0.071097
v -0.374249 0.620514 0.078415
v -0.374071 0.617456 0.078796
v -0.373741 0.614477 0.079536
v -0.373718 0.621315 0.081273
v -0.373484 0.618078 0.081882
v -0.373174 0.614845 0.082474
v -0.373074 0.621686 0.084196
v -0.372821 0.618704 0.084951
v -0.372566 0.615649 0.085317
v -0.369729 0.284127 0.078058
v -0.368499 0.284127 0.083851
v -0.364182 0.285546 0.083185
v -0.365513 0.285546 0.076914
v -0.371968 0.273091 0.087085
v -0.368888 0.276083 0.091461
v -0.369722 0.279539 0.088185
v -0.372154 0.275231 0.085812
v -0.370746 0.281336 0.083811
v -0.372858 0.275608 0.083424
v -0.367266 0.281863 0.089184
v -0.371653 0.270328 0.088049
v -0.368308 0.271574 0.093242
v -0.366217 0.277679 0.093242
v -0.361712 0.278566 0.093349
v -0.362847 0.283095 0.088956
v -0.371488 0.267391 0.088143
v -0.368097 0.266695 0.093204
v -0.365513 0.272212 0.095410
v -0.360949 0.272649 0.095696
v -0.371288 0.264938 0.087723
v -0.368264 0.262213 0.091401
v -0.365259 0.266295 0.095356
v -0.360675 0.266244 0.095637
v -0.365495 0.260828 0.093089
v -0.360931 0.260327 0.093184
v -0.371849 0.263626 0.085649
v -0.368852 0.258834 0.087989
v -0.366186 0.256644 0.088954
v -0.361678 0.255798 0.088708
v -0.372388 0.262613 0.082960
v -0.369709 0.256973 0.083560
v -0.367225 0.254379 0.083581
v -0.362802 0.253347 0.082892
v -0.370722 0.256968 0.078785
v -0.368454 0.254379 0.077787
v -0.371717 0.258767 0.074406
v -0.369687 0.256644 0.072455
v -0.364133 0.253347 0.076621
v -0.372976 0.262501 0.080099
v -0.372580 0.262221 0.071136
v -0.370736 0.260828 0.068396
v -0.365468 0.255798 0.070849
v -0.373336 0.262893 0.077638
v -0.371441 0.266295 0.066229
v -0.367366 0.266244 0.064110
v -0.366603 0.260327 0.066456
v -0.373866 0.265017 0.076439
v -0.371694 0.272212 0.066282
v -0.367640 0.272649 0.064168
v -0.374207 0.267779 0.075480
v -0.373160 0.266730 0.069355
v -0.371458 0.277678 0.068549
v -0.367384 0.278566 0.066622
v -0.374346 0.270718 0.075380
v -0.373371 0.271609 0.069393
v -0.373985 0.274483 0.077875
v -0.372616 0.279470 0.074607
v -0.373175 0.276092 0.071189
v -0.374203 0.273186 0.075727
v -0.373472 0.275495 0.080568
v -0.371759 0.281331 0.079037
v -0.370768 0.281863 0.072684
v -0.366637 0.283095 0.071097
v -0.374249 0.271465 0.078415
v -0.374071 0.268407 0.078796
v -0.373741 0.265427 0.079536
v -0.373718 0.272266 0.081273
v -0.373484 0.269029 0.081882
v -0.373174 0.265796 0.082474
v -0.373074 0.272637 0.084196
v -0.372821 0.269655 0.084952
v -0.372566 0.266600 0.085317
v -0.337728 0.080747 0.071266
v -0.333345 0.080046 0.070087
v -0.332014 0.080046 0.076358
v -0.336498 0.080747 0.077060
v -0.341648 0.090988 0.080650
v -0.341499 0.088889 0.079306
v -0.338415 0.084940 0.081541
v -0.338124 0.088372 0.084932
v -0.342141 0.088486 0.076905
v -0.339156 0.083150 0.077107
v -0.335622 0.082998 0.082468
v -0.341767 0.093733 0.081707
v -0.338254 0.092855 0.086864
v -0.335232 0.087157 0.086667
v -0.331065 0.082482 0.082211
v -0.330643 0.086984 0.086756
v -0.342065 0.096655 0.081899
v -0.338812 0.097704 0.086989
v -0.335388 0.092592 0.089017
v -0.330812 0.092867 0.089300
v -0.342253 0.099121 0.081561
v -0.339685 0.102163 0.085336
v -0.336066 0.098474 0.089161
v -0.331546 0.099233 0.089456
v -0.337163 0.103908 0.087077
v -0.332733 0.105116 0.087200
v -0.343019 0.100397 0.079530
v -0.340804 0.105519 0.082037
v -0.338512 0.108067 0.083081
v -0.334194 0.109617 0.082875
v -0.343717 0.101402 0.076876
v -0.341954 0.107369 0.077670
v -0.339908 0.110319 0.077784
v -0.335704 0.112054 0.077141
v -0.342968 0.107374 0.072895
v -0.341137 0.110318 0.071990
v -0.343680 0.105588 0.068456
v -0.342014 0.108067 0.066582
v -0.337035 0.112054 0.070870
v -0.344323 0.101516 0.074019
v -0.344000 0.102153 0.065070
v -0.342404 0.103908 0.062384
v -0.337984 0.109617 0.065017
v -0.344623 0.101154 0.071545
v -0.342248 0.098474 0.060033
v -0.338406 0.105115 0.060472
v -0.338237 0.099233 0.057928
v -0.344817 0.099014 0.070274
v -0.341569 0.092592 0.059889
v -0.337503 0.092867 0.057772
v -0.344722 0.096266 0.069223
v -0.343869 0.097670 0.063139
v -0.340472 0.087157 0.061974
v -0.336315 0.086984 0.060028
v -0.344399 0.093347 0.069025
v -0.343312 0.092820 0.063014
v -0.343445 0.089605 0.071394
v -0.343869 0.090922 0.069290
v -0.342410 0.088366 0.064660
v -0.341319 0.085006 0.067966
v -0.342773 0.088596 0.074053
v -0.340170 0.083156 0.072333
v -0.339123 0.082998 0.065969
v -0.334855 0.082483 0.064353
v -0.344178 0.092524 0.072033
v -0.344481 0.095558 0.072517
v -0.344620 0.098526 0.073356
v -0.343521 0.091722 0.074865
v -0.343796 0.094933 0.075582
v -0.343995 0.098153 0.076282
v -0.342819 0.091359 0.077775
v -0.343034 0.094317 0.078630
v -0.343261 0.097360 0.079098
v -0.290469 0.797781 -0.187101
v -0.293667 0.797781 -0.182116
v -0.289984 0.798482 -0.179463
v -0.286522 0.798482 -0.184859
v -0.299853 0.787540 -0.183182
v -0.300357 0.790156 -0.177660
v -0.298180 0.793588 -0.180277
v -0.298803 0.789638 -0.184033
v -0.295590 0.795377 -0.183951
v -0.297572 0.790041 -0.186193
v -0.296845 0.795530 -0.177654
v -0.300681 0.784795 -0.182515
v -0.301807 0.785673 -0.176378
v -0.299519 0.791370 -0.174393
v -0.296318 0.791543 -0.171104
v -0.293424 0.796045 -0.174633
v -0.301028 0.781873 -0.182588
v -0.302292 0.780823 -0.176680
v -0.301282 0.785936 -0.172831
v -0.298226 0.785661 -0.169414
v -0.300924 0.779406 -0.182960
v -0.301751 0.776365 -0.178469
v -0.301866 0.780054 -0.173206
v -0.298858 0.779294 -0.169819
v -0.301181 0.774619 -0.175459
v -0.298117 0.773412 -0.172258
v -0.300041 0.778131 -0.184943
v -0.300228 0.773009 -0.181603
v -0.299332 0.770460 -0.179249
v -0.296115 0.768910 -0.176360
v -0.298672 0.777125 -0.187321
v -0.297976 0.771159 -0.185518
v -0.296601 0.768209 -0.183998
v -0.293159 0.766474 -0.181500
v -0.295341 0.771153 -0.189626
v -0.293403 0.768209 -0.188983
v -0.292727 0.772939 -0.193284
v -0.290225 0.770460 -0.193446
v -0.289698 0.766474 -0.186896
v -0.297095 0.777012 -0.189780
v -0.290575 0.776375 -0.195917
v -0.287551 0.774619 -0.196706
v -0.286258 0.768910 -0.191726
v -0.295570 0.777374 -0.191750
v -0.285788 0.780054 -0.198268
v -0.281455 0.779294 -0.196946
v -0.283364 0.773412 -0.195255
v -0.294813 0.779514 -0.192790
v -0.285204 0.785936 -0.197894
v -0.280824 0.785661 -0.196541
v -0.294007 0.782261 -0.193471
v -0.289124 0.780858 -0.197199
v -0.285889 0.791370 -0.195640
v -0.281565 0.791543 -0.194102
v -0.293638 0.785180 -0.193385
v -0.288640 0.785707 -0.196896
v -0.294625 0.788923 -0.191030
v -0.290703 0.793522 -0.191974
v -0.289156 0.790162 -0.195091
v -0.293448 0.787606 -0.192824
v -0.296016 0.789931 -0.188665
v -0.292956 0.795372 -0.188059
v -0.287738 0.795530 -0.191850
v -0.283566 0.796045 -0.190000
v -0.295596 0.786004 -0.191090
v -0.296151 0.782970 -0.190959
v -0.296840 0.780002 -0.190460
v -0.297119 0.786806 -0.188614
v -0.297818 0.783595 -0.188297
v -0.298452 0.780374 -0.187939
v -0.298665 0.787169 -0.186051
v -0.299419 0.784210 -0.185594
v -0.299910 0.781167 -0.185421
v -0.318004 0.633176 -0.204765
v -0.321202 0.633176 -0.199780
v -0.317663 0.634595 -0.197219
v -0.314201 0.634595 -0.202615
v -0.325942 0.622140 -0.199919
v -0.326827 0.625133 -0.194641
v -0.325118 0.628588 -0.197558
v -0.325180 0.624280 -0.200954
v -0.322772 0.630385 -0.201388
v -0.324002 0.624657 -0.203148
v -0.324073 0.630912 -0.195120
v -0.326396 0.619377 -0.199011
v -0.327666 0.620623 -0.192966
v -0.326180 0.626727 -0.191496
v -0.323051 0.627615 -0.188253
v -0.320770 0.632144 -0.192176
v -0.326345 0.616440 -0.198828
v -0.327490 0.615744 -0.192845
v -0.327202 0.621261 -0.189459
v -0.324158 0.621698 -0.186049
v -0.325907 0.613987 -0.198986
v -0.326342 0.611262 -0.194244
v -0.326984 0.615344 -0.189319
v -0.323922 0.615293 -0.185897
v -0.325559 0.609877 -0.191098
v -0.322379 0.609376 -0.187822
v -0.324848 0.612675 -0.200856
v -0.324362 0.607883 -0.197085
v -0.323143 0.605693 -0.194524
v -0.319764 0.604847 -0.191531
v -0.323341 0.611662 -0.203147
v -0.321857 0.606022 -0.200838
v -0.320105 0.603428 -0.199076
v -0.316476 0.602396 -0.196458
v -0.319222 0.606017 -0.204945
v -0.316907 0.603428 -0.204061
v -0.316851 0.607816 -0.208760
v -0.314036 0.605693 -0.208721
v -0.313014 0.602396 -0.201854
v -0.321749 0.611550 -0.205596
v -0.315167 0.611270 -0.211693
v -0.311929 0.609877 -0.212345
v -0.309906 0.604847 -0.206897
v -0.320275 0.611942 -0.207599
v -0.310907 0.615344 -0.214382
v -0.306519 0.615293 -0.213025
v -0.307626 0.609376 -0.210820
v -0.319809 0.614066 -0.208825
v -0.311125 0.621261 -0.214522
v -0.306755 0.621698 -0.213176
v -0.319377 0.616828 -0.209746
v -0.314328 0.615779 -0.213367
v -0.312550 0.626727 -0.212743
v -0.308298 0.627615 -0.211251
v -0.319406 0.619767 -0.209915
v -0.314504 0.620658 -0.213488
v -0.320903 0.623532 -0.207887
v -0.317632 0.628519 -0.209249
v -0.315627 0.625141 -0.212073
v -0.319548 0.622235 -0.209567
v -0.322431 0.624544 -0.205610
v -0.320137 0.630380 -0.205496
v -0.314966 0.630912 -0.209317
v -0.310913 0.632144 -0.207543
v -0.321470 0.620514 -0.207688
v -0.321612 0.617456 -0.207292
v -0.321896 0.614477 -0.206534
v -0.323102 0.621315 -0.205282
v -0.323363 0.618078 -0.204685
v -0.323559 0.614845 -0.204045
v -0.324698 0.621686 -0.202751
v -0.325049 0.618704 -0.202035
v -0.325125 0.615649 -0.201596
v -0.318004 0.284127 -0.204765
v -0.321202 0.284127 -0.199780
v -0.317663 0.285546 -0.197219
v -0.314201 0.285546 -0.202615
v -0.325942 0.273091 -0.199919
v -0.326827 0.276083 -0.194640
v -0.325118 0.279539 -0.197557
v -0.325180 0.275231 -0.200954
v -0.322772 0.281336 -0.201388
v -0.324002 0.275608 -0.203148
v -0.324073 0.281863 -0.195120
v -0.326396 0.270328 -0.199011
v -0.327666 0.271574 -0.192966
v -0.326180 0.277678 -0.191496
v -0.323051 0.278566 -0.188253
v -0.320770 0.283095 -0.192176
v -0.326345 0.267391 -0.198828
v -0.327490 0.266695 -0.192845
v -0.327202 0.272212 -0.189459
v -0.324158 0.272649 -0.186049
v -0.325907 0.264938 -0.198986
v -0.326342 0.262213 -0.194244
v -0.326984 0.266294 -0.189319
v -0.323922 0.266244 -0.185897
v -0.325559 0.260828 -0.191098
v -0.322379 0.260327 -0.187822
v -0.324848 0.263626 -0.200856
v -0.324362 0.258834 -0.197085
v -0.323143 0.256644 -0.194524
v -0.319764 0.255798 -0.191531
v -0.323341 0.262613 -0.203147
v -0.321857 0.256973 -0.200838
v -0.320105 0.254379 -0.199076
v -0.316476 0.253347 -0.196458
v -0.319222 0.256968 -0.204945
v -0.316907 0.254379 -0.204061
v -0.316851 0.258767 -0.208760
v -0.314036 0.256644 -0.208721
v -0.313014 0.253347 -0.201854
v -0.321749 0.262501 -0.205596
v -0.315167 0.262221 -0.211693
v -0.311929 0.260828 -0.212345
v -0.309906 0.255798 -0.206897
v -0.320275 0.262893 -0.207599
v -0.310907 0.266294 -0.214382
v -0.306519 0.266244 -0.213025
v -0.307626 0.260327 -0.210820
v -0.319809 0.265017 -0.208825
v -0.311125 0.272212 -0.214522
v -0.306755 0.272649 -0.213176
v -0.319377 0.267779 -0.209746
v -0.314328 0.266730 -0.213367
v -0.312550 0.277678 -0.212743
v -0.308298 0.278566 -0.211251
v -0.319406 0.270718 -0.209915
v -0.314504 0.271609 -0.213488
v -0.320903 0.274482 -0.207887
v -0.317632 0.279470 -0.209249
v -0.315627 0.276092 -0.212073
v -0.319548 0.273186 -0.209567
v -0.322431 0.275495 -0.205610
v -0.320137 0.281331 -0.205495
v -0.314966 0.281862 -0.209317
v -0.310913 0.283095 -0.207542
v -0.321470 0.271465 -0.207688
v -0.321612 0.268407 -0.207292
v -0.321896 0.265427 -0.206534
v -0.323102 0.272265 -0.205282
v -0.323363 0.269029 -0.204685
v -0.323559 0.265796 -0.204045
v -0.324698 0.272637 -0.202751
v -0.325049 0.269655 -0.202035
v -0.325125 0.266600 -0.201596
v -0.290469 0.080747 -0.187101
v -0.286522 0.080046 -0.184859
v -0.289984 0.080046 -0.179463
v -0.293667 0.080747 -0.182116
v -0.299853 0.090988 -0.183182
v -0.298803 0.088889 -0.184033
v -0.298180 0.084940 -0.180277
v -0.300357 0.088372 -0.177660
v -0.297572 0.088486 -0.186193
v -0.295590 0.083150 -0.183950
v -0.296845 0.082998 -0.177653
v -0.300681 0.093733 -0.182515
v -0.301807 0.092855 -0.176378
v -0.299519 0.087157 -0.174393
v -0.293424 0.082482 -0.174633
v -0.296318 0.086984 -0.171104
v -0.301028 0.096655 -0.182587
v -0.302292 0.097704 -0.176680
v -0.301282 0.092592 -0.172831
v -0.298226 0.092867 -0.169413
v -0.300924 0.099121 -0.182960
v -0.301751 0.102163 -0.178469
v -0.301866 0.098474 -0.173205
v -0.298858 0.099233 -0.169819
v -0.301181 0.103908 -0.175459
v -0.298117 0.105115 -0.172258
v -0.300041 0.100397 -0.184943
v -0.300228 0.105519 -0.181603
v -0.299332 0.108067 -0.179249
v -0.296115 0.109617 -0.176360
v -0.298672 0.101402 -0.187321
v -0.297976 0.107369 -0.185518
v -0.296601 0.110318 -0.183998
v -0.293159 0.112054 -0.181500
v -0.295341 0.107374 -0.189626
v -0.293403 0.110318 -0.188983
v -0.292727 0.105588 -0.193284
v -0.290225 0.108067 -0.193446
v -0.289698 0.112054 -0.186896
v -0.297095 0.101516 -0.189780
v -0.290575 0.102153 -0.195917
v -0.287551 0.103908 -0.196706
v -0.286258 0.109617 -0.191726
v -0.295570 0.101154 -0.191750
v -0.285788 0.098474 -0.198268
v -0.283364 0.105115 -0.195255
v -0.281455 0.099233 -0.196946
v -0.294813 0.099014 -0.192790
v -0.285204 0.092592 -0.197894
v -0.280824 0.092867 -0.196541
v -0.294007 0.096266 -0.193471
v -0.289124 0.097670 -0.197199
v -0.285889 0.087157 -0.195640
v -0.281565 0.086984 -0.194102
v -0.293638 0.093347 -0.193385
v -0.288640 0.092820 -0.196896
v -0.294625 0.089605 -0.191030
v -0.293448 0.090922 -0.192824
v -0.289156 0.088365 -0.195091
v -0.290703 0.085006 -0.191973
v -0.296016 0.088596 -0.188665
v -0.292956 0.083156 -0.188059
v -0.287738 0.082998 -0.191850
v -0.283566 0.082482 -0.190000
v -0.295596 0.092524 -0.191090
v -0.296151 0.095558 -0.190959
v -0.296840 0.098526 -0.190460
v -0.297119 0.091722 -0.188614
v -0.297818 0.094933 -0.188297
v -0.298452 0.098153 -0.187939
v -0.298665 0.091359 -0.186050
v -0.299419 0.094317 -0.185593
v -0.299910 0.097360 -0.185421
v -0.073356 0.797781 -0.338068
v -0.079142 0.797781 -0.336803
v -0.078412 0.798482 -0.332323
v -0.072149 0.798482 -0.333693
v -0.082764 0.787540 -0.341930
v -0.087024 0.790156 -0.338380
v -0.083634 0.793588 -0.338692
v -0.081419 0.789638 -0.341789
v -0.079206 0.795377 -0.339460
v -0.079022 0.790041 -0.342446
v -0.084544 0.795530 -0.335893
v -0.083821 0.784795 -0.342043
v -0.088956 0.785673 -0.338498
v -0.088740 0.791370 -0.335477
v -0.088801 0.791543 -0.330888
v -0.084259 0.796045 -0.331338
v -0.084015 0.781873 -0.342339
v -0.089085 0.780823 -0.339055
v -0.091092 0.785936 -0.335618
v -0.091346 0.785661 -0.331041
v -0.083679 0.779407 -0.342529
v -0.087438 0.776365 -0.339937
v -0.091240 0.780054 -0.336295
v -0.091506 0.779294 -0.331774
v -0.089162 0.774619 -0.337405
v -0.089258 0.773412 -0.332975
v -0.081652 0.778131 -0.343308
v -0.084146 0.773009 -0.341078
v -0.085176 0.770460 -0.338779
v -0.084943 0.768910 -0.334462
v -0.079002 0.777125 -0.344022
v -0.079785 0.771159 -0.342255
v -0.079887 0.768209 -0.340207
v -0.079218 0.766474 -0.336008
v -0.075017 0.771153 -0.343298
v -0.074101 0.768209 -0.341473
v -0.070582 0.772939 -0.344037
v -0.068698 0.770460 -0.342383
v -0.072955 0.766474 -0.337378
v -0.076149 0.777012 -0.344646
v -0.067199 0.776375 -0.344378
v -0.064502 0.774619 -0.342799
v -0.067108 0.768910 -0.338363
v -0.073677 0.777374 -0.344962
v -0.062151 0.780054 -0.342658
v -0.060021 0.779294 -0.338660
v -0.062566 0.773412 -0.338813
v -0.072407 0.779514 -0.345163
v -0.062003 0.785936 -0.341980
v -0.059861 0.785661 -0.337927
v -0.071356 0.782261 -0.345075
v -0.065267 0.780858 -0.344260
v -0.064080 0.791370 -0.340870
v -0.062109 0.791543 -0.336726
v -0.071156 0.785180 -0.344753
v -0.065138 0.785707 -0.343703
v -0.073519 0.788923 -0.343785
v -0.070077 0.793522 -0.341680
v -0.066779 0.790162 -0.342791
v -0.071418 0.787606 -0.344222
v -0.076174 0.789931 -0.343096
v -0.074438 0.795372 -0.340503
v -0.068067 0.795530 -0.339497
v -0.066424 0.796045 -0.335239
v -0.074163 0.786004 -0.344513
v -0.074648 0.782970 -0.344813
v -0.075488 0.780002 -0.344948
v -0.076990 0.786806 -0.343838
v -0.077709 0.783595 -0.344109
v -0.078410 0.780374 -0.344304
v -0.079896 0.787169 -0.343119
v -0.080753 0.784210 -0.343329
v -0.081221 0.781167 -0.343553
v -0.080346 0.633176 -0.370026
v -0.086132 0.633176 -0.368761
v -0.085438 0.634595 -0.364448
v -0.079175 0.634595 -0.365817
v -0.089386 0.622140 -0.372210
v -0.093743 0.625133 -0.369102
v -0.090472 0.628588 -0.369957
v -0.088115 0.624280 -0.372403
v -0.086106 0.630385 -0.371008
v -0.085731 0.624657 -0.373122
v -0.091456 0.630912 -0.367494
v -0.090349 0.619377 -0.371889
v -0.095521 0.620623 -0.368511
v -0.095508 0.626728 -0.366421
v -0.095587 0.627615 -0.361915
v -0.091201 0.632144 -0.363077
v -0.090442 0.616440 -0.371723
v -0.095482 0.615744 -0.368301
v -0.097672 0.621261 -0.365702
v -0.097929 0.621698 -0.361138
v -0.090021 0.613987 -0.371525
v -0.093680 0.611262 -0.368479
v -0.097616 0.615344 -0.365449
v -0.097869 0.615293 -0.360864
v -0.095351 0.609877 -0.365700
v -0.095417 0.609376 -0.361135
v -0.087950 0.612675 -0.372100
v -0.090272 0.607883 -0.369088
v -0.091220 0.605693 -0.366416
v -0.090946 0.604847 -0.361909
v -0.085265 0.611662 -0.372655
v -0.085847 0.606022 -0.369972
v -0.085853 0.603428 -0.367488
v -0.085137 0.602396 -0.363070
v -0.081080 0.606017 -0.371015
v -0.080067 0.603428 -0.368753
v -0.076706 0.607816 -0.372037
v -0.074743 0.605693 -0.370019
v -0.078874 0.602396 -0.364440
v -0.082408 0.611550 -0.373261
v -0.073442 0.611270 -0.372921
v -0.070691 0.609877 -0.371093
v -0.073111 0.604847 -0.365810
v -0.079949 0.611942 -0.373636
v -0.068528 0.615344 -0.371811
v -0.066384 0.615293 -0.367750
v -0.068725 0.609376 -0.366973
v -0.078752 0.614066 -0.374173
v -0.068583 0.621261 -0.372065
v -0.066444 0.621698 -0.368024
v -0.077796 0.616828 -0.374520
v -0.071665 0.615779 -0.373512
v -0.070848 0.626728 -0.371814
v -0.068896 0.627615 -0.367753
v -0.077697 0.619767 -0.374660
v -0.071704 0.620658 -0.373722
v -0.080189 0.623532 -0.374284
v -0.076913 0.628519 -0.372935
v -0.073499 0.625141 -0.373515
v -0.078043 0.622235 -0.374515
v -0.082880 0.624544 -0.373754
v -0.081338 0.630380 -0.372051
v -0.074979 0.630912 -0.371098
v -0.073366 0.632144 -0.366978
v -0.080731 0.620514 -0.374544
v -0.081111 0.617456 -0.374364
v -0.081849 0.614477 -0.374029
v -0.083586 0.621315 -0.373996
v -0.084193 0.618078 -0.373758
v -0.084784 0.614845 -0.373443
v -0.086505 0.621686 -0.373334
v -0.087259 0.618704 -0.373075
v -0.087622 0.615649 -0.372819
v -0.080346 0.284127 -0.370026
v -0.086132 0.284127 -0.368761
v -0.085438 0.285546 -0.364448
v -0.079175 0.285546 -0.365817
v -0.089386 0.273091 -0.372210
v -0.093743 0.276083 -0.369102
v -0.090472 0.279539 -0.369957
v -0.088115 0.275231 -0.372403
v -0.086106 0.281336 -0.371008
v -0.085731 0.275608 -0.373122
v -0.091456 0.281863 -0.367494
v -0.090349 0.270328 -0.371889
v -0.095521 0.271574 -0.368511
v -0.095508 0.277678 -0.366421
v -0.095587 0.278566 -0.361915
v -0.091201 0.283095 -0.363077
v -0.090442 0.267391 -0.371723
v -0.095482 0.266695 -0.368301
v -0.097672 0.272212 -0.365702
v -0.097929 0.272649 -0.361137
v -0.090021 0.264938 -0.371525
v -0.093680 0.262213 -0.368479
v -0.097616 0.266294 -0.365449
v -0.097869 0.266244 -0.360863
v -0.095351 0.260828 -0.365700
v -0.095417 0.260327 -0.361135
v -0.087950 0.263626 -0.372099
v -0.090272 0.258834 -0.369088
v -0.091220 0.256644 -0.366415
v -0.090946 0.255798 -0.361909
v -0.085265 0.262613 -0.372655
v -0.085847 0.256973 -0.369972
v -0.085853 0.254379 -0.367488
v -0.085137 0.253347 -0.363070
v -0.081080 0.256968 -0.371015
v -0.080067 0.254379 -0.368753
v -0.076706 0.258767 -0.372037
v -0.074743 0.256644 -0.370019
v -0.078874 0.253347 -0.364440
v -0.082408 0.262501 -0.373261
v -0.073442 0.262221 -0.372921
v -0.070691 0.260828 -0.371093
v -0.073111 0.255798 -0.365810
v -0.079949 0.262893 -0.373636
v -0.068528 0.266294 -0.371811
v -0.066384 0.266244 -0.367750
v -0.068725 0.260327 -0.366973
v -0.078752 0.265017 -0.374173
v -0.068583 0.272212 -0.372065
v -0.066444 0.272649 -0.368024
v -0.077796 0.267779 -0.374520
v -0.071665 0.266730 -0.373512
v -0.070848 0.277678 -0.371814
v -0.068896 0.278566 -0.367753
v -0.077697 0.270718 -0.374660
v -0.071704 0.271609 -0.373722
v -0.080189 0.274482 -0.374284
v -0.076913 0.279470 -0.372935
v -0.073499 0.276092 -0.373515
v -0.078043 0.273186 -0.374514
v -0.082880 0.275495 -0.373754
v -0.081338 0.281331 -0.372050
v -0.074979 0.281862 -0.371098
v -0.073366 0.283095 -0.366978
v -0.080731 0.271465 -0.374544
v -0.081111 0.268407 -0.374364
v -0.081849 0.265427 -0.374029
v -0.083586 0.272265 -0.373995
v -0.084193 0.269029 -0.373758
v -0.084784 0.265796 -0.373443
v -0.086505 0.272637 -0.373334
v -0.087259 0.269655 -0.373075
v -0.087622 0.266600 -0.372819
v -0.073356 0.080747 -0.338068
v -0.072149 0.080046 -0.333692
v -0.078412 0.080046 -0.332323
v -0.079142 0.080747 -0.336803
v -0.082764 0.090988 -0.341929
v -0.081419 0.088889 -0.341789
v -0.083634 0.084940 -0.338691
v -0.087024 0.088372 -0.338380
v -0.079022 0.088486 -0.342446
v -0.079206 0.083150 -0.339460
v -0.084544 0.082998 -0.335893
v -0.083821 0.093732 -0.342043
v -0.088956 0.092855 -0.338498
v -0.088740 0.087157 -0.335477
v -0.084259 0.082482 -0.331338
v -0.088801 0.086984 -0.330887
v -0.084015 0.096655 -0.342339
v -0.089085 0.097704 -0.339055
v -0.091092 0.092592 -0.335618
v -0.091346 0.092866 -0.331040
v -0.083679 0.099121 -0.342529
v -0.087438 0.102163 -0.339937
v -0.091240 0.098474 -0.336295
v -0.091506 0.099233 -0.331773
v -0.089162 0.103908 -0.337405
v -0.089258 0.105115 -0.332975
v -0.081652 0.100397 -0.343308
v -0.084146 0.105519 -0.341078
v -0.085176 0.108067 -0.338779
v -0.084943 0.109617 -0.334462
v -0.079002 0.101402 -0.344022
v -0.079785 0.107369 -0.342255
v -0.079887 0.110318 -0.340207
v -0.079218 0.112054 -0.336008
v -0.075017 0.107374 -0.343298
v -0.074101 0.110318 -0.341473
v -0.070582 0.105588 -0.344037
v -0.068698 0.108067 -0.342383
v -0.072955 0.112054 -0.337378
v -0.076149 0.101515 -0.344646
v -0.067199 0.102153 -0.344378
v -0.064502 0.103908 -0.342799
v -0.067108 0.109617 -0.338363
v -0.073677 0.101154 -0.344962
v -0.062151 0.098474 -0.342657
v -0.062566 0.105115 -0.338813
v -0.060021 0.099233 -0.338660
v -0.072407 0.099014 -0.345163
v -0.062003 0.092592 -0.341980
v -0.059861 0.092867 -0.337927
v -0.071356 0.096266 -0.345075
v -0.065267 0.097670 -0.344260
v -0.064080 0.087157 -0.340870
v -0.062109 0.086984 -0.336725
v -0.071156 0.093347 -0.344753
v -0.065138 0.092820 -0.343703
v -0.073519 0.089605 -0.343785
v -0.071418 0.090922 -0.344222
v -0.066779 0.088365 -0.342791
v -0.070077 0.085006 -0.341680
v -0.076174 0.088596 -0.343096
v -0.074438 0.083156 -0.340503
v -0.068067 0.082998 -0.339496
v -0.066424 0.082482 -0.335238
v -0.074163 0.092524 -0.344513
v -0.074648 0.095558 -0.344813
v -0.075488 0.098526 -0.344947
v -0.076990 0.091722 -0.343838
v -0.077709 0.094933 -0.344109
v -0.078410 0.098153 -0.344304
v -0.079896 0.091358 -0.343119
v -0.080753 0.094317 -0.343329
v -0.081221 0.097360 -0.343553
v 0.109849 0.797781 -0.328243
v 0.104230 0.797781 -0.330117
v 0.102564 0.798482 -0.325895
v 0.108646 0.798482 -0.323866
v 0.103742 0.787540 -0.336375
v 0.098265 0.790156 -0.335505
v 0.101337 0.793588 -0.334039
v 0.104826 0.789638 -0.335566
v 0.105535 0.795377 -0.332432
v 0.107221 0.790041 -0.334904
v 0.099123 0.795530 -0.332100
v 0.102892 0.784795 -0.337013
v 0.096666 0.785673 -0.336596
v 0.095305 0.791370 -0.333890
v 0.092904 0.791543 -0.329978
v 0.097037 0.796045 -0.328041
v 0.102877 0.781873 -0.337368
v 0.096840 0.780823 -0.337140
v 0.093358 0.785936 -0.335215
v 0.090796 0.785661 -0.331412
v 0.103263 0.779406 -0.337358
v 0.098707 0.776365 -0.337056
v 0.093577 0.780054 -0.335872
v 0.091034 0.779294 -0.332124
v 0.095930 0.774619 -0.335763
v 0.093580 0.773412 -0.332005
v 0.105402 0.778131 -0.336990
v 0.102119 0.773009 -0.336350
v 0.100058 0.770460 -0.334903
v 0.098049 0.768910 -0.331074
v 0.108045 0.777125 -0.336248
v 0.106468 0.771159 -0.335130
v 0.105333 0.768209 -0.333423
v 0.103758 0.766474 -0.329473
v 0.111098 0.771153 -0.333586
v 0.110951 0.768209 -0.331549
v 0.115286 0.772939 -0.331952
v 0.116058 0.770460 -0.329566
v 0.109839 0.766474 -0.327445
v 0.110815 0.777012 -0.335324
v 0.118367 0.776375 -0.330513
v 0.119876 0.774619 -0.327776
v 0.115367 0.768910 -0.325298
v 0.113100 0.777374 -0.334330
v 0.121824 0.780054 -0.326452
v 0.121608 0.779294 -0.321927
v 0.119500 0.773412 -0.323361
v 0.114294 0.779514 -0.333853
v 0.121604 0.785936 -0.325794
v 0.121370 0.785661 -0.321215
v 0.115153 0.782261 -0.333239
v 0.119967 0.780858 -0.329423
v 0.119251 0.791370 -0.325903
v 0.118824 0.791543 -0.321334
v 0.115160 0.785180 -0.332860
v 0.119793 0.785707 -0.328878
v 0.112634 0.788923 -0.333237
v 0.114514 0.793522 -0.329668
v 0.117916 0.790162 -0.328935
v 0.114663 0.787606 -0.332538
v 0.110000 0.789931 -0.334005
v 0.110165 0.795372 -0.330889
v 0.115123 0.795530 -0.326763
v 0.114355 0.796045 -0.322265
v 0.112454 0.786004 -0.334193
v 0.112190 0.782970 -0.334699
v 0.111537 0.780002 -0.335244
v 0.109679 0.786806 -0.335060
v 0.109201 0.783595 -0.335660
v 0.108697 0.780374 -0.336187
v 0.106815 0.787169 -0.335929
v 0.106186 0.784210 -0.336548
v 0.105898 0.781167 -0.336980
v 0.120199 0.633176 -0.359276
v 0.114580 0.633176 -0.361150
v 0.112969 0.634595 -0.357090
v 0.119050 0.634595 -0.355061
v 0.113549 0.622140 -0.365779
v 0.108215 0.625133 -0.365338
v 0.111463 0.628588 -0.364399
v 0.114741 0.624280 -0.365294
v 0.115753 0.630385 -0.363067
v 0.117156 0.624657 -0.364692
v 0.109358 0.630912 -0.362787
v 0.112558 0.619377 -0.365995
v 0.106386 0.620623 -0.365740
v 0.105327 0.626728 -0.363938
v 0.102953 0.627615 -0.360108
v 0.107316 0.632144 -0.358862
v 0.112393 0.616440 -0.365901
v 0.106312 0.615744 -0.365540
v 0.103101 0.621261 -0.364428
v 0.100544 0.621698 -0.360638
v 0.112654 0.613987 -0.365515
v 0.107951 0.611262 -0.364771
v 0.103019 0.615344 -0.364182
v 0.100455 0.615293 -0.360372
v 0.105093 0.609877 -0.363238
v 0.102700 0.609376 -0.359350
v 0.114727 0.612675 -0.364949
v 0.111191 0.607883 -0.363550
v 0.109008 0.605693 -0.361739
v 0.106938 0.604847 -0.357728
v 0.117318 0.611662 -0.364052
v 0.115444 0.606022 -0.362045
v 0.114168 0.603428 -0.359914
v 0.112523 0.602396 -0.355752
v 0.120074 0.606017 -0.360501
v 0.119786 0.603428 -0.358040
v 0.124354 0.607816 -0.359141
v 0.125009 0.605693 -0.356403
v 0.118604 0.602396 -0.353723
v 0.120083 0.611550 -0.363110
v 0.127611 0.611270 -0.358229
v 0.129040 0.609877 -0.355252
v 0.124257 0.604847 -0.351951
v 0.122387 0.611942 -0.362174
v 0.131266 0.615344 -0.354762
v 0.131029 0.615293 -0.350175
v 0.128620 0.609376 -0.350705
v 0.123690 0.614066 -0.362024
v 0.131348 0.621261 -0.355007
v 0.131118 0.621698 -0.350441
v 0.124689 0.616828 -0.361832
v 0.129440 0.615779 -0.357828
v 0.129273 0.626727 -0.355952
v 0.128872 0.627615 -0.351463
v 0.124846 0.619767 -0.361901
v 0.129515 0.620658 -0.358028
v 0.122512 0.623532 -0.362853
v 0.124636 0.628519 -0.360018
v 0.127867 0.625141 -0.358769
v 0.124474 0.622235 -0.361954
v 0.119929 0.624544 -0.363775
v 0.120382 0.630380 -0.361523
v 0.125358 0.630912 -0.357450
v 0.124635 0.632144 -0.353085
v 0.122180 0.620514 -0.363354
v 0.121761 0.617456 -0.363394
v 0.120956 0.614476 -0.363484
v 0.119446 0.621315 -0.364344
v 0.118803 0.618078 -0.364451
v 0.118135 0.614845 -0.364483
v 0.116600 0.621686 -0.365270
v 0.115820 0.618704 -0.365433
v 0.115376 0.615649 -0.365399
v 0.120199 0.284127 -0.359276
v 0.114580 0.284127 -0.361150
v 0.112969 0.285546 -0.357089
v 0.119050 0.285546 -0.355061
v 0.113549 0.273091 -0.365778
v 0.108215 0.276083 -0.365339
v 0.111463 0.279539 -0.364399
v 0.114741 0.275231 -0.365294
v 0.115753 0.281336 -0.363067
v 0.117156 0.275608 -0.364692
v 0.109358 0.281862 -0.362787
v 0.112558 0.270328 -0.365995
v 0.106386 0.271574 -0.365740
v 0.105327 0.277678 -0.363938
v 0.102953 0.278566 -0.360108
v 0.107316 0.283095 -0.358862
v 0.112393 0.267391 -0.365901
v 0.106312 0.266695 -0.365540
v 0.103101 0.272212 -0.364428
v 0.100544 0.272649 -0.360638
v 0.112654 0.264938 -0.365515
v 0.107951 0.262213 -0.364771
v 0.103019 0.266294 -0.364182
v 0.100455 0.266244 -0.360372
v 0.105093 0.260828 -0.363238
v 0.102700 0.260327 -0.359350
v 0.114727 0.263626 -0.364949
v 0.111191 0.258834 -0.363550
v 0.109008 0.256644 -0.361739
v 0.106938 0.255798 -0.357727
v 0.117318 0.262613 -0.364051
v 0.115444 0.256973 -0.362045
v 0.114168 0.254379 -0.359914
v 0.112523 0.253347 -0.355752
v 0.120074 0.256968 -0.360501
v 0.119786 0.254379 -0.358040
v 0.124354 0.258767 -0.359141
v 0.125009 0.256644 -0.356403
v 0.118604 0.253347 -0.353723
v 0.120083 0.262501 -0.363110
v 0.127611 0.262221 -0.358229
v 0.129040 0.260828 -0.355251
v 0.124257 0.255798 -0.351951
v 0.122387 0.262893 -0.362174
v 0.131266 0.266294 -0.354761
v 0.131029 0.266244 -0.350175
v 0.128620 0.260327 -0.350705
v 0.123690 0.265017 -0.362024
v 0.131348 0.272212 -0.355007
v 0.131118 0.272649 -0.350441
v 0.124689 0.267779 -0.361832
v 0.129440 0.266730 -0.357828
v 0.129273 0.277678 -0.355952
v 0.128872 0.278566 -0.351463
v 0.124846 0.270718 -0.361901
v 0.129515 0.271609 -0.358028
v 0.122512 0.274483 -0.362853
v 0.124636 0.279470 -0.360018
v 0.127867 0.276092 -0.358769
v 0.124474 0.273186 -0.361954
v 0.119929 0.275495 -0.363775
v 0.120382 0.281331 -0.361523
v 0.125358 0.281862 -0.357450
v 0.124635 0.283095 -0.353085
v 0.122180 0.271465 -0.363354
v 0.121761 0.268407 -0.363394
v 0.120956 0.265427 -0.363484
v 0.119446 0.272265 -0.364344
v 0.118803 0.269029 -0.364451
v 0.118135 0.265796 -0.364483
v 0.116600 0.272637 -0.365269
v 0.115820 0.269655 -0.365433
v 0.115376 0.266600 -0.365399
v 0.109849 0.080747 -0.328243
v 0.108646 0.080046 -0.323866
v 0.102564 0.080046 -0.325894
v 0.104230 0.080747 -0.330117
v 0.103742 0.090988 -0.336375
v 0.104826 0.088889 -0.335566
v 0.101337 0.084940 -0.334039
v 0.098265 0.088372 -0.335505
v 0.107221 0.088486 -0.334904
v 0.105535 0.083150 -0.332432
v 0.099123 0.082998 -0.332100
v 0.102892 0.093733 -0.337013
v 0.096666 0.092855 -0.336596
v 0.095305 0.087157 -0.333890
v 0.097037 0.082482 -0.328041
v 0.092904 0.086984 -0.329978
v 0.102877 0.096655 -0.337367
v 0.096840 0.097704 -0.337140
v 0.093358 0.092592 -0.335215
v 0.090796 0.092867 -0.331412
v 0.103263 0.099121 -0.337358
v 0.098707 0.102163 -0.337055
v 0.093577 0.098474 -0.335872
v 0.091034 0.099233 -0.332124
v 0.095930 0.103908 -0.335763
v 0.093580 0.105115 -0.332005
v 0.105402 0.100397 -0.336990
v 0.102119 0.105519 -0.336350
v 0.100058 0.108067 -0.334903
v 0.098049 0.109617 -0.331074
v 0.108045 0.101402 -0.336248
v 0.106468 0.107369 -0.335130
v 0.105333 0.110318 -0.333423
v 0.103758 0.112054 -0.329473
v 0.111098 0.107374 -0.333586
v 0.110951 0.110318 -0.331549
v 0.115286 0.105588 -0.331952
v 0.116058 0.108067 -0.329566
v 0.109839 0.112054 -0.327445
v 0.110815 0.101515 -0.335324
v 0.118367 0.102153 -0.330513
v 0.119876 0.103908 -0.327776
v 0.115367 0.109617 -0.325298
v 0.113100 0.101154 -0.334330
v 0.121824 0.098474 -0.326451
v 0.119500 0.105115 -0.323361
v 0.121608 0.099233 -0.321927
v 0.114294 0.099014 -0.333853
v 0.121604 0.092592 -0.325794
v 0.121370 0.092867 -0.321215
v 0.115153 0.096266 -0.333239
v 0.119967 0.097670 -0.329423
v 0.119251 0.087157 -0.325903
v 0.118824 0.086984 -0.321334
v 0.115160 0.093347 -0.332860
v 0.119793 0.092820 -0.328878
v 0.112634 0.089605 -0.333237
v 0.114663 0.090922 -0.332538
v 0.117916 0.088366 -0.328935
v 0.114514 0.085006 -0.329668
v 0.110000 0.088596 -0.334004
v 0.110165 0.083156 -0.330888
v 0.115123 0.082998 -0.326763
v 0.114355 0.082483 -0.322264
v 0.112454 0.092524 -0.334193
v 0.112190 0.095558 -0.334699
v 0.111537 0.098526 -0.335244
v 0.109679 0.091722 -0.335060
v 0.109201 0.094933 -0.335660
v 0.108697 0.098153 -0.336187
v 0.106815 0.091359 -0.335929
v 0.106186 0.094317 -0.336548
v 0.105898 0.097360 -0.336980
v 0.308701 0.797781 -0.156648
v 0.306022 0.797781 -0.161930
v 0.301869 0.798482 -0.160097
v 0.304769 0.798482 -0.154380
v 0.310074 0.787540 -0.166724
v 0.305567 0.790156 -0.169955
v 0.306721 0.793588 -0.166753
v 0.310276 0.789638 -0.165387
v 0.308578 0.795377 -0.162659
v 0.311514 0.790041 -0.163232
v 0.303784 0.795530 -0.166930
v 0.309918 0.784795 -0.167776
v 0.305196 0.785673 -0.171855
v 0.302326 0.791370 -0.170887
v 0.297869 0.791543 -0.169793
v 0.299446 0.796045 -0.165510
v 0.310156 0.781873 -0.168038
v 0.305703 0.780823 -0.172120
v 0.301872 0.785936 -0.173198
v 0.297378 0.785661 -0.172294
v 0.310425 0.779407 -0.167760
v 0.306971 0.776365 -0.170747
v 0.302491 0.780054 -0.173512
v 0.298047 0.779294 -0.172634
v 0.304087 0.774619 -0.171780
v 0.299775 0.773412 -0.170759
v 0.311687 0.778131 -0.165995
v 0.308902 0.773009 -0.167847
v 0.306419 0.770460 -0.168267
v 0.302298 0.768910 -0.166956
v 0.313045 0.777125 -0.163609
v 0.311137 0.771159 -0.163923
v 0.309130 0.768209 -0.163507
v 0.305234 0.766474 -0.161804
v 0.313346 0.771153 -0.159570
v 0.311809 0.768209 -0.158224
v 0.315176 0.772939 -0.155464
v 0.314048 0.770460 -0.153224
v 0.308134 0.766474 -0.156086
v 0.314366 0.777012 -0.161004
v 0.316356 0.776375 -0.152274
v 0.315505 0.774619 -0.149267
v 0.310557 0.768910 -0.150674
v 0.315293 0.777374 -0.158691
v 0.315959 0.780054 -0.146956
v 0.312625 0.779294 -0.143890
v 0.312134 0.773412 -0.146391
v 0.315807 0.779514 -0.157513
v 0.315341 0.785936 -0.146642
v 0.311956 0.785661 -0.143550
v 0.315986 0.782261 -0.156473
v 0.316727 0.780858 -0.150375
v 0.313745 0.791370 -0.148374
v 0.310228 0.791543 -0.145425
v 0.315724 0.785181 -0.156198
v 0.316221 0.785707 -0.150110
v 0.314193 0.788923 -0.158242
v 0.313021 0.793522 -0.154382
v 0.314926 0.790162 -0.151469
v 0.315144 0.787606 -0.156318
v 0.312859 0.789931 -0.160639
v 0.310786 0.795372 -0.158307
v 0.311413 0.795530 -0.151888
v 0.307704 0.796045 -0.149228
v 0.314737 0.786004 -0.159048
v 0.314905 0.782970 -0.159594
v 0.314824 0.780002 -0.160440
v 0.313373 0.786806 -0.161616
v 0.313454 0.783595 -0.162379
v 0.313466 0.780374 -0.163107
v 0.311946 0.787169 -0.164247
v 0.311934 0.784210 -0.165129
v 0.312033 0.781167 -0.165639
v 0.337876 0.633176 -0.171445
v 0.335197 0.633176 -0.176727
v 0.331197 0.634595 -0.174972
v 0.334097 0.634595 -0.169255
v 0.337718 0.622140 -0.180744
v 0.333615 0.625133 -0.184181
v 0.335264 0.628588 -0.181229
v 0.338225 0.624280 -0.179562
v 0.337379 0.630385 -0.177267
v 0.339519 0.624657 -0.177436
v 0.332634 0.630912 -0.181563
v 0.337165 0.619377 -0.181595
v 0.332596 0.620623 -0.185752
v 0.330576 0.626727 -0.185215
v 0.326195 0.627615 -0.184159
v 0.328422 0.632144 -0.180206
v 0.336982 0.616440 -0.181644
v 0.332403 0.615744 -0.185662
v 0.329337 0.621261 -0.187128
v 0.324854 0.621698 -0.186230
v 0.336896 0.613987 -0.181186
v 0.333027 0.611262 -0.183963
v 0.329106 0.615344 -0.187011
v 0.324604 0.615293 -0.186103
v 0.329918 0.609877 -0.184881
v 0.325483 0.609376 -0.183798
v 0.337972 0.612675 -0.179326
v 0.334474 0.607883 -0.180817
v 0.331649 0.605693 -0.181063
v 0.327356 0.604847 -0.179665
v 0.339184 0.611662 -0.176867
v 0.336442 0.606023 -0.176757
v 0.334035 0.603428 -0.176138
v 0.329940 0.602396 -0.174334
v 0.338649 0.606017 -0.172404
v 0.336715 0.603428 -0.170856
v 0.340737 0.607816 -0.168428
v 0.339278 0.605693 -0.166020
v 0.332839 0.602396 -0.168617
v 0.340490 0.611550 -0.174254
v 0.342413 0.611270 -0.165490
v 0.341336 0.609877 -0.162368
v 0.335614 0.604847 -0.163383
v 0.341471 0.611942 -0.171968
v 0.342575 0.615344 -0.160455
v 0.339182 0.615293 -0.157359
v 0.337842 0.609376 -0.159430
v 0.342291 0.614066 -0.170945
v 0.342806 0.621261 -0.160572
v 0.339433 0.621698 -0.157486
v 0.342867 0.616829 -0.170106
v 0.343432 0.615779 -0.163919
v 0.341994 0.626728 -0.162702
v 0.338554 0.627615 -0.159791
v 0.343027 0.619767 -0.170046
v 0.343626 0.620658 -0.164009
v 0.342037 0.623532 -0.172364
v 0.341554 0.628519 -0.168854
v 0.342974 0.625141 -0.165695
v 0.342800 0.622235 -0.170345
v 0.340848 0.624544 -0.174835
v 0.339587 0.630380 -0.172914
v 0.340263 0.630912 -0.166520
v 0.336680 0.632144 -0.163924
v 0.342153 0.620514 -0.172953
v 0.341883 0.617456 -0.173276
v 0.341373 0.614477 -0.173906
v 0.340904 0.621315 -0.175579
v 0.340521 0.618078 -0.176107
v 0.340069 0.614845 -0.176600
v 0.339530 0.621686 -0.178238
v 0.339090 0.618704 -0.178902
v 0.338751 0.615649 -0.179190
v 0.337876 0.284127 -0.171445
v 0.335197 0.284127 -0.176727
v 0.331197 0.285546 -0.174972
v 0.334097 0.285546 -0.169255
v 0.337718 0.273091 -0.180744
v 0.333615 0.276083 -0.184180
v 0.335264 0.279539 -0.181229
v 0.338225 0.275231 -0.179562
v 0.337379 0.281336 -0.177267
v 0.339519 0.275608 -0.177436
v 0.332634 0.281862 -0.181563
v 0.337165 0.270328 -0.181595
v 0.332596 0.271574 -0.185752
v 0.330576 0.277678 -0.185215
v 0.326195 0.278566 -0.184159
v 0.328422 0.283095 -0.180206
v 0.336982 0.267391 -0.181644
v 0.332403 0.266695 -0.185662
v 0.329337 0.272212 -0.187128
v 0.324854 0.272649 -0.186230
v 0.336896 0.264938 -0.181186
v 0.333027 0.262213 -0.183963
v 0.329106 0.266295 -0.187011
v 0.324604 0.266244 -0.186103
v 0.329918 0.260828 -0.184881
v 0.325483 0.260327 -0.183798
v 0.337972 0.263626 -0.179326
v 0.334474 0.258834 -0.180817
v 0.331649 0.256644 -0.181063
v 0.327356 0.255798 -0.179665
v 0.339184 0.262613 -0.176867
v 0.336442 0.256973 -0.176757
v 0.334035 0.254379 -0.176138
v 0.329940 0.253347 -0.174334
v 0.338649 0.256968 -0.172404
v 0.336715 0.254379 -0.170856
v 0.340737 0.258767 -0.168428
v 0.339278 0.256644 -0.166020
v 0.332839 0.253347 -0.168617
v 0.340490 0.262501 -0.174254
v 0.342413 0.262221 -0.165490
v 0.341336 0.260828 -0.162368
v 0.335614 0.255798 -0.163383
v 0.341471 0.262893 -0.171968
v 0.342575 0.266294 -0.160455
v 0.339182 0.266244 -0.157359
v 0.337842 0.260327 -0.159430
v 0.342291 0.265017 -0.170945
v 0.342806 0.272212 -0.160572
v 0.339433 0.272649 -0.157486
v 0.342867 0.267779 -0.170106
v 0.343432 0.266730 -0.163919
v 0.341994 0.277678 -0.162702
v 0.338554 0.278566 -0.159791
v 0.343027 0.270718 -0.170046
v 0.343626 0.271609 -0.164009
v 0.342037 0.274482 -0.172364
v 0.341554 0.279470 -0.168854
v 0.342974 0.276092 -0.165695
v 0.342800 0.273186 -0.170345
v 0.340848 0.275495 -0.174835
v 0.339587 0.281331 -0.172914
v 0.340263 0.281862 -0.166520
v 0.336680 0.283095 -0.163924
v 0.342153 0.271465 -0.172953
v 0.341883 0.268406 -0.173276
v 0.341373 0.265427 -0.173906
v 0.340904 0.272265 -0.175579
v 0.340521 0.269029 -0.176107
v 0.340069 0.265796 -0.176600
v 0.339530 0.272637 -0.178238
v 0.339090 0.269655 -0.178902
v 0.338751 0.266600 -0.179190
v 0.308701 0.080747 -0.156648
v 0.304769 0.080046 -0.154380
v 0.301869 0.080046 -0.160097
v 0.306022 0.080747 -0.161930
v 0.310074 0.090988 -0.166724
v 0.310276 0.088889 -0.165387
v 0.306721 0.084940 -0.166753
v 0.305567 0.088372 -0.169955
v 0.311514 0.088486 -0.163232
v 0.308578 0.083150 -0.162659
v 0.303784 0.082998 -0.166930
v 0.309918 0.093733 -0.167776
v 0.305196 0.092855 -0.171855
v 0.302326 0.087157 -0.170887
v 0.299446 0.082482 -0.165510
v 0.297869 0.086984 -0.169792
v 0.310156 0.096655 -0.168038
v 0.305703 0.097704 -0.172120
v 0.301872 0.092592 -0.173198
v 0.297378 0.092867 -0.172294
v 0.310425 0.099121 -0.167760
v 0.306971 0.102163 -0.170747
v 0.302491 0.098474 -0.173512
v 0.298047 0.099233 -0.172633
v 0.304087 0.103908 -0.171780
v 0.299775 0.105115 -0.170759
v 0.311687 0.100397 -0.165995
v 0.308902 0.105519 -0.167847
v 0.306419 0.108067 -0.168267
v 0.302298 0.109617 -0.166956
v 0.313045 0.101402 -0.163609
v 0.311137 0.107369 -0.163923
v 0.309130 0.110318 -0.163506
v 0.305234 0.112054 -0.161804
v 0.313346 0.107374 -0.159570
v 0.311809 0.110318 -0.158224
v 0.315176 0.105588 -0.155463
v 0.314048 0.108067 -0.153224
v 0.308134 0.112054 -0.156086
v 0.314366 0.101515 -0.161004
v 0.316356 0.102153 -0.152274
v 0.315505 0.103908 -0.149267
v 0.310557 0.109617 -0.150674
v 0.315293 0.101154 -0.158691
v 0.315959 0.098474 -0.146956
v 0.312134 0.105115 -0.146391
v 0.312625 0.099233 -0.143890
v 0.315807 0.099014 -0.157513
v 0.315341 0.092592 -0.146642
v 0.311956 0.092867 -0.143550
v 0.315986 0.096266 -0.156473
v 0.316727 0.097670 -0.150374
v 0.313745 0.087157 -0.148374
v 0.310228 0.086984 -0.145425
v 0.315724 0.093347 -0.156198
v 0.316221 0.092820 -0.150110
v 0.314193 0.089605 -0.158242
v 0.315144 0.090922 -0.156318
v 0.314926 0.088366 -0.151469
v 0.313021 0.085006 -0.154382
v 0.312859 0.088596 -0.160639
v 0.310786 0.083156 -0.158307
v 0.311413 0.082998 -0.151888
v 0.307704 0.082482 -0.149227
v 0.314737 0.092524 -0.159048
v 0.314905 0.095558 -0.159594
v 0.314824 0.098526 -0.160440
v 0.313373 0.091722 -0.161615
v 0.313454 0.094933 -0.162379
v 0.313466 0.098153 -0.163107
v 0.311946 0.091359 -0.164247
v 0.311934 0.094317 -0.165129
v 0.312033 0.097360 -0.165639
v 0.328925 0.797781 0.107019
v 0.330764 0.797781 0.101389
v 0.326531 0.798482 0.099750
v 0.324541 0.798482 0.105844
v 0.337019 0.787540 0.100862
v 0.336115 0.790156 0.095391
v 0.334668 0.793588 0.098472
v 0.336217 0.789638 0.101951
v 0.333087 0.795377 0.102680
v 0.335569 0.790041 0.104350
v 0.332715 0.795530 0.096270
v 0.337652 0.784795 0.100008
v 0.337196 0.785673 0.093785
v 0.334481 0.791370 0.092441
v 0.330555 0.791543 0.090064
v 0.328643 0.796045 0.094209
v 0.338006 0.781873 0.099991
v 0.337741 0.780823 0.093956
v 0.335794 0.785936 0.090485
v 0.331976 0.785661 0.087947
v 0.337999 0.779407 0.100377
v 0.337668 0.776365 0.095823
v 0.336453 0.780054 0.090700
v 0.332689 0.779294 0.088180
v 0.336358 0.774619 0.093054
v 0.332586 0.773412 0.090728
v 0.337644 0.778131 0.102518
v 0.336984 0.773009 0.099239
v 0.335524 0.770460 0.097187
v 0.331683 0.768910 0.095202
v 0.336918 0.777125 0.105165
v 0.335791 0.771159 0.103595
v 0.334077 0.768209 0.102471
v 0.330117 0.766474 0.100921
v 0.334276 0.771153 0.108235
v 0.332238 0.768209 0.108101
v 0.332667 0.772939 0.112433
v 0.330287 0.770460 0.113220
v 0.328126 0.766474 0.107015
v 0.336012 0.777012 0.107942
v 0.331248 0.776375 0.115523
v 0.328520 0.774619 0.117049
v 0.326014 0.768910 0.112556
v 0.335032 0.777374 0.110233
v 0.327208 0.780054 0.119005
v 0.322682 0.779294 0.118817
v 0.324103 0.773412 0.116700
v 0.334562 0.779514 0.111430
v 0.326549 0.785936 0.118790
v 0.321969 0.785661 0.118584
v 0.333954 0.782261 0.112292
v 0.330167 0.780858 0.117130
v 0.326644 0.791370 0.116436
v 0.322071 0.791543 0.116037
v 0.333575 0.785181 0.112301
v 0.329622 0.785707 0.116959
v 0.333936 0.788923 0.109774
v 0.330379 0.793522 0.111675
v 0.329667 0.790162 0.115082
v 0.333249 0.787606 0.111807
v 0.334687 0.789931 0.107135
v 0.331572 0.795372 0.107319
v 0.327478 0.795530 0.112303
v 0.322975 0.796045 0.111563
v 0.334891 0.786004 0.109587
v 0.335396 0.782970 0.109321
v 0.335936 0.780002 0.108664
v 0.335741 0.786806 0.106807
v 0.336338 0.783595 0.106325
v 0.336861 0.780374 0.105818
v 0.336592 0.787169 0.103937
v 0.337207 0.784210 0.103305
v 0.337638 0.781167 0.103014
v 0.360021 0.633176 0.117176
v 0.361860 0.633176 0.111546
v 0.357790 0.634595 0.109960
v 0.355800 0.634595 0.116054
v 0.366483 0.622140 0.110486
v 0.366009 0.625133 0.105155
v 0.365090 0.628588 0.108409
v 0.366006 0.624280 0.111681
v 0.363785 0.630385 0.112707
v 0.365418 0.624657 0.114100
v 0.363465 0.630912 0.106314
v 0.366693 0.619377 0.109494
v 0.366400 0.620623 0.103324
v 0.364591 0.626728 0.102276
v 0.360746 0.627615 0.099926
v 0.359527 0.632144 0.104296
v 0.366598 0.616440 0.109330
v 0.366199 0.615744 0.103251
v 0.365067 0.621261 0.100047
v 0.361262 0.621698 0.097513
v 0.366214 0.613987 0.109593
v 0.365440 0.611262 0.104894
v 0.364821 0.615344 0.099966
v 0.360995 0.615293 0.097426
v 0.363890 0.609877 0.102047
v 0.359987 0.609376 0.099678
v 0.365660 0.612675 0.111669
v 0.364239 0.607883 0.108142
v 0.362415 0.605693 0.105971
v 0.358391 0.604847 0.103925
v 0.364779 0.611662 0.114266
v 0.362761 0.606023 0.112405
v 0.360622 0.603428 0.111142
v 0.356450 0.602396 0.109522
v 0.361246 0.606017 0.117044
v 0.358783 0.603428 0.116772
v 0.359912 0.607816 0.121332
v 0.357178 0.605693 0.122004
v 0.354459 0.602396 0.115616
v 0.363855 0.611550 0.117037
v 0.359021 0.611270 0.124595
v 0.356052 0.609877 0.126042
v 0.352722 0.604847 0.121279
v 0.362933 0.611942 0.119347
v 0.355576 0.615344 0.128271
v 0.350988 0.615293 0.128063
v 0.351503 0.609376 0.125650
v 0.362791 0.614066 0.120650
v 0.355822 0.621261 0.128351
v 0.351255 0.621698 0.128150
v 0.362605 0.616829 0.121651
v 0.358631 0.615779 0.126427
v 0.356754 0.626728 0.126271
v 0.352263 0.627615 0.125898
v 0.362676 0.619767 0.121807
v 0.358832 0.620658 0.126500
v 0.363613 0.623532 0.119467
v 0.360791 0.628519 0.121609
v 0.359562 0.625141 0.124847
v 0.362726 0.622235 0.121435
v 0.364519 0.624544 0.116879
v 0.362269 0.630380 0.117346
v 0.358228 0.630912 0.122347
v 0.353859 0.632144 0.121651
v 0.364112 0.620514 0.119132
v 0.364149 0.617456 0.118713
v 0.364234 0.614477 0.117907
v 0.365085 0.621315 0.116392
v 0.365188 0.618078 0.115748
v 0.365216 0.614845 0.115080
v 0.365993 0.621686 0.113541
v 0.366152 0.618704 0.112759
v 0.366114 0.615649 0.112316
v 0.360021 0.284127 0.117176
v 0.361860 0.284127 0.111546
v 0.357790 0.285546 0.109960
v 0.355800 0.285546 0.116054
v 0.366483 0.273091 0.110486
v 0.366009 0.276084 0.105156
v 0.365090 0.279539 0.108409
v 0.366006 0.275231 0.111681
v 0.363785 0.281336 0.112707
v 0.365418 0.275608 0.114100
v 0.363465 0.281863 0.106314
v 0.366693 0.270328 0.109494
v 0.366400 0.271574 0.103324
v 0.364591 0.277679 0.102276
v 0.360746 0.278566 0.099926
v 0.359527 0.283095 0.104297
v 0.366598 0.267391 0.109330
v 0.366199 0.266695 0.103251
v 0.365067 0.272212 0.100047
v 0.361262 0.272649 0.097513
v 0.366214 0.264938 0.109593
v 0.365440 0.262213 0.104894
v 0.364821 0.266295 0.099966
v 0.360995 0.266244 0.097426
v 0.363890 0.260828 0.102047
v 0.359987 0.260327 0.099678
v 0.365660 0.263626 0.111670
v 0.364239 0.258834 0.108142
v 0.362415 0.256644 0.105971
v 0.358391 0.255798 0.103925
v 0.364779 0.262613 0.114266
v 0.362761 0.256974 0.112405
v 0.360622 0.254379 0.111142
v 0.356450 0.253347 0.109522
v 0.361246 0.256968 0.117044
v 0.358783 0.254379 0.116772
v 0.359912 0.258767 0.121333
v 0.357178 0.256644 0.122004
v 0.354459 0.253347 0.115616
v 0.363855 0.262501 0.117037
v 0.359021 0.262221 0.124595
v 0.356052 0.260828 0.126042
v 0.352722 0.255798 0.121280
v 0.362933 0.262893 0.119347
v 0.355576 0.266295 0.128271
v 0.350988 0.266244 0.128063
v 0.351503 0.260327 0.125650
v 0.362791 0.265017 0.120650
v 0.355822 0.272212 0.128351
v 0.351255 0.272649 0.128150
v 0.362605 0.267779 0.121651
v 0.358631 0.266730 0.126427
v 0.356754 0.277679 0.126271
v 0.352263 0.278566 0.125898
v 0.362676 0.270718 0.121807
v 0.358832 0.271609 0.126500
v 0.363613 0.274483 0.119467
v 0.360791 0.279470 0.121609
v 0.359562 0.276092 0.124847
v 0.362726 0.273186 0.121435
v 0.364519 0.275495 0.116879
v 0.362269 0.281331 0.117346
v 0.358228 0.281863 0.122347
v 0.353859 0.283095 0.121651
v 0.364112 0.271465 0.119132
v 0.364149 0.268407 0.118713
v 0.364234 0.265428 0.117907
v 0.365085 0.272266 0.116392
v 0.365188 0.269029 0.115748
v 0.365216 0.265796 0.115080
v 0.365993 0.272637 0.113541
v 0.366152 0.269655 0.112759
v 0.366114 0.266600 0.112316
v 0.328925 0.080747 0.107019
v 0.324541 0.080046 0.105844
v 0.326531 0.080046 0.099750
v 0.330764 0.080747 0.101389
v 0.337019 0.090988 0.100862
v 0.336217 0.088889 0.101951
v 0.334668 0.084940 0.098472
v 0.336115 0.088372 0.095391
v 0.335569 0.088486 0.104350
v 0.333087 0.083150 0.102680
v 0.332715 0.082998 0.096270
v 0.337652 0.093733 0.100008
v 0.337196 0.092855 0.093785
v 0.334481 0.087157 0.092441
v 0.328643 0.082482 0.094209
v 0.330555 0.086984 0.090064
v 0.338006 0.096655 0.099991
v 0.337741 0.097704 0.093956
v 0.335794 0.092592 0.090485
v 0.331976 0.092867 0.087948
v 0.337999 0.099121 0.100377
v 0.337668 0.102163 0.095823
v 0.336453 0.098474 0.090700
v 0.332689 0.099233 0.088180
v 0.336358 0.103908 0.093054
v 0.332586 0.105116 0.090728
v 0.337644 0.100397 0.102519
v 0.336984 0.105519 0.099239
v 0.335524 0.108067 0.097187
v 0.331683 0.109617 0.095202
v 0.336918 0.101402 0.105165
v 0.335791 0.107369 0.103595
v 0.334077 0.110318 0.102471
v 0.330117 0.112054 0.100921
v 0.334276 0.107374 0.108235
v 0.332238 0.110318 0.108101
v 0.332667 0.105588 0.112433
v 0.330287 0.108067 0.113220
v 0.328126 0.112054 0.107015
v 0.336012 0.101515 0.107942
v 0.331248 0.102153 0.115524
v 0.328520 0.103908 0.117049
v 0.326014 0.109617 0.112556
v 0.335032 0.101154 0.110233
v 0.327208 0.098474 0.119005
v 0.324103 0.105115 0.116700
v 0.322682 0.099233 0.118817
v 0.334562 0.099014 0.111430
v 0.326549 0.092592 0.118790
v 0.321969 0.092867 0.118584
v 0.333954 0.096266 0.112292
v 0.330167 0.097670 0.117130
v 0.326644 0.087157 0.116436
v 0.322071 0.086984 0.116037
v 0.333575 0.093347 0.112301
v 0.329622 0.092820 0.116959
v 0.333936 0.089605 0.109774
v 0.333249 0.090922 0.111807
v 0.329667 0.088366 0.115082
v 0.330379 0.085006 0.111675
v 0.334687 0.088596 0.107135
v 0.331572 0.083156 0.107319
v 0.327478 0.082998 0.112303
v 0.322975 0.082482 0.111563
v 0.334891 0.092524 0.109587
v 0.335396 0.095558 0.109321
v 0.335936 0.098526 0.108664
v 0.335741 0.091722 0.106808
v 0.336338 0.094933 0.106325
v 0.336861 0.098153 0.105818
v 0.336592 0.091359 0.103937
v 0.337207 0.094317 0.103305
v 0.337637 0.097360 0.103014
v 0.160920 0.797781 0.305711
v 0.166164 0.797781 0.302959
v 0.164274 0.798482 0.298832
v 0.158597 0.798482 0.301811
v 0.171014 0.787540 0.306944
v 0.174182 0.790156 0.302393
v 0.170996 0.793588 0.303592
v 0.169680 0.789639 0.307165
v 0.166929 0.795377 0.305505
v 0.167542 0.790041 0.308433
v 0.171133 0.795530 0.300652
v 0.172063 0.784795 0.306774
v 0.176077 0.785673 0.301996
v 0.175069 0.791370 0.299140
v 0.173913 0.791543 0.294698
v 0.169652 0.796045 0.296335
v 0.172329 0.781873 0.307008
v 0.176348 0.780823 0.302499
v 0.177374 0.785936 0.298654
v 0.176407 0.785661 0.294172
v 0.172055 0.779407 0.307280
v 0.174994 0.776365 0.303786
v 0.177696 0.780054 0.299267
v 0.176756 0.779294 0.294836
v 0.175986 0.774620 0.300888
v 0.174906 0.773412 0.296590
v 0.170307 0.778131 0.308568
v 0.172121 0.773009 0.305757
v 0.172506 0.770460 0.303268
v 0.171138 0.768910 0.299166
v 0.167941 0.777125 0.309958
v 0.168228 0.771159 0.308046
v 0.167784 0.768209 0.306045
v 0.166027 0.766474 0.302173
v 0.163906 0.771153 0.310315
v 0.162539 0.768209 0.308798
v 0.159825 0.772939 0.312202
v 0.157570 0.770460 0.311105
v 0.160350 0.766474 0.305152
v 0.165354 0.777012 0.311315
v 0.156653 0.776375 0.313426
v 0.153634 0.774620 0.312617
v 0.154972 0.768910 0.307649
v 0.163054 0.777374 0.312274
v 0.151329 0.780054 0.313103
v 0.148217 0.779294 0.309812
v 0.150712 0.773412 0.309286
v 0.161883 0.779514 0.312804
v 0.151007 0.785936 0.312489
v 0.147868 0.785661 0.309148
v 0.160845 0.782262 0.312998
v 0.154758 0.780858 0.313824
v 0.152717 0.791370 0.310869
v 0.149719 0.791543 0.307394
v 0.160568 0.785181 0.312740
v 0.154487 0.785707 0.313321
v 0.162590 0.788923 0.311181
v 0.158714 0.793522 0.310062
v 0.155828 0.790162 0.312007
v 0.160679 0.787606 0.312159
v 0.164968 0.789931 0.309813
v 0.162607 0.795372 0.307773
v 0.156197 0.795530 0.308489
v 0.153486 0.796045 0.304818
v 0.163404 0.786004 0.311713
v 0.163951 0.782970 0.311874
v 0.164797 0.780002 0.311781
v 0.165952 0.786806 0.310314
v 0.166716 0.783595 0.310384
v 0.167444 0.780374 0.310386
v 0.168563 0.787169 0.308850
v 0.169445 0.784211 0.308826
v 0.169956 0.781167 0.308918
v 0.176120 0.633176 0.334679
v 0.181365 0.633176 0.331927
v 0.179554 0.634595 0.327951
v 0.173878 0.634595 0.330930
v 0.185417 0.622140 0.334391
v 0.188795 0.625133 0.330241
v 0.185867 0.628588 0.331931
v 0.184242 0.624280 0.334914
v 0.181935 0.630385 0.334101
v 0.182133 0.624657 0.336238
v 0.186164 0.630912 0.329296
v 0.186259 0.619377 0.333827
v 0.190353 0.620623 0.329200
v 0.189787 0.626728 0.327188
v 0.188671 0.627615 0.322822
v 0.184749 0.632144 0.325104
v 0.186306 0.616440 0.333642
v 0.190259 0.615745 0.329008
v 0.191683 0.621261 0.325923
v 0.190723 0.621698 0.321452
v 0.185847 0.613987 0.333563
v 0.188569 0.611262 0.329656
v 0.191563 0.615344 0.325693
v 0.190592 0.615293 0.321204
v 0.189445 0.609877 0.326534
v 0.188300 0.609376 0.322115
v 0.184002 0.612675 0.334665
v 0.185444 0.607883 0.331146
v 0.185651 0.605693 0.328318
v 0.184194 0.604847 0.324045
v 0.181560 0.611662 0.335911
v 0.181411 0.606023 0.333170
v 0.180759 0.603428 0.330773
v 0.178899 0.602396 0.326702
v 0.177090 0.606017 0.335438
v 0.175515 0.603428 0.333525
v 0.173143 0.607816 0.337581
v 0.170716 0.605693 0.336155
v 0.173222 0.602396 0.329681
v 0.178965 0.611550 0.337253
v 0.170229 0.611270 0.339298
v 0.167092 0.609877 0.338264
v 0.168028 0.604847 0.332529
v 0.176693 0.611942 0.338265
v 0.165196 0.615344 0.339529
v 0.162054 0.615293 0.336180
v 0.164106 0.609376 0.334811
v 0.175682 0.614066 0.339100
v 0.165317 0.621261 0.339758
v 0.162184 0.621698 0.336428
v 0.174851 0.616829 0.339687
v 0.168672 0.615779 0.340338
v 0.167435 0.626728 0.338917
v 0.164477 0.627615 0.335518
v 0.174793 0.619767 0.339848
v 0.168765 0.620658 0.340530
v 0.177097 0.623532 0.338826
v 0.173580 0.628519 0.338392
v 0.170441 0.625141 0.339856
v 0.175088 0.622235 0.339617
v 0.179551 0.624544 0.337603
v 0.177613 0.630380 0.336368
v 0.171229 0.630912 0.337133
v 0.168583 0.632144 0.333587
v 0.177688 0.620514 0.338934
v 0.178007 0.617456 0.338659
v 0.178629 0.614477 0.338141
v 0.180296 0.621315 0.337649
v 0.180818 0.618078 0.337259
v 0.181305 0.614845 0.336799
v 0.182935 0.621686 0.336238
v 0.183594 0.618704 0.335789
v 0.183877 0.615649 0.335445
v 0.176120 0.284127 0.334679
v 0.181365 0.284127 0.331927
v 0.179554 0.285546 0.327951
v 0.173878 0.285546 0.330930
v 0.185417 0.273091 0.334391
v 0.188795 0.276084 0.330241
v 0.185867 0.279539 0.331931
v 0.184242 0.275231 0.334914
v 0.181935 0.281336 0.334101
v 0.182133 0.275608 0.336238
v 0.186164 0.281863 0.329296
v 0.186259 0.270328 0.333827
v 0.190353 0.271574 0.329200
v 0.189787 0.277679 0.327188
v 0.188671 0.278566 0.322822
v 0.184749 0.283095 0.325104
v 0.186306 0.267391 0.333642
v 0.190259 0.266695 0.329008
v 0.191683 0.272212 0.325923
v 0.190723 0.272649 0.321453
v 0.185847 0.264938 0.333563
v 0.188569 0.262213 0.329656
v 0.191563 0.266295 0.325693
v 0.190592 0.266244 0.321204
v 0.189445 0.260828 0.326534
v 0.188300 0.260327 0.322115
v 0.184002 0.263626 0.334665
v 0.185444 0.258834 0.331146
v 0.185651 0.256644 0.328318
v 0.184194 0.255798 0.324045
v 0.181560 0.262613 0.335911
v 0.181411 0.256974 0.333170
v 0.180759 0.254379 0.330773
v 0.178899 0.253347 0.326703
v 0.177090 0.256968 0.335438
v 0.175515 0.254379 0.333525
v 0.173143 0.258767 0.337581
v 0.170716 0.256644 0.336156
v 0.173222 0.253347 0.329681
v 0.178965 0.262501 0.337253
v 0.170229 0.262221 0.339298
v 0.167092 0.260828 0.338264
v 0.168028 0.255798 0.332529
v 0.176693 0.262893 0.338265
v 0.165196 0.266295 0.339529
v 0.162054 0.266244 0.336180
v 0.164106 0.260327 0.334811
v 0.175682 0.265017 0.339100
v 0.165317 0.272212 0.339759
v 0.162184 0.272649 0.336428
v 0.174851 0.267779 0.339687
v 0.168672 0.266730 0.340338
v 0.167435 0.277678 0.338917
v 0.164477 0.278566 0.335518
v 0.174793 0.270718 0.339848
v 0.168765 0.271609 0.340530
v 0.177097 0.274483 0.338826
v 0.173580 0.279470 0.338392
v 0.170441 0.276092 0.339856
v 0.175088 0.273186 0.339617
v 0.179551 0.275495 0.337603
v 0.177613 0.281331 0.336368
v 0.171229 0.281863 0.337133
v 0.168583 0.283095 0.333587
v 0.177688 0.271465 0.338934
v 0.178007 0.268407 0.338659
v 0.178629 0.265428 0.338141
v 0.180296 0.272266 0.337649
v 0.180818 0.269029 0.337259
v 0.181305 0.265796 0.336799
v 0.182935 0.272637 0.336238
v 0.183594 0.269655 0.335789
v 0.183877 0.266600 0.335445
v 0.160920 0.080747 0.305712
v 0.158597 0.080046 0.301811
v 0.164274 0.080046 0.298833
v 0.166164 0.080747 0.302959
v 0.171014 0.090988 0.306944
v 0.169680 0.088889 0.307165
v 0.170996 0.084940 0.303592
v 0.174182 0.088372 0.302393
v 0.167542 0.088486 0.308433
v 0.166929 0.083150 0.305505
v 0.171133 0.082998 0.300652
v 0.172063 0.093733 0.306774
v 0.176077 0.092855 0.301996
v 0.175069 0.087157 0.299140
v 0.169652 0.082482 0.296335
v 0.173913 0.086984 0.294698
v 0.172329 0.096655 0.307008
v 0.176348 0.097704 0.302499
v 0.177374 0.092592 0.298654
v 0.176407 0.092867 0.294172
v 0.172055 0.099121 0.307280
v 0.174994 0.102163 0.303786
v 0.177696 0.098474 0.299267
v 0.176756 0.099233 0.294836
v 0.175986 0.103908 0.300888
v 0.174906 0.105115 0.296590
v 0.170307 0.100397 0.308568
v 0.172121 0.105519 0.305757
v 0.172506 0.108067 0.303268
v 0.171138 0.109618 0.299166
v 0.167941 0.101402 0.309958
v 0.168228 0.107369 0.308046
v 0.167784 0.110318 0.306045
v 0.166027 0.112054 0.302173
v 0.163906 0.107374 0.310315
v 0.162539 0.110318 0.308798
v 0.159825 0.105588 0.312202
v 0.157570 0.108067 0.311105
v 0.160350 0.112054 0.305152
v 0.165354 0.101516 0.311315
v 0.156653 0.102153 0.313426
v 0.153634 0.103908 0.312617
v 0.154972 0.109618 0.307650
v 0.163054 0.101154 0.312274
v 0.151329 0.098474 0.313103
v 0.150712 0.105115 0.309286
v 0.148217 0.099233 0.309812
v 0.161883 0.099014 0.312804
v 0.151007 0.092592 0.312490
v 0.147868 0.092867 0.309148
v 0.160846 0.096266 0.312998
v 0.154758 0.097670 0.313824
v 0.152717 0.087157 0.310869
v 0.149719 0.086984 0.307394
v 0.160568 0.093347 0.312740
v 0.154487 0.092820 0.313321
v 0.162590 0.089605 0.311181
v 0.160679 0.090922 0.312159
v 0.155828 0.088366 0.312007
v 0.158714 0.085006 0.310062
v 0.164968 0.088596 0.309813
v 0.162607 0.083156 0.307773
v 0.156197 0.082998 0.308489
v 0.153486 0.082483 0.304818
v 0.163404 0.092524 0.311713
v 0.163951 0.095558 0.311874
v 0.164797 0.098526 0.311781
v 0.165952 0.091722 0.310314
v 0.166716 0.094933 0.310384
v 0.167444 0.098153 0.310386
v 0.168563 0.091359 0.308850
v 0.169445 0.094317 0.308826
v 0.169956 0.097360 0.308918
v 0.000000 0.646237 -0.365074
v 0.139708 0.646237 -0.337284
v 0.139708 0.271679 -0.337284
v 0.000000 0.271679 -0.365074
v 0.254596 0.646237 -0.260518
v 0.254596 0.271679 -0.260518
v 0.258146 0.646237 -0.258146
v 0.337284 0.646237 -0.139708
v 0.337284 0.271679 -0.139708
v 0.258146 0.271679 -0.258146
v 0.364262 0.646237 -0.004080
v 0.364262 0.271679 -0.004080
v 0.365074 0.646237 -0.000000
v 0.337284 0.646237 0.139708
v 0.337284 0.271680 0.139708
v 0.365074 0.271679 -0.000000
v 0.260425 0.646237 0.254735
v 0.260425 0.271680 0.254735
v 0.258146 0.646237 0.258146
v 0.139708 0.646237 0.337284
v 0.139708 0.271680 0.337284
v 0.258146 0.271680 0.258146
v 0.003890 0.646237 0.364300
v 0.003890 0.271680 0.364300
v 0.000000 0.646237 0.365074
v -0.139708 0.646237 0.337284
v -0.139708 0.271680 0.337284
v 0.000000 0.271680 0.365074
v -0.258146 0.646237 0.258146
v -0.258146 0.271680 0.258146
v -0.261248 0.646237 0.253503
v -0.337284 0.646237 0.139708
v -0.337284 0.271680 0.139708
v -0.261248 0.271680 0.253503
v -0.365074 0.646237 -0.000000
v -0.365074 0.271679 -0.000000
v -0.364349 0.646237 -0.003646
v -0.337284 0.646237 -0.139708
v -0.337284 0.271679 -0.139708
v -0.364349 0.271679 -0.003646
v -0.259986 0.646237 -0.255393
v -0.259986 0.271679 -0.255393
v -0.258146 0.646237 -0.258146
v -0.139708 0.646237 -0.337284
v -0.139708 0.271679 -0.337284
v -0.258146 0.271679 -0.258146
v -0.003725 0.646237 -0.364333
v -0.003725 0.271679 -0.364333
v -0.005339 0.641613 -0.338233
v -0.005339 0.276304 -0.338233
v 0.129238 0.276393 -0.312009
v 0.129238 0.641524 -0.312009
v 0.000000 0.900611 -0.312839
v 0.118358 0.917917 -0.285742
v -0.003156 -0.000000 -0.308657
v -0.118358 -0.000000 -0.285742
v -0.118833 0.911879 -0.286888
v -0.003168 0.911879 -0.309895
v -0.218698 -0.000000 -0.218698
v -0.219574 0.911879 -0.219574
v -0.220256 -0.000000 -0.216365
v -0.285742 -0.000000 -0.118358
v -0.287279 0.909815 -0.118995
v -0.221441 0.909815 -0.217529
v -0.308671 -0.000000 -0.003088
v -0.308671 0.917917 -0.003089
v -0.309285 0.000000 0.000000
v -0.285742 0.000000 0.118358
v -0.286807 0.912303 0.118799
v -0.310480 0.912100 -0.000000
v -0.221326 0.000000 0.214764
v -0.223358 0.904091 0.216736
v -0.218698 0.000000 0.218698
v -0.118358 0.000000 0.285742
v -0.119677 0.901132 0.288926
v -0.219872 0.909828 0.219872
v 0.000000 0.000000 0.309285
v 0.000000 0.894194 0.314157
v 0.003295 0.000000 0.308630
v 0.118358 0.000000 0.285742
v 0.119065 0.908923 0.287448
v 0.003315 0.908923 0.310472
v 0.218698 0.000000 0.218698
v 0.220004 0.908923 0.220003
v 0.220628 0.000000 0.215808
v 0.285742 0.000000 0.118358
v 0.290023 0.895355 0.120131
v 0.223933 0.895355 0.219041
v 0.309285 0.000000 0.000000
v 0.313918 0.895355 -0.000000
v 0.308598 -0.000000 -0.003456
v 0.285742 -0.000000 -0.118358
v 0.288928 0.901124 -0.119678
v 0.310527 0.908502 -0.003478
v 0.218698 -0.000000 -0.218698
v 0.220065 0.908502 -0.220065
v 0.215690 -0.000000 -0.220707
v 0.118358 -0.000000 -0.285742
v 0.215690 0.917917 -0.220707
v 0.000000 -0.000000 -0.309285
v 0.239392 0.276308 -0.237764
v 0.239392 0.641608 -0.237764
v 0.235392 0.641613 -0.242942
v 0.235392 0.276304 -0.242942
v 0.312009 0.276393 -0.129238
v 0.312009 0.641524 -0.129238
v 0.337422 0.276308 0.001259
v 0.337422 0.641609 0.001259
v 0.338233 0.641613 -0.005339
v 0.338233 0.276304 -0.005339
v 0.312009 0.276393 0.129238
v 0.312009 0.641524 0.129238
v 0.237671 0.276308 0.239531
v 0.237671 0.641609 0.239531
v 0.242942 0.641613 0.235391
v 0.242942 0.276304 0.235392
v 0.129238 0.276393 0.312009
v 0.129238 0.641524 0.312009
v -0.001449 0.276308 0.337460
v -0.001449 0.641609 0.337460
v 0.005339 0.641613 0.338233
v 0.005339 0.276304 0.338233
v -0.129238 0.276393 0.312009
v -0.129238 0.641524 0.312009
v -0.242942 0.276304 0.235392
v -0.242942 0.641613 0.235391
v -0.238494 0.641607 0.238299
v -0.238494 0.276310 0.238299
v -0.312009 0.276393 0.129238
v -0.312009 0.641524 0.129238
v -0.338233 0.276304 -0.005339
v -0.337185 0.641610 0.000038
v -0.335680 0.641603 -0.007692
v -0.336271 0.276312 -0.004660
v -0.312009 0.276393 -0.129238
v -0.312009 0.641524 -0.129238
v -0.237231 0.276307 -0.240189
v -0.237231 0.641609 -0.240189
v -0.242942 0.641613 -0.235392
v -0.242942 0.276304 -0.235392
v -0.129238 0.276393 -0.312009
v -0.129238 0.641524 -0.312009
v 0.001614 0.276308 -0.337492
v 0.001614 0.641609 -0.337492
v 0.107992 0.908422 -0.261209
v -0.005203 0.891287 -0.286684
v -0.108166 0.009495 -0.261136
v 0.002047 0.009325 -0.282502
v 0.002034 0.902555 -0.283739
v -0.108641 0.902385 -0.262282
v -0.203882 0.009325 -0.196524
v -0.204758 0.902555 -0.197401
v -0.261136 0.009495 -0.108166
v -0.198082 0.009325 -0.201550
v -0.199267 0.900490 -0.202714
v -0.262640 0.900320 -0.108883
v -0.282515 0.009325 0.002114
v -0.281775 0.908284 -0.002020
v -0.261136 0.009495 0.108166
v -0.281557 0.009337 0.002903
v -0.282740 0.902778 0.002941
v -0.262167 0.902808 0.108690
v -0.199152 0.009325 0.199948
v -0.201184 0.894766 0.201920
v -0.108166 0.009495 0.261136
v -0.203882 0.009325 0.196524
v -0.205056 0.900504 0.197698
v -0.109334 0.891637 0.264384
v 0.005203 0.009325 0.283130
v 0.005203 0.884869 0.288001
v 0.108166 0.009495 0.261136
v -0.001907 0.009325 0.282474
v -0.001888 0.899599 0.284317
v 0.108873 0.899429 0.262842
v 0.203882 0.009325 0.196524
v 0.205188 0.899599 0.197830
v 0.261136 0.009495 0.108166
v 0.198455 0.009325 0.200992
v 0.201760 0.886031 0.204225
v 0.265417 0.885860 0.109939
v 0.283130 0.009325 -0.005203
v 0.287763 0.886030 -0.005203
v 0.261136 0.009495 -0.108166
v 0.282442 0.009325 0.001747
v 0.284371 0.899178 0.001725
v 0.264321 0.891629 -0.109488
v 0.196524 0.009325 -0.203882
v 0.197891 0.899178 -0.205249
v 0.108166 0.009495 -0.261136
v 0.200874 0.009325 -0.198534
v 0.200874 0.908592 -0.198534
v -0.005203 0.009325 -0.283130
vt 1.000000 0.630086
vt 0.990896 0.584172
vt 0.991067 0.674885
vt 0.967515 0.710875
vt 0.967515 0.548474
vt 0.507077 0.790451
vt 0.544893 0.764942
vt 0.545093 0.602541
vt 0.507077 0.576733
vt 0.705440 0.750663
vt 0.748221 0.742224
vt 0.749337 0.528509
vt 0.705440 0.519573
vt 0.753316 0.264594
vt 0.709700 0.255647
vt 0.709700 0.486737
vt 0.752200 0.478309
vt 0.792180 0.130639
vt 0.756409 0.105910
vt 0.756409 0.319629
vt 0.793103 0.294047
vt 0.946597 0.127518
vt 0.970822 0.164456
vt 0.970822 0.001045
vt 0.947050 0.036733
vt 0.937741 0.082732
vt 0.367302 0.914397
vt 0.353782 0.870723
vt 0.361383 0.959998
vt 0.331381 0.855103
vt 0.328398 0.980457
vt 0.199408 0.526361
vt 0.197328 0.700634
vt 0.244599 0.687902
vt 0.236831 0.534493
vt 0.432257 0.724786
vt 0.438176 0.524546
vt 0.388839 0.528655
vt 0.387837 0.723093
vt 0.056380 0.723529
vt 0.057381 0.529129
vt 0.013260 0.527418
vt 0.007339 0.727620
vt 0.695599 0.688542
vt 0.689252 0.534511
vt 0.652983 0.526091
vt 0.650882 0.700591
vt 0.958488 0.773614
vt 0.949926 0.684300
vt 0.927324 0.668908
vt 0.924354 0.794828
vt 0.964114 0.729127
vt 0.063660 0.730213
vt 0.001219 0.737401
vt 0.970822 0.728435
vt 0.964821 0.777657
vt 0.006003 0.520375
vt 0.063660 0.520126
vt 0.374005 0.913735
vt 0.367708 0.964078
vt 0.191878 0.519088
vt 0.243015 0.527284
vt 0.702918 0.694042
vt 0.645429 0.710875
vt 0.251989 0.693362
vt 0.381556 0.521973
vt 0.444297 0.514771
vt 0.323327 0.845447
vt 0.359329 0.866098
vt 0.323327 0.992042
vt 0.381556 0.732095
vt 0.645429 0.518741
vt 0.695489 0.527398
vt 0.191878 0.710875
vt 0.439514 0.731825
vt 0.919294 0.806366
vt 0.919294 0.659378
vt 0.955444 0.679610
vt 0.997347 0.240166
vt 0.988244 0.194252
vt 0.988414 0.284965
vt 0.964862 0.320955
vt 0.964862 0.158554
vt 0.751109 0.790451
vt 0.788925 0.764942
vt 0.789125 0.602541
vt 0.751109 0.576733
vt 0.335413 0.750663
vt 0.378195 0.742224
vt 0.379310 0.528509
vt 0.335413 0.519573
vt 0.755968 0.009952
vt 0.712353 0.001005
vt 0.712353 0.232095
vt 0.754853 0.223667
vt 0.789528 0.385281
vt 0.753757 0.360552
vt 0.753757 0.574270
vt 0.790451 0.548689
vt 0.938640 0.315847
vt 0.962865 0.352785
vt 0.962865 0.189374
vt 0.939092 0.225062
vt 0.929783 0.271060
vt 0.974729 0.491321
vt 0.961209 0.447646
vt 0.968810 0.536921
vt 0.938808 0.432026
vt 0.935825 0.557380
vt 0.137074 0.526361
vt 0.134993 0.700634
vt 0.182264 0.687902
vt 0.174497 0.534493
vt 0.322178 0.727438
vt 0.328096 0.527199
vt 0.278759 0.531308
vt 0.277757 0.725745
vt 0.120040 0.723529
vt 0.121041 0.529129
vt 0.076921 0.527418
vt 0.071000 0.727620
vt 0.496660 0.688542
vt 0.490313 0.534511
vt 0.454044 0.526091
vt 0.451943 0.700591
vt 0.954509 0.935418
vt 0.945947 0.846104
vt 0.923345 0.830711
vt 0.920375 0.956632
vt 0.960135 0.890931
vt 0.127321 0.730213
vt 0.064880 0.737401
vt 0.966844 0.890238
vt 0.960842 0.939460
vt 0.069664 0.520375
vt 0.127321 0.520126
vt 0.981432 0.490658
vt 0.975135 0.541002
vt 0.129544 0.519088
vt 0.180681 0.527284
vt 0.503979 0.694042
vt 0.446490 0.710875
vt 0.189655 0.693362
vt 0.271477 0.524625
vt 0.334217 0.517424
vt 0.930754 0.422370
vt 0.966756 0.443021
vt 0.930754 0.568965
vt 0.271477 0.734748
vt 0.446490 0.518741
vt 0.496550 0.527398
vt 0.129544 0.710875
vt 0.329434 0.734477
vt 0.915315 0.968170
vt 0.915315 0.821181
vt 0.951465 0.841414
vt 0.416018 0.176496
vt 0.367075 0.175751
vt 0.366886 0.181748
vt 0.414643 0.182746
vt 0.365652 0.240618
vt 0.312858 0.239517
vt 0.312834 0.246429
vt 0.365509 0.246915
vt 0.106017 0.239512
vt 0.054721 0.240584
vt 0.054833 0.246895
vt 0.106090 0.246434
vt 0.261892 0.240036
vt 0.209435 0.238995
vt 0.209462 0.245895
vt 0.261852 0.246130
vt 0.158476 0.240026
vt 0.158496 0.246125
vt 0.054769 0.172825
vt 0.000842 0.173832
vt 0.002464 0.180750
vt 0.054859 0.179194
vt 0.159644 0.172748
vt 0.106710 0.171989
vt 0.106746 0.178974
vt 0.159630 0.178905
vt 0.417504 0.241851
vt 0.415911 0.248691
vt 0.001393 0.241835
vt 0.003020 0.248682
vt 0.315975 0.173174
vt 0.315797 0.180118
vt 0.211358 0.171958
vt 0.211317 0.178927
vt 0.262990 0.173246
vt 0.262927 0.179405
vt 0.418435 0.151021
vt 0.417413 0.144338
vt 0.368128 0.142140
vt 0.367871 0.148442
vt 0.365754 0.215868
vt 0.365741 0.209332
vt 0.313254 0.207120
vt 0.313141 0.214207
vt 0.105719 0.214205
vt 0.105649 0.207108
vt 0.054606 0.209292
vt 0.054630 0.215839
vt 0.262047 0.214576
vt 0.262077 0.208044
vt 0.209449 0.206464
vt 0.209425 0.213568
vt 0.158264 0.208031
vt 0.158320 0.214568
vt 0.054792 0.147790
vt 0.054807 0.141183
vt 0.001771 0.138705
vt 0.000003 0.145870
vt 0.159609 0.147013
vt 0.159578 0.140416
vt 0.106494 0.139220
vt 0.106533 0.146381
vt 0.418435 0.214223
vt 0.416764 0.207124
vt 0.002142 0.207092
vt 0.000437 0.214201
vt 0.316503 0.140099
vt 0.316443 0.147254
vt 0.211479 0.146233
vt 0.211505 0.139057
vt 0.263345 0.140880
vt 0.263270 0.147482
vt 0.106913 0.204948
vt 0.159668 0.203893
vt 0.211201 0.204778
vt 0.003025 0.273873
vt 0.055175 0.272135
vt 0.262651 0.204370
vt 0.315417 0.205910
vt 0.366384 0.205961
vt 0.415305 0.206233
vt 0.106373 0.272109
vt 0.158644 0.270818
vt 0.209439 0.271465
vt 0.261706 0.270823
vt 0.312507 0.272099
vt 0.365165 0.272144
vt 0.415863 0.273873
vt 0.002341 0.206233
vt 0.055079 0.204729
vt 0.412847 0.172515
vt 0.413458 0.154803
vt 0.414553 0.174772
vt 0.416415 0.152743
vt 0.417545 0.059288
vt 0.416487 0.065745
vt 0.367897 0.067456
vt 0.367752 0.061227
vt 0.053486 0.077822
vt 0.053528 0.071265
vt 0.105985 0.070342
vt 0.106094 0.077270
vt 0.312440 0.077314
vt 0.312505 0.070382
vt 0.363499 0.071304
vt 0.363505 0.077864
vt 0.156954 0.076560
vt 0.156922 0.070088
vt 0.209267 0.069694
vt 0.209291 0.076619
vt 0.260190 0.070101
vt 0.260134 0.076575
vt 0.055852 0.060840
vt 0.055871 0.067464
vt 0.002025 0.068966
vt 0.000391 0.061813
vt 0.160419 0.062045
vt 0.160363 0.068583
vt 0.107533 0.068359
vt 0.107596 0.061359
vt 0.000092 0.076867
vt 0.001663 0.069778
vt 0.416719 0.069860
vt 0.418319 0.076944
vt 0.316585 0.068243
vt 0.316542 0.061259
vt 0.212061 0.061963
vt 0.212060 0.068966
vt 0.263683 0.068487
vt 0.263631 0.061944
vt 0.418435 0.033151
vt 0.367076 0.033965
vt 0.366938 0.027802
vt 0.416944 0.026422
vt 0.053651 0.102706
vt 0.106409 0.102634
vt 0.106454 0.109678
vt 0.053857 0.109146
vt 0.312133 0.102656
vt 0.363313 0.102710
vt 0.363143 0.109155
vt 0.312042 0.109704
vt 0.157107 0.101808
vt 0.209296 0.102068
vt 0.209271 0.109089
vt 0.157152 0.107988
vt 0.259965 0.101811
vt 0.259943 0.107993
vt 0.056023 0.035688
vt 0.000245 0.032798
vt 0.002208 0.025508
vt 0.056197 0.029178
vt 0.160570 0.036514
vt 0.107885 0.035696
vt 0.107967 0.028578
vt 0.160581 0.030269
vt 0.000003 0.105569
vt 0.001906 0.112786
vt 0.418435 0.105606
vt 0.416500 0.112823
vt 0.316157 0.035275
vt 0.315985 0.028209
vt 0.212038 0.036192
vt 0.212021 0.029095
vt 0.263435 0.036379
vt 0.263390 0.030131
vt 0.108251 0.003382
vt 0.160702 0.004399
vt 0.211987 0.003907
vt 0.414118 0.137931
vt 0.362316 0.134912
vt 0.263190 0.004280
vt 0.315620 0.003114
vt 0.366510 0.003010
vt 0.415903 0.002457
vt 0.311740 0.134595
vt 0.259796 0.133549
vt 0.209269 0.133978
vt 0.157304 0.133554
vt 0.106755 0.134587
vt 0.054713 0.134931
vt 0.004301 0.137931
vt 0.004605 0.000091
vt 0.057018 0.003103
vt 0.414070 0.055411
vt 0.413600 0.037322
vt 0.415946 0.057613
vt 0.416485 0.035035
vt 0.262425 0.457366
vt 0.314790 0.457191
vt 0.314719 0.451145
vt 0.262355 0.451698
vt 0.001428 0.398541
vt 0.054967 0.396992
vt 0.054938 0.391118
vt 0.000003 0.392133
vt 0.365373 0.455873
vt 0.365352 0.450286
vt 0.366099 0.396698
vt 0.417101 0.398011
vt 0.418435 0.392066
vt 0.366089 0.391177
vt 0.051297 0.457817
vt 0.104370 0.458223
vt 0.104353 0.451932
vt 0.051426 0.452277
vt 0.210670 0.458223
vt 0.210643 0.452044
vt 0.264531 0.397871
vt 0.316277 0.397844
vt 0.316229 0.391869
vt 0.264483 0.392270
vt 0.158457 0.457830
vt 0.158466 0.452038
vt 0.001965 0.455624
vt 0.001079 0.449887
vt 0.108877 0.398137
vt 0.108968 0.391920
vt 0.160806 0.398008
vt 0.213658 0.398541
vt 0.213677 0.392442
vt 0.160822 0.392293
vt 0.417093 0.457043
vt 0.418435 0.451021
vt 0.261673 0.423526
vt 0.261670 0.428873
vt 0.313889 0.428861
vt 0.313839 0.422827
vt 0.001960 0.360209
vt 0.000448 0.366492
vt 0.054500 0.368324
vt 0.054647 0.362650
vt 0.364697 0.428426
vt 0.364598 0.422961
vt 0.365437 0.364232
vt 0.365512 0.369632
vt 0.418196 0.368080
vt 0.416739 0.362117
vt 0.051634 0.421372
vt 0.051567 0.426800
vt 0.104048 0.428407
vt 0.104172 0.422162
vt 0.210061 0.423042
vt 0.210044 0.429191
vt 0.263896 0.364472
vt 0.263881 0.369754
vt 0.315476 0.369912
vt 0.315443 0.363948
vt 0.158019 0.428712
vt 0.158057 0.423252
vt 0.001336 0.421306
vt 0.000189 0.427114
vt 0.108648 0.369014
vt 0.108691 0.362806
vt 0.160508 0.363901
vt 0.160447 0.369291
vt 0.213152 0.369922
vt 0.213157 0.363850
vt 0.418116 0.426685
vt 0.416612 0.420654
vt 0.158557 0.400359
vt 0.210409 0.400511
vt 0.055522 0.339128
vt 0.109331 0.340061
vt 0.161052 0.341309
vt 0.213574 0.341636
vt 0.364501 0.400816
vt 0.415779 0.399239
vt 0.313986 0.400720
vt 0.261927 0.401077
vt 0.365408 0.342407
vt 0.415984 0.341006
vt 0.104753 0.399194
vt 0.001063 0.399304
vt 0.052090 0.398670
vt 0.315654 0.342161
vt 0.264214 0.342350
vt 0.004983 0.431457
vt 0.004766 0.445836
vt 0.002998 0.336801
vt 0.002709 0.448298
vt 0.001741 0.428688
vt 0.262425 0.517048
vt 0.314790 0.516873
vt 0.314719 0.510826
vt 0.262355 0.511379
vt 0.001428 0.336207
vt 0.054967 0.334658
vt 0.054938 0.328784
vt 0.000003 0.329799
vt 0.365373 0.515555
vt 0.365352 0.509968
vt 0.366099 0.334364
vt 0.417101 0.335677
vt 0.418435 0.329732
vt 0.366089 0.328843
vt 0.051297 0.517499
vt 0.104370 0.517905
vt 0.104353 0.511614
vt 0.051427 0.511959
vt 0.210671 0.517905
vt 0.210643 0.511726
vt 0.264531 0.335537
vt 0.316277 0.335510
vt 0.316229 0.329535
vt 0.264483 0.329935
vt 0.158457 0.517512
vt 0.158466 0.511720
vt 0.001965 0.515306
vt 0.001079 0.509569
vt 0.108877 0.335803
vt 0.108968 0.329586
vt 0.160806 0.335674
vt 0.213658 0.336207
vt 0.213677 0.330108
vt 0.160822 0.329959
vt 0.417093 0.516724
vt 0.418435 0.510703
vt 0.261673 0.483208
vt 0.261670 0.488555
vt 0.313889 0.488543
vt 0.313839 0.482508
vt 0.001960 0.297874
vt 0.000448 0.304158
vt 0.054500 0.305990
vt 0.054647 0.300316
vt 0.364698 0.488108
vt 0.364598 0.482643
vt 0.365437 0.301898
vt 0.365512 0.307298
vt 0.418196 0.305746
vt 0.416739 0.299783
vt 0.051634 0.481054
vt 0.051567 0.486481
vt 0.104048 0.488089
vt 0.104172 0.481843
vt 0.210061 0.482724
vt 0.210045 0.488873
vt 0.263896 0.302138
vt 0.263881 0.307420
vt 0.315476 0.307578
vt 0.315443 0.301614
vt 0.158019 0.488394
vt 0.158057 0.482933
vt 0.001336 0.480987
vt 0.000189 0.486796
vt 0.108648 0.306680
vt 0.108691 0.300471
vt 0.160508 0.301567
vt 0.160447 0.306957
vt 0.213152 0.307588
vt 0.213157 0.301516
vt 0.418116 0.486366
vt 0.416612 0.480336
vt 0.158557 0.460041
vt 0.210409 0.460193
vt 0.055521 0.276794
vt 0.109331 0.277727
vt 0.161052 0.278975
vt 0.213574 0.279302
vt 0.364501 0.460497
vt 0.415779 0.458920
vt 0.313986 0.460402
vt 0.261927 0.460759
vt 0.365408 0.280072
vt 0.415984 0.278672
vt 0.104753 0.458876
vt 0.001063 0.458986
vt 0.052090 0.458352
vt 0.315654 0.279827
vt 0.264214 0.280016
vt 0.004983 0.491139
vt 0.004766 0.505518
vt 0.002998 0.274466
vt 0.002709 0.507980
vt 0.001741 0.488370
vt 0.270837 0.903209
vt 0.282417 0.903427
vt 0.284974 0.917772
vt 0.268090 0.917669
vt 0.285429 0.880800
vt 0.294633 0.886361
vt 0.288790 0.892448
vt 0.283413 0.884315
vt 0.280923 0.895451
vt 0.279363 0.884825
vt 0.293020 0.898859
vt 0.287122 0.876361
vt 0.298064 0.878556
vt 0.301317 0.890830
vt 0.314369 0.899209
vt 0.301707 0.912087
vt 0.287274 0.871612
vt 0.297928 0.870031
vt 0.305861 0.880122
vt 0.320955 0.882715
vt 0.286770 0.867589
vt 0.294910 0.862146
vt 0.305818 0.868509
vt 0.320687 0.865115
vt 0.301386 0.857792
vt 0.313750 0.849000
vt 0.283227 0.865555
vt 0.288763 0.856366
vt 0.293147 0.849673
vt 0.301201 0.836831
vt 0.278828 0.863877
vt 0.280968 0.853011
vt 0.282480 0.845265
vt 0.284990 0.830375
vt 0.272494 0.853177
vt 0.270959 0.845351
vt 0.264652 0.856196
vt 0.260323 0.849762
vt 0.267590 0.830631
vt 0.274127 0.863757
vt 0.258906 0.862306
vt 0.252252 0.857948
vt 0.251608 0.837493
vt 0.270088 0.864288
vt 0.247853 0.868545
vt 0.233075 0.866020
vt 0.239512 0.849933
vt 0.268095 0.867800
vt 0.247909 0.880000
vt 0.233290 0.883294
vt 0.266426 0.872222
vt 0.255558 0.870065
vt 0.252247 0.890595
vt 0.240044 0.899164
vt 0.266276 0.876944
vt 0.255700 0.878506
vt 0.270289 0.882982
vt 0.264733 0.892097
vt 0.258673 0.886322
vt 0.266771 0.880945
vt 0.274665 0.884675
vt 0.272456 0.895512
vt 0.260333 0.898684
vt 0.252296 0.911193
vt 0.271149 0.878121
vt 0.271785 0.873290
vt 0.273053 0.868582
vt 0.275730 0.879414
vt 0.276761 0.874284
vt 0.277784 0.869150
vt 0.280460 0.879997
vt 0.281742 0.875282
vt 0.282377 0.870436
vt 0.801341 0.836896
vt 0.812921 0.837114
vt 0.815478 0.851459
vt 0.798593 0.851356
vt 0.815933 0.814487
vt 0.825137 0.820048
vt 0.819294 0.826135
vt 0.813917 0.818002
vt 0.811427 0.829138
vt 0.809867 0.818512
vt 0.823524 0.832546
vt 0.817626 0.810049
vt 0.828568 0.812243
vt 0.831821 0.824517
vt 0.844873 0.832896
vt 0.832211 0.845774
vt 0.817778 0.805299
vt 0.828432 0.803718
vt 0.836365 0.813809
vt 0.851459 0.816402
vt 0.817274 0.801276
vt 0.825414 0.795833
vt 0.836322 0.802196
vt 0.851191 0.798802
vt 0.831890 0.791479
vt 0.844254 0.782687
vt 0.813730 0.799242
vt 0.819267 0.790053
vt 0.823650 0.783360
vt 0.831705 0.770518
vt 0.809332 0.797564
vt 0.811472 0.786698
vt 0.812984 0.778952
vt 0.815493 0.764062
vt 0.802998 0.786865
vt 0.801463 0.779038
vt 0.795156 0.789883
vt 0.790827 0.783450
vt 0.798093 0.764318
vt 0.804631 0.797444
vt 0.789410 0.795993
vt 0.782756 0.791635
vt 0.782112 0.771180
vt 0.800591 0.797975
vt 0.778357 0.802232
vt 0.763578 0.799707
vt 0.770016 0.783620
vt 0.798599 0.801486
vt 0.778412 0.813687
vt 0.763793 0.816981
vt 0.796929 0.805909
vt 0.786062 0.803752
vt 0.782751 0.824283
vt 0.770548 0.832851
vt 0.796779 0.810632
vt 0.786204 0.812193
vt 0.800792 0.816669
vt 0.795237 0.825784
vt 0.789177 0.820009
vt 0.797275 0.814632
vt 0.805169 0.818362
vt 0.802960 0.829199
vt 0.790836 0.832372
vt 0.782800 0.844880
vt 0.801653 0.811808
vt 0.802288 0.806977
vt 0.803557 0.802270
vt 0.806234 0.813101
vt 0.807265 0.807971
vt 0.808288 0.802837
vt 0.810964 0.813684
vt 0.812246 0.808969
vt 0.812881 0.804123
vt 0.106381 0.903209
vt 0.117960 0.903427
vt 0.120518 0.917772
vt 0.103633 0.917669
vt 0.120972 0.880800
vt 0.130177 0.886361
vt 0.124334 0.892448
vt 0.118957 0.884315
vt 0.116467 0.895451
vt 0.114907 0.884825
vt 0.128564 0.898859
vt 0.122666 0.876362
vt 0.133608 0.878556
vt 0.136861 0.890830
vt 0.149913 0.899209
vt 0.137251 0.912087
vt 0.122817 0.871612
vt 0.133472 0.870031
vt 0.141405 0.880122
vt 0.156499 0.882715
vt 0.122313 0.867589
vt 0.130454 0.862146
vt 0.141362 0.868509
vt 0.156231 0.865115
vt 0.136930 0.857792
vt 0.149293 0.849000
vt 0.118770 0.865555
vt 0.124307 0.856366
vt 0.128690 0.849673
vt 0.136744 0.836831
vt 0.114372 0.863877
vt 0.116512 0.853011
vt 0.118023 0.845265
vt 0.120533 0.830375
vt 0.108038 0.853177
vt 0.106502 0.845351
vt 0.100195 0.856196
vt 0.095867 0.849762
vt 0.103133 0.830631
vt 0.109670 0.863757
vt 0.094450 0.862306
vt 0.087795 0.857948
vt 0.087151 0.837493
vt 0.105631 0.864288
vt 0.083397 0.868545
vt 0.068618 0.866020
vt 0.075056 0.849933
vt 0.103639 0.867800
vt 0.083452 0.880000
vt 0.068833 0.883294
vt 0.101969 0.872222
vt 0.091102 0.870065
vt 0.087791 0.890596
vt 0.075588 0.899164
vt 0.101819 0.876944
vt 0.091244 0.878506
vt 0.105832 0.882982
vt 0.100277 0.892097
vt 0.094217 0.886322
vt 0.102315 0.880945
vt 0.110209 0.884675
vt 0.108000 0.895512
vt 0.095876 0.898684
vt 0.087840 0.911193
vt 0.106693 0.878121
vt 0.107328 0.873290
vt 0.108597 0.868582
vt 0.111274 0.879414
vt 0.112304 0.874284
vt 0.113328 0.869150
vt 0.116004 0.879997
vt 0.117286 0.875282
vt 0.117921 0.870436
vt 0.216460 0.778540
vt 0.213713 0.793001
vt 0.230597 0.793103
vt 0.228040 0.778758
vt 0.231052 0.756131
vt 0.229036 0.759647
vt 0.234414 0.767779
vt 0.240256 0.761693
vt 0.224986 0.760156
vt 0.226547 0.770783
vt 0.238644 0.774191
vt 0.232745 0.751693
vt 0.243687 0.753887
vt 0.246940 0.766162
vt 0.247331 0.787418
vt 0.259992 0.774541
vt 0.232897 0.746944
vt 0.243551 0.745362
vt 0.251484 0.755454
vt 0.266578 0.758046
vt 0.232393 0.742920
vt 0.240533 0.737477
vt 0.251441 0.743841
vt 0.266311 0.740446
vt 0.247009 0.733124
vt 0.259373 0.724332
vt 0.228850 0.740887
vt 0.234387 0.731697
vt 0.238770 0.725005
vt 0.246824 0.712162
vt 0.224451 0.739208
vt 0.226591 0.728342
vt 0.228103 0.720596
vt 0.230613 0.705706
vt 0.218117 0.728509
vt 0.216582 0.720683
vt 0.210275 0.731528
vt 0.205946 0.725094
vt 0.213213 0.705963
vt 0.219750 0.739088
vt 0.204529 0.737638
vt 0.197875 0.733279
vt 0.197231 0.712824
vt 0.215711 0.739620
vt 0.193476 0.743876
vt 0.185135 0.725265
vt 0.178698 0.741351
vt 0.213719 0.743131
vt 0.193531 0.755332
vt 0.178913 0.758625
vt 0.212049 0.747554
vt 0.201182 0.745396
vt 0.197870 0.765927
vt 0.185667 0.774496
vt 0.211899 0.752276
vt 0.201323 0.753837
vt 0.215912 0.758313
vt 0.212394 0.756276
vt 0.204296 0.761653
vt 0.210356 0.767428
vt 0.220288 0.760007
vt 0.218079 0.770843
vt 0.205956 0.774016
vt 0.197919 0.786524
vt 0.216772 0.753452
vt 0.217408 0.748621
vt 0.218676 0.743914
vt 0.221353 0.754746
vt 0.222384 0.749615
vt 0.223407 0.744482
vt 0.226084 0.755328
vt 0.227365 0.750613
vt 0.228000 0.745768
vt 0.120970 0.805066
vt 0.132549 0.805283
vt 0.135106 0.819629
vt 0.118222 0.819526
vt 0.135561 0.782656
vt 0.144766 0.788218
vt 0.138923 0.794304
vt 0.133546 0.786172
vt 0.131056 0.797308
vt 0.129496 0.786681
vt 0.143153 0.800716
vt 0.137255 0.778218
vt 0.148197 0.780413
vt 0.151450 0.792687
vt 0.164502 0.801066
vt 0.151840 0.813944
vt 0.137406 0.773469
vt 0.148061 0.771887
vt 0.155994 0.781979
vt 0.171088 0.784572
vt 0.136902 0.769446
vt 0.145043 0.764003
vt 0.155951 0.770366
vt 0.170820 0.766971
vt 0.151519 0.759649
vt 0.163882 0.750857
vt 0.133359 0.767412
vt 0.138896 0.758223
vt 0.143279 0.751530
vt 0.151333 0.738688
vt 0.128961 0.765733
vt 0.131100 0.754868
vt 0.132612 0.747121
vt 0.135122 0.732232
vt 0.122626 0.755034
vt 0.121091 0.747208
vt 0.114784 0.758053
vt 0.110456 0.751619
vt 0.117722 0.732488
vt 0.124259 0.765613
vt 0.109039 0.764163
vt 0.102384 0.759804
vt 0.101740 0.739349
vt 0.120220 0.766145
vt 0.097986 0.770401
vt 0.083207 0.767877
vt 0.089645 0.751790
vt 0.118228 0.769656
vt 0.098041 0.781857
vt 0.083422 0.785150
vt 0.116558 0.774079
vt 0.105691 0.771921
vt 0.102380 0.792452
vt 0.090176 0.801021
vt 0.116408 0.778801
vt 0.105832 0.780363
vt 0.120421 0.784838
vt 0.114866 0.793954
vt 0.108806 0.788179
vt 0.116904 0.782801
vt 0.124797 0.786532
vt 0.122588 0.797369
vt 0.110465 0.800541
vt 0.102429 0.813049
vt 0.121282 0.779977
vt 0.121917 0.775146
vt 0.123185 0.770439
vt 0.125863 0.781271
vt 0.126893 0.776141
vt 0.127916 0.771007
vt 0.130593 0.781853
vt 0.131874 0.777139
vt 0.132510 0.772293
vt 0.298688 0.815676
vt 0.310268 0.815894
vt 0.312825 0.830239
vt 0.295941 0.830136
vt 0.313280 0.793267
vt 0.322484 0.798828
vt 0.316642 0.804915
vt 0.311265 0.796782
vt 0.308775 0.807918
vt 0.307214 0.797291
vt 0.320872 0.811326
vt 0.314974 0.788828
vt 0.325915 0.791022
vt 0.329169 0.803297
vt 0.342221 0.811676
vt 0.329559 0.824554
vt 0.315125 0.784079
vt 0.325780 0.782497
vt 0.333713 0.792589
vt 0.348806 0.795182
vt 0.314621 0.780056
vt 0.322761 0.774613
vt 0.333669 0.780976
vt 0.348539 0.777581
vt 0.329237 0.770259
vt 0.341601 0.761467
vt 0.311078 0.778022
vt 0.316615 0.768833
vt 0.320998 0.762140
vt 0.329052 0.749298
vt 0.306679 0.776344
vt 0.308819 0.765478
vt 0.310331 0.757731
vt 0.312841 0.742842
vt 0.300345 0.765644
vt 0.298810 0.757818
vt 0.292503 0.768663
vt 0.288174 0.762229
vt 0.295441 0.743098
vt 0.301978 0.776223
vt 0.286758 0.774773
vt 0.280103 0.770414
vt 0.279459 0.749959
vt 0.297939 0.776755
vt 0.275705 0.781011
vt 0.260926 0.778487
vt 0.267364 0.762400
vt 0.295947 0.780266
vt 0.275760 0.792467
vt 0.261141 0.795760
vt 0.294277 0.784689
vt 0.283410 0.782532
vt 0.280099 0.803062
vt 0.267895 0.811631
vt 0.294127 0.789411
vt 0.283551 0.790973
vt 0.298140 0.795448
vt 0.292584 0.804564
vt 0.286524 0.798789
vt 0.294622 0.793411
vt 0.302516 0.797142
vt 0.300307 0.807979
vt 0.288184 0.811151
vt 0.280148 0.823659
vt 0.299001 0.790587
vt 0.299636 0.785757
vt 0.300904 0.781049
vt 0.303581 0.791881
vt 0.304612 0.786751
vt 0.305635 0.781617
vt 0.308312 0.792464
vt 0.309593 0.787749
vt 0.310229 0.782903
vt 0.833171 0.155198
vt 0.844751 0.155416
vt 0.847308 0.169761
vt 0.830424 0.169659
vt 0.847763 0.132789
vt 0.856967 0.138350
vt 0.851125 0.144437
vt 0.845747 0.136305
vt 0.843257 0.147440
vt 0.841697 0.136814
vt 0.855355 0.150849
vt 0.849456 0.128351
vt 0.860398 0.130545
vt 0.863651 0.142819
vt 0.876703 0.151198
vt 0.864042 0.164076
vt 0.849608 0.123601
vt 0.860262 0.122020
vt 0.868195 0.132112
vt 0.883289 0.134704
vt 0.849104 0.119578
vt 0.857244 0.114135
vt 0.868152 0.120499
vt 0.883021 0.117104
vt 0.863720 0.109782
vt 0.876084 0.100990
vt 0.845561 0.117545
vt 0.851097 0.108355
vt 0.855481 0.101662
vt 0.863535 0.088820
vt 0.841162 0.115866
vt 0.843302 0.105000
vt 0.844814 0.097254
vt 0.847324 0.082364
vt 0.834828 0.105167
vt 0.833293 0.097341
vt 0.826986 0.108186
vt 0.822657 0.101752
vt 0.829924 0.082620
vt 0.836461 0.115746
vt 0.821240 0.114295
vt 0.814586 0.109937
vt 0.813942 0.089482
vt 0.832422 0.116277
vt 0.810187 0.120534
vt 0.795409 0.118009
vt 0.801846 0.101923
vt 0.830430 0.119789
vt 0.810243 0.131990
vt 0.795624 0.135283
vt 0.828760 0.124212
vt 0.817893 0.122054
vt 0.814581 0.142585
vt 0.802378 0.151154
vt 0.828610 0.128934
vt 0.818034 0.130495
vt 0.832623 0.134971
vt 0.827067 0.144086
vt 0.821007 0.138311
vt 0.829105 0.132934
vt 0.836999 0.136665
vt 0.834790 0.147501
vt 0.822667 0.150674
vt 0.814630 0.163182
vt 0.833483 0.130110
vt 0.834119 0.125279
vt 0.835387 0.120572
vt 0.838064 0.131404
vt 0.839095 0.126273
vt 0.840118 0.121139
vt 0.842795 0.131986
vt 0.844076 0.127271
vt 0.844711 0.122426
vt 0.553330 0.948302
vt 0.550583 0.962762
vt 0.567467 0.962865
vt 0.564910 0.948520
vt 0.567922 0.925893
vt 0.565907 0.929408
vt 0.571284 0.937541
vt 0.577126 0.931454
vt 0.561856 0.929917
vt 0.563417 0.940544
vt 0.575514 0.943952
vt 0.569616 0.921454
vt 0.580557 0.923649
vt 0.583811 0.935923
vt 0.584201 0.957180
vt 0.596863 0.944302
vt 0.569767 0.916705
vt 0.580422 0.915123
vt 0.588355 0.925215
vt 0.603448 0.927808
vt 0.569263 0.912682
vt 0.577403 0.907239
vt 0.588311 0.913602
vt 0.603181 0.910207
vt 0.583879 0.902885
vt 0.596243 0.894093
vt 0.565720 0.910648
vt 0.571257 0.901459
vt 0.575640 0.894766
vt 0.583694 0.881924
vt 0.561321 0.908970
vt 0.563461 0.898104
vt 0.564973 0.890358
vt 0.567483 0.875468
vt 0.554987 0.898270
vt 0.553452 0.890444
vt 0.547145 0.901289
vt 0.542817 0.894855
vt 0.550083 0.875724
vt 0.556620 0.908849
vt 0.541400 0.907399
vt 0.534745 0.903040
vt 0.534101 0.882586
vt 0.552581 0.909381
vt 0.530347 0.913637
vt 0.522006 0.895026
vt 0.515568 0.911113
vt 0.550589 0.912892
vt 0.530402 0.925093
vt 0.515783 0.928387
vt 0.548919 0.917315
vt 0.538052 0.915158
vt 0.534741 0.935688
vt 0.522537 0.944257
vt 0.548769 0.922037
vt 0.538193 0.923599
vt 0.552782 0.928075
vt 0.549264 0.926037
vt 0.541166 0.931415
vt 0.547226 0.937190
vt 0.557158 0.929768
vt 0.554949 0.940605
vt 0.542826 0.943778
vt 0.534790 0.956285
vt 0.553643 0.923213
vt 0.554278 0.918383
vt 0.555546 0.913675
vt 0.558223 0.924507
vt 0.559254 0.919377
vt 0.560277 0.914243
vt 0.562954 0.925090
vt 0.564235 0.920375
vt 0.564871 0.915529
vt 0.862349 0.903209
vt 0.873929 0.903427
vt 0.876486 0.917772
vt 0.859602 0.917669
vt 0.876941 0.880800
vt 0.886145 0.886361
vt 0.880302 0.892448
vt 0.874925 0.884315
vt 0.872435 0.895451
vt 0.870875 0.884825
vt 0.884532 0.898859
vt 0.878634 0.876362
vt 0.889576 0.878556
vt 0.892829 0.890830
vt 0.905881 0.899209
vt 0.893219 0.912087
vt 0.878786 0.871612
vt 0.889440 0.870031
vt 0.897373 0.880122
vt 0.912467 0.882715
vt 0.878282 0.867589
vt 0.886422 0.862146
vt 0.897330 0.868509
vt 0.912199 0.865115
vt 0.892898 0.857792
vt 0.905262 0.849000
vt 0.874738 0.865555
vt 0.880275 0.856366
vt 0.884658 0.849673
vt 0.892713 0.836831
vt 0.870340 0.863877
vt 0.872479 0.853011
vt 0.873992 0.845265
vt 0.876501 0.830375
vt 0.864006 0.853178
vt 0.862471 0.845351
vt 0.856164 0.856196
vt 0.851835 0.849763
vt 0.859102 0.830631
vt 0.865639 0.863757
vt 0.850418 0.862306
vt 0.843764 0.857947
vt 0.843120 0.837493
vt 0.861600 0.864288
vt 0.839365 0.868545
vt 0.824586 0.866020
vt 0.831024 0.849933
vt 0.859607 0.867800
vt 0.839420 0.880001
vt 0.824802 0.883294
vt 0.857937 0.872222
vt 0.847070 0.870065
vt 0.843759 0.890596
vt 0.831556 0.899165
vt 0.857787 0.876945
vt 0.847212 0.878506
vt 0.861801 0.882982
vt 0.856245 0.892097
vt 0.850185 0.886322
vt 0.858283 0.880945
vt 0.866177 0.884675
vt 0.863968 0.895512
vt 0.851845 0.898685
vt 0.843808 0.911193
vt 0.862661 0.878121
vt 0.863297 0.873290
vt 0.864565 0.868583
vt 0.867242 0.879414
vt 0.868273 0.874284
vt 0.869296 0.869150
vt 0.871972 0.879997
vt 0.873254 0.875282
vt 0.873889 0.870436
vt 0.585160 0.720185
vt 0.596740 0.720403
vt 0.599297 0.734748
vt 0.582413 0.734645
vt 0.599752 0.697776
vt 0.608956 0.703337
vt 0.603114 0.709424
vt 0.597737 0.701291
vt 0.595247 0.712427
vt 0.593686 0.701801
vt 0.607344 0.715835
vt 0.601446 0.693338
vt 0.612388 0.695532
vt 0.615640 0.707806
vt 0.628693 0.716185
vt 0.616031 0.729063
vt 0.601597 0.688588
vt 0.612252 0.687007
vt 0.620185 0.697098
vt 0.635278 0.699691
vt 0.601093 0.684565
vt 0.609233 0.679122
vt 0.620141 0.685485
vt 0.635011 0.682091
vt 0.615709 0.674769
vt 0.628073 0.665976
vt 0.597550 0.682531
vt 0.603087 0.673342
vt 0.607470 0.666649
vt 0.615524 0.653807
vt 0.593152 0.680853
vt 0.595291 0.669987
vt 0.596803 0.662241
vt 0.599313 0.647351
vt 0.586817 0.670154
vt 0.585282 0.662327
vt 0.578975 0.673172
vt 0.574647 0.666738
vt 0.581913 0.647607
vt 0.588450 0.680733
vt 0.573230 0.679282
vt 0.566575 0.674924
vt 0.565931 0.654469
vt 0.584411 0.681264
vt 0.562176 0.685521
vt 0.547398 0.682996
vt 0.553836 0.666909
vt 0.582419 0.684776
vt 0.562232 0.696976
vt 0.547613 0.700270
vt 0.580749 0.689198
vt 0.569882 0.687041
vt 0.566571 0.707572
vt 0.554367 0.716140
vt 0.580599 0.693921
vt 0.570023 0.695482
vt 0.584612 0.699958
vt 0.579056 0.709073
vt 0.572996 0.703298
vt 0.581094 0.697921
vt 0.588988 0.701651
vt 0.586779 0.712488
vt 0.574656 0.715661
vt 0.566620 0.728169
vt 0.585473 0.695097
vt 0.586108 0.690266
vt 0.587376 0.685559
vt 0.590053 0.696390
vt 0.591084 0.691260
vt 0.592107 0.686126
vt 0.594784 0.696973
vt 0.596065 0.692258
vt 0.596700 0.687412
vt 0.833171 0.245384
vt 0.844751 0.245602
vt 0.847308 0.259947
vt 0.830424 0.259844
vt 0.847763 0.222975
vt 0.856967 0.228536
vt 0.851124 0.234623
vt 0.845747 0.226491
vt 0.843257 0.237626
vt 0.841697 0.227000
vt 0.855355 0.241034
vt 0.849456 0.218537
vt 0.860398 0.220731
vt 0.863651 0.233005
vt 0.876703 0.241384
vt 0.864042 0.254262
vt 0.849608 0.213787
vt 0.860262 0.212206
vt 0.868195 0.222297
vt 0.883289 0.224890
vt 0.849104 0.209764
vt 0.857244 0.204321
vt 0.868152 0.210684
vt 0.883022 0.207290
vt 0.863720 0.199967
vt 0.876084 0.191175
vt 0.845561 0.207731
vt 0.851097 0.198541
vt 0.855481 0.191848
vt 0.863535 0.179006
vt 0.841162 0.206052
vt 0.843302 0.195186
vt 0.844814 0.187440
vt 0.847324 0.172550
vt 0.834828 0.195353
vt 0.833293 0.187526
vt 0.826986 0.198371
vt 0.822657 0.191938
vt 0.829924 0.172806
vt 0.836461 0.205932
vt 0.821240 0.204481
vt 0.814586 0.200123
vt 0.813942 0.179668
vt 0.832422 0.206463
vt 0.810187 0.210720
vt 0.795409 0.208195
vt 0.801846 0.192108
vt 0.830430 0.209975
vt 0.810243 0.222175
vt 0.795624 0.225469
vt 0.828760 0.214397
vt 0.817893 0.212240
vt 0.814581 0.232771
vt 0.802378 0.241339
vt 0.828610 0.219120
vt 0.818034 0.220681
vt 0.832623 0.225157
vt 0.827067 0.234272
vt 0.821007 0.228497
vt 0.829105 0.223120
vt 0.836999 0.226850
vt 0.834790 0.237687
vt 0.822667 0.240860
vt 0.814630 0.253368
vt 0.833483 0.220296
vt 0.834119 0.215465
vt 0.835387 0.210758
vt 0.838064 0.221589
vt 0.839095 0.216459
vt 0.840118 0.211325
vt 0.842795 0.222172
vt 0.844076 0.217457
vt 0.844711 0.212611
vt 0.038741 0.842201
vt 0.035994 0.856661
vt 0.052878 0.856764
vt 0.050321 0.842419
vt 0.053333 0.819792
vt 0.051318 0.823307
vt 0.056695 0.831440
vt 0.062537 0.825353
vt 0.047267 0.823817
vt 0.048828 0.834443
vt 0.060925 0.837851
vt 0.055027 0.815353
vt 0.065969 0.817548
vt 0.069222 0.829822
vt 0.069612 0.851079
vt 0.082274 0.838201
vt 0.055178 0.810604
vt 0.065833 0.809022
vt 0.073766 0.819114
vt 0.088859 0.821707
vt 0.054674 0.806581
vt 0.062814 0.801138
vt 0.073722 0.807501
vt 0.088592 0.804106
vt 0.069290 0.796784
vt 0.081654 0.787992
vt 0.051131 0.804547
vt 0.056668 0.795358
vt 0.061051 0.788665
vt 0.069105 0.775823
vt 0.046733 0.802869
vt 0.048872 0.792003
vt 0.050384 0.784257
vt 0.052894 0.769367
vt 0.040398 0.792169
vt 0.038864 0.784343
vt 0.032556 0.795188
vt 0.028228 0.788754
vt 0.035494 0.769623
vt 0.042031 0.802749
vt 0.026811 0.801298
vt 0.020156 0.796940
vt 0.019512 0.776485
vt 0.037992 0.803280
vt 0.015758 0.807536
vt 0.007417 0.788925
vt 0.000979 0.805012
vt 0.036000 0.806791
vt 0.015813 0.818992
vt 0.001194 0.822286
vt 0.034330 0.811214
vt 0.023463 0.809057
vt 0.020152 0.829588
vt 0.007948 0.838156
vt 0.034180 0.815937
vt 0.023604 0.817498
vt 0.038193 0.821974
vt 0.034675 0.819937
vt 0.026577 0.825314
vt 0.032637 0.831089
vt 0.042569 0.823667
vt 0.040360 0.834504
vt 0.028237 0.837676
vt 0.020201 0.850185
vt 0.039054 0.817113
vt 0.039689 0.812282
vt 0.040957 0.807574
vt 0.043634 0.818406
vt 0.044665 0.813276
vt 0.045688 0.808142
vt 0.048365 0.818989
vt 0.049646 0.814274
vt 0.050282 0.809428
vt 0.867654 0.777214
vt 0.879234 0.777432
vt 0.881791 0.791777
vt 0.864906 0.791675
vt 0.882246 0.754805
vt 0.891450 0.760366
vt 0.885607 0.766453
vt 0.880230 0.758321
vt 0.877741 0.769456
vt 0.876180 0.758830
vt 0.889837 0.772865
vt 0.883939 0.750367
vt 0.894881 0.752561
vt 0.898134 0.764835
vt 0.911186 0.773214
vt 0.898524 0.786092
vt 0.884091 0.745617
vt 0.894745 0.744036
vt 0.902678 0.754128
vt 0.917772 0.756720
vt 0.883587 0.741594
vt 0.891727 0.736151
vt 0.902635 0.742514
vt 0.917504 0.739120
vt 0.898203 0.731798
vt 0.910567 0.723006
vt 0.880044 0.739561
vt 0.885580 0.730371
vt 0.889963 0.723679
vt 0.898018 0.710836
vt 0.875645 0.737882
vt 0.877785 0.727016
vt 0.879296 0.719270
vt 0.881806 0.704380
vt 0.869311 0.727183
vt 0.867776 0.719357
vt 0.861469 0.730202
vt 0.857140 0.723768
vt 0.864406 0.704637
vt 0.870944 0.737762
vt 0.855723 0.736311
vt 0.849069 0.731953
vt 0.848425 0.711498
vt 0.866904 0.738293
vt 0.844670 0.742550
vt 0.829891 0.740025
vt 0.836329 0.723938
vt 0.864912 0.741805
vt 0.844725 0.754006
vt 0.830106 0.757299
vt 0.863242 0.746228
vt 0.852375 0.744070
vt 0.849064 0.764601
vt 0.836861 0.773170
vt 0.863092 0.750950
vt 0.852517 0.752511
vt 0.867105 0.756987
vt 0.861550 0.766102
vt 0.855490 0.760328
vt 0.863588 0.754950
vt 0.871482 0.758681
vt 0.869273 0.769517
vt 0.857149 0.772690
vt 0.849113 0.785198
vt 0.867966 0.752126
vt 0.868602 0.747295
vt 0.869870 0.742588
vt 0.872547 0.753420
vt 0.873578 0.748289
vt 0.874601 0.743155
vt 0.877277 0.754002
vt 0.878559 0.749287
vt 0.879194 0.744442
vt 0.878264 0.530530
vt 0.889844 0.530748
vt 0.892401 0.545093
vt 0.875517 0.544990
vt 0.892856 0.508121
vt 0.902060 0.513682
vt 0.896218 0.519769
vt 0.890840 0.511636
vt 0.888350 0.522772
vt 0.886790 0.512146
vt 0.900448 0.526180
vt 0.894549 0.503682
vt 0.905491 0.505877
vt 0.908744 0.518151
vt 0.921796 0.526530
vt 0.909135 0.539408
vt 0.894701 0.498933
vt 0.905355 0.497351
vt 0.913288 0.507443
vt 0.928382 0.510036
vt 0.894197 0.494910
vt 0.902337 0.489467
vt 0.913245 0.495830
vt 0.928114 0.492436
vt 0.908813 0.485113
vt 0.921177 0.476321
vt 0.890654 0.492876
vt 0.896190 0.483687
vt 0.900574 0.476994
vt 0.908628 0.464152
vt 0.886255 0.491198
vt 0.888395 0.480332
vt 0.889907 0.472586
vt 0.892417 0.457696
vt 0.879921 0.480498
vt 0.878386 0.472672
vt 0.872079 0.483517
vt 0.867750 0.477083
vt 0.875017 0.457952
vt 0.881554 0.491077
vt 0.866333 0.489627
vt 0.859679 0.485268
vt 0.859035 0.464814
vt 0.877515 0.491609
vt 0.855280 0.495865
vt 0.840502 0.493341
vt 0.846939 0.477254
vt 0.875522 0.495120
vt 0.855336 0.507321
vt 0.840717 0.510615
vt 0.873853 0.499543
vt 0.862985 0.497386
vt 0.859674 0.517917
vt 0.847471 0.526485
vt 0.873703 0.504265
vt 0.863127 0.505827
vt 0.877716 0.510303
vt 0.872160 0.519418
vt 0.866100 0.513643
vt 0.874198 0.508266
vt 0.882092 0.511996
vt 0.879883 0.522833
vt 0.867760 0.526005
vt 0.859723 0.538514
vt 0.878576 0.505442
vt 0.879212 0.500611
vt 0.880480 0.495904
vt 0.883157 0.506735
vt 0.884188 0.501605
vt 0.885211 0.496471
vt 0.887887 0.507318
vt 0.889169 0.502603
vt 0.889804 0.497757
vt 0.880917 0.322307
vt 0.892496 0.322525
vt 0.895054 0.336870
vt 0.878169 0.336767
vt 0.895508 0.299898
vt 0.904712 0.305459
vt 0.898870 0.311546
vt 0.893493 0.303414
vt 0.891003 0.314549
vt 0.889443 0.303923
vt 0.903100 0.317957
vt 0.897202 0.295460
vt 0.908144 0.297654
vt 0.911397 0.309928
vt 0.924449 0.318307
vt 0.911787 0.331185
vt 0.897353 0.290710
vt 0.908008 0.289129
vt 0.915941 0.299220
vt 0.931035 0.301813
vt 0.896849 0.286687
vt 0.904990 0.281244
vt 0.915898 0.287607
vt 0.930767 0.284213
vt 0.911466 0.276891
vt 0.923829 0.268098
vt 0.893306 0.284653
vt 0.898843 0.275464
vt 0.903226 0.268771
vt 0.911280 0.255929
vt 0.888908 0.282975
vt 0.891047 0.272109
vt 0.892559 0.264363
vt 0.895069 0.249473
vt 0.882573 0.272276
vt 0.881038 0.264449
vt 0.874731 0.275295
vt 0.870403 0.268861
vt 0.877669 0.249729
vt 0.884206 0.282855
vt 0.868986 0.281404
vt 0.862331 0.277046
vt 0.861687 0.256591
vt 0.880167 0.283386
vt 0.857933 0.287643
vt 0.843154 0.285118
vt 0.849592 0.269031
vt 0.878175 0.286898
vt 0.857988 0.299099
vt 0.843369 0.302392
vt 0.876505 0.291321
vt 0.865638 0.289163
vt 0.862327 0.309694
vt 0.850123 0.318263
vt 0.876355 0.296043
vt 0.865780 0.297604
vt 0.880368 0.302080
vt 0.874812 0.311195
vt 0.868753 0.305420
vt 0.876850 0.300043
vt 0.884744 0.303773
vt 0.882536 0.314610
vt 0.870412 0.317783
vt 0.862376 0.330291
vt 0.881229 0.297219
vt 0.881864 0.292388
vt 0.883133 0.287681
vt 0.885809 0.298512
vt 0.886840 0.293382
vt 0.887863 0.288248
vt 0.890540 0.299095
vt 0.891822 0.294380
vt 0.892457 0.289534
vt 0.910094 0.407188
vt 0.907347 0.421648
vt 0.924231 0.421751
vt 0.921674 0.407406
vt 0.924686 0.384779
vt 0.922670 0.388294
vt 0.928048 0.396427
vt 0.933890 0.390340
vt 0.918620 0.388804
vt 0.920181 0.399430
vt 0.932278 0.402838
vt 0.926380 0.380341
vt 0.937321 0.382535
vt 0.940574 0.394809
vt 0.940965 0.416066
vt 0.953626 0.403188
vt 0.926531 0.375591
vt 0.937186 0.374010
vt 0.945118 0.384101
vt 0.960212 0.386694
vt 0.926027 0.371568
vt 0.934167 0.366125
vt 0.945075 0.372488
vt 0.959945 0.369094
vt 0.940643 0.361771
vt 0.953007 0.352979
vt 0.922484 0.369534
vt 0.928021 0.360345
vt 0.932404 0.353652
vt 0.940458 0.340810
vt 0.918085 0.367856
vt 0.920225 0.356990
vt 0.921737 0.349244
vt 0.924247 0.334354
vt 0.911751 0.357157
vt 0.910216 0.349330
vt 0.903909 0.360175
vt 0.899580 0.353742
vt 0.906847 0.334610
vt 0.913384 0.367735
vt 0.898163 0.366285
vt 0.891509 0.361926
vt 0.890865 0.341472
vt 0.909345 0.368267
vt 0.887110 0.372524
vt 0.878769 0.353912
vt 0.872332 0.369999
vt 0.907353 0.371779
vt 0.887166 0.383980
vt 0.872547 0.387273
vt 0.905683 0.376201
vt 0.894816 0.374044
vt 0.891505 0.394574
vt 0.879301 0.403143
vt 0.905533 0.380923
vt 0.894957 0.382485
vt 0.909546 0.386961
vt 0.906028 0.384924
vt 0.897930 0.390301
vt 0.903990 0.396076
vt 0.913922 0.388654
vt 0.911713 0.399491
vt 0.899590 0.402664
vt 0.891554 0.415172
vt 0.910407 0.382100
vt 0.911042 0.377269
vt 0.912310 0.372562
vt 0.914987 0.383393
vt 0.916018 0.378263
vt 0.917041 0.373129
vt 0.919718 0.383976
vt 0.920999 0.379261
vt 0.921634 0.374415
vt 0.709829 0.852811
vt 0.721409 0.853029
vt 0.723966 0.867374
vt 0.707082 0.867271
vt 0.724421 0.830402
vt 0.733625 0.835963
vt 0.727782 0.842050
vt 0.722405 0.833918
vt 0.719916 0.845053
vt 0.718355 0.834427
vt 0.732012 0.848461
vt 0.726114 0.825964
vt 0.737056 0.828158
vt 0.740309 0.840432
vt 0.753361 0.848811
vt 0.740699 0.861689
vt 0.726266 0.821214
vt 0.736920 0.819633
vt 0.744853 0.829724
vt 0.759947 0.832317
vt 0.725762 0.817191
vt 0.733902 0.811748
vt 0.744810 0.818111
vt 0.759679 0.814717
vt 0.740378 0.807395
vt 0.752742 0.798602
vt 0.722219 0.815157
vt 0.727755 0.805968
vt 0.732139 0.799275
vt 0.740193 0.786433
vt 0.717820 0.813479
vt 0.719960 0.802613
vt 0.721472 0.794867
vt 0.723982 0.779977
vt 0.711486 0.802780
vt 0.709951 0.794953
vt 0.703644 0.805798
vt 0.699315 0.799365
vt 0.706582 0.780233
vt 0.713119 0.813359
vt 0.697898 0.811908
vt 0.691244 0.807550
vt 0.690600 0.787095
vt 0.709080 0.813890
vt 0.686845 0.818147
vt 0.672067 0.815622
vt 0.678504 0.799535
vt 0.707087 0.817402
vt 0.686901 0.829603
vt 0.672282 0.832896
vt 0.705418 0.821824
vt 0.694550 0.819667
vt 0.691239 0.840198
vt 0.679036 0.848767
vt 0.705268 0.826547
vt 0.694692 0.828108
vt 0.709281 0.832584
vt 0.703725 0.841699
vt 0.697665 0.835924
vt 0.705763 0.830547
vt 0.713657 0.834277
vt 0.711448 0.845114
vt 0.699325 0.848287
vt 0.691288 0.860795
vt 0.710141 0.827723
vt 0.710777 0.822892
vt 0.712045 0.818185
vt 0.714722 0.829016
vt 0.715753 0.823886
vt 0.716776 0.818752
vt 0.719452 0.829599
vt 0.720734 0.824884
vt 0.721369 0.820038
vt 0.379590 0.858116
vt 0.391170 0.858334
vt 0.393727 0.872679
vt 0.376843 0.872576
vt 0.394182 0.835707
vt 0.403386 0.841268
vt 0.397544 0.847355
vt 0.392166 0.839222
vt 0.389677 0.850358
vt 0.388116 0.839732
vt 0.401774 0.853766
vt 0.395876 0.831269
vt 0.406817 0.833463
vt 0.410071 0.845737
vt 0.423123 0.854116
vt 0.410461 0.866994
vt 0.396027 0.826519
vt 0.406682 0.824938
vt 0.414614 0.835029
vt 0.429708 0.837622
vt 0.395523 0.822496
vt 0.403663 0.817053
vt 0.414571 0.823416
vt 0.429441 0.820022
vt 0.410139 0.812700
vt 0.422503 0.803907
vt 0.391980 0.820462
vt 0.397517 0.811273
vt 0.401900 0.804580
vt 0.409954 0.791738
vt 0.387582 0.818784
vt 0.389721 0.807918
vt 0.391233 0.800172
vt 0.393743 0.785282
vt 0.381247 0.808085
vt 0.379712 0.800258
vt 0.373405 0.811103
vt 0.369076 0.804670
vt 0.376343 0.785538
vt 0.382880 0.818664
vt 0.367660 0.817213
vt 0.361005 0.812855
vt 0.360361 0.792400
vt 0.378841 0.819195
vt 0.356606 0.823452
vt 0.341828 0.820927
vt 0.348266 0.804840
vt 0.376849 0.822707
vt 0.356662 0.834908
vt 0.342043 0.838201
vt 0.375179 0.827129
vt 0.364312 0.824972
vt 0.361001 0.845503
vt 0.348797 0.854071
vt 0.375029 0.831852
vt 0.364453 0.833413
vt 0.379042 0.837889
vt 0.373486 0.847004
vt 0.367426 0.841229
vt 0.375524 0.835852
vt 0.383418 0.839582
vt 0.381209 0.850419
vt 0.369086 0.853592
vt 0.361050 0.866100
vt 0.379903 0.833028
vt 0.380538 0.828197
vt 0.381806 0.823490
vt 0.384483 0.834321
vt 0.385514 0.829191
vt 0.386537 0.824057
vt 0.389214 0.834904
vt 0.390495 0.830189
vt 0.391130 0.825343
vt 0.768184 0.921776
vt 0.779764 0.921994
vt 0.782321 0.936339
vt 0.765437 0.936237
vt 0.782776 0.899367
vt 0.791980 0.904929
vt 0.786138 0.911015
vt 0.780761 0.902883
vt 0.778271 0.914019
vt 0.776710 0.903392
vt 0.790368 0.917427
vt 0.784470 0.894929
vt 0.795412 0.897124
vt 0.798665 0.909398
vt 0.811717 0.917777
vt 0.799055 0.930655
vt 0.784621 0.890180
vt 0.795276 0.888598
vt 0.803209 0.898690
vt 0.818302 0.901282
vt 0.784117 0.886157
vt 0.792258 0.880713
vt 0.803165 0.887077
vt 0.818035 0.883682
vt 0.798734 0.876360
vt 0.811097 0.867568
vt 0.780574 0.884123
vt 0.786111 0.874933
vt 0.790494 0.868241
vt 0.798548 0.855398
vt 0.776176 0.882444
vt 0.778315 0.871579
vt 0.779827 0.863832
vt 0.782337 0.848942
vt 0.769841 0.871745
vt 0.768306 0.863919
vt 0.761999 0.874764
vt 0.757671 0.868330
vt 0.764937 0.849199
vt 0.771474 0.882324
vt 0.756254 0.880874
vt 0.749599 0.876515
vt 0.748955 0.856060
vt 0.767435 0.882856
vt 0.745201 0.887112
vt 0.730422 0.884588
vt 0.736860 0.868501
vt 0.765443 0.886367
vt 0.745256 0.898568
vt 0.730637 0.901861
vt 0.763773 0.890790
vt 0.752906 0.888632
vt 0.749595 0.909163
vt 0.737391 0.917732
vt 0.763623 0.895512
vt 0.753047 0.897074
vt 0.767636 0.901549
vt 0.762080 0.910665
vt 0.756020 0.904889
vt 0.764118 0.899512
vt 0.772012 0.903243
vt 0.769803 0.914079
vt 0.757680 0.917252
vt 0.749644 0.929760
vt 0.768497 0.896688
vt 0.769132 0.891857
vt 0.770400 0.887150
vt 0.773078 0.897982
vt 0.774108 0.892852
vt 0.775131 0.887717
vt 0.777808 0.898564
vt 0.779089 0.893849
vt 0.779725 0.889004
vt 0.904789 0.641936
vt 0.902042 0.656396
vt 0.918926 0.656499
vt 0.916369 0.642154
vt 0.919381 0.619527
vt 0.917365 0.623042
vt 0.922743 0.631175
vt 0.928585 0.625088
vt 0.913315 0.623551
vt 0.914876 0.634178
vt 0.926973 0.637586
vt 0.921075 0.615088
vt 0.932016 0.617283
vt 0.935270 0.629557
vt 0.935660 0.650814
vt 0.948322 0.637936
vt 0.921226 0.610339
vt 0.931881 0.608757
vt 0.939813 0.618849
vt 0.954907 0.621442
vt 0.920722 0.606316
vt 0.928862 0.600873
vt 0.939770 0.607236
vt 0.954639 0.603841
vt 0.935338 0.596519
vt 0.947702 0.587727
vt 0.917179 0.604282
vt 0.922716 0.595093
vt 0.927099 0.588400
vt 0.935153 0.575558
vt 0.912780 0.602604
vt 0.914920 0.591738
vt 0.916432 0.583991
vt 0.918942 0.569102
vt 0.906446 0.591904
vt 0.904911 0.584078
vt 0.898604 0.594923
vt 0.894275 0.588489
vt 0.901542 0.569358
vt 0.908079 0.602483
vt 0.892859 0.601033
vt 0.886204 0.596674
vt 0.885560 0.576220
vt 0.904040 0.603015
vt 0.881805 0.607271
vt 0.873465 0.588660
vt 0.867027 0.604747
vt 0.902048 0.606526
vt 0.881861 0.618727
vt 0.867242 0.622021
vt 0.900378 0.610949
vt 0.889511 0.608792
vt 0.886200 0.629322
vt 0.873996 0.637891
vt 0.900228 0.615672
vt 0.889652 0.617233
vt 0.904241 0.621709
vt 0.900723 0.619672
vt 0.892625 0.625049
vt 0.898685 0.630824
vt 0.908617 0.623402
vt 0.906408 0.634238
vt 0.894285 0.637411
vt 0.886249 0.649919
vt 0.905102 0.616847
vt 0.905737 0.612016
vt 0.907005 0.607309
vt 0.909682 0.618141
vt 0.910713 0.613011
vt 0.911736 0.607877
vt 0.914413 0.618724
vt 0.915694 0.614009
vt 0.916329 0.609163
vt 0.651473 0.783845
vt 0.663053 0.784064
vt 0.665610 0.798408
vt 0.648726 0.798306
vt 0.666065 0.761436
vt 0.675269 0.766998
vt 0.669427 0.773084
vt 0.664050 0.764952
vt 0.661560 0.776088
vt 0.659999 0.765461
vt 0.673657 0.779496
vt 0.667759 0.756998
vt 0.678701 0.759192
vt 0.681954 0.771467
vt 0.695006 0.779846
vt 0.682344 0.792724
vt 0.667910 0.752249
vt 0.678565 0.750667
vt 0.686498 0.760759
vt 0.701591 0.763351
vt 0.667406 0.748226
vt 0.675546 0.742782
vt 0.686454 0.749146
vt 0.701324 0.745751
vt 0.682022 0.738429
vt 0.694386 0.729637
vt 0.663863 0.746192
vt 0.669400 0.737003
vt 0.673783 0.730310
vt 0.681837 0.717467
vt 0.659465 0.744513
vt 0.661604 0.733648
vt 0.663116 0.725901
vt 0.665626 0.711011
vt 0.653130 0.733814
vt 0.651595 0.725988
vt 0.645288 0.736833
vt 0.640960 0.730399
vt 0.648226 0.711268
vt 0.654763 0.744393
vt 0.639543 0.742942
vt 0.632888 0.738584
vt 0.632244 0.718129
vt 0.650724 0.744925
vt 0.628490 0.749181
vt 0.613711 0.746657
vt 0.620149 0.730570
vt 0.648732 0.748436
vt 0.628545 0.760637
vt 0.613926 0.763930
vt 0.647062 0.752859
vt 0.636195 0.750701
vt 0.632884 0.771232
vt 0.620680 0.779801
vt 0.646912 0.757581
vt 0.636336 0.759142
vt 0.650925 0.763618
vt 0.645369 0.772734
vt 0.639309 0.766959
vt 0.647407 0.761581
vt 0.655301 0.765312
vt 0.653092 0.776149
vt 0.640969 0.779321
vt 0.632933 0.791829
vt 0.651786 0.758757
vt 0.652421 0.753926
vt 0.653689 0.749219
vt 0.656366 0.760051
vt 0.657397 0.754921
vt 0.658420 0.749787
vt 0.661097 0.760634
vt 0.662378 0.755919
vt 0.663014 0.751073
vt 0.628927 0.895251
vt 0.640507 0.895470
vt 0.643064 0.909814
vt 0.626180 0.909712
vt 0.643519 0.872842
vt 0.652723 0.878404
vt 0.646881 0.884490
vt 0.641503 0.876358
vt 0.639014 0.887493
vt 0.637453 0.876867
vt 0.651111 0.890902
vt 0.645212 0.868404
vt 0.656154 0.870598
vt 0.659407 0.882873
vt 0.672459 0.891252
vt 0.659798 0.904130
vt 0.645364 0.863654
vt 0.656018 0.862073
vt 0.663951 0.872165
vt 0.679045 0.874757
vt 0.644860 0.859631
vt 0.653000 0.854188
vt 0.663908 0.860552
vt 0.678777 0.857157
vt 0.659476 0.849835
vt 0.671840 0.841043
vt 0.641317 0.857598
vt 0.646853 0.848409
vt 0.651237 0.841716
vt 0.659291 0.828873
vt 0.636918 0.855919
vt 0.639058 0.845054
vt 0.640570 0.837307
vt 0.643080 0.822417
vt 0.630584 0.845220
vt 0.629049 0.837394
vt 0.622742 0.848239
vt 0.618413 0.841805
vt 0.625680 0.822674
vt 0.632217 0.855799
vt 0.616997 0.854348
vt 0.610342 0.849990
vt 0.609698 0.829535
vt 0.628178 0.856331
vt 0.605943 0.860587
vt 0.591165 0.858062
vt 0.597602 0.841976
vt 0.626186 0.859842
vt 0.605999 0.872043
vt 0.591380 0.875336
vt 0.624516 0.864265
vt 0.613649 0.862107
vt 0.610337 0.882638
vt 0.598134 0.891207
vt 0.624366 0.868987
vt 0.613790 0.870548
vt 0.628379 0.875024
vt 0.622823 0.884139
vt 0.616763 0.878365
vt 0.624861 0.872987
vt 0.632755 0.876717
vt 0.630546 0.887554
vt 0.618423 0.890727
vt 0.610386 0.903235
vt 0.629240 0.870163
vt 0.629875 0.865332
vt 0.631143 0.860625
vt 0.633820 0.871457
vt 0.634851 0.866326
vt 0.635874 0.861192
vt 0.638551 0.872039
vt 0.639832 0.867324
vt 0.640467 0.862479
vt 0.912747 0.198965
vt 0.924327 0.199183
vt 0.926884 0.213528
vt 0.910000 0.213425
vt 0.927339 0.176556
vt 0.936543 0.182117
vt 0.930700 0.188204
vt 0.925323 0.180071
vt 0.922833 0.191207
vt 0.921273 0.180581
vt 0.934930 0.194615
vt 0.929032 0.172118
vt 0.939974 0.174312
vt 0.943227 0.186586
vt 0.956279 0.194965
vt 0.943617 0.207843
vt 0.929184 0.167368
vt 0.939838 0.165787
vt 0.947771 0.175878
vt 0.962865 0.178471
vt 0.928680 0.163345
vt 0.936820 0.157902
vt 0.947728 0.164265
vt 0.962597 0.160871
vt 0.943296 0.153549
vt 0.955660 0.144756
vt 0.925137 0.161311
vt 0.930673 0.152122
vt 0.935056 0.145429
vt 0.943111 0.132587
vt 0.920738 0.159633
vt 0.922878 0.148767
vt 0.924389 0.141021
vt 0.926899 0.126131
vt 0.914404 0.148934
vt 0.912869 0.141107
vt 0.906562 0.151952
vt 0.902233 0.145518
vt 0.909499 0.126387
vt 0.916037 0.159512
vt 0.900816 0.158062
vt 0.894162 0.153704
vt 0.893518 0.133249
vt 0.911998 0.160044
vt 0.889763 0.164301
vt 0.874984 0.161776
vt 0.881422 0.145689
vt 0.910005 0.163556
vt 0.889818 0.175757
vt 0.875199 0.179050
vt 0.908335 0.167978
vt 0.897468 0.165821
vt 0.894157 0.186352
vt 0.881954 0.194920
vt 0.908185 0.172701
vt 0.897610 0.174262
vt 0.912199 0.178738
vt 0.906643 0.187853
vt 0.900583 0.182078
vt 0.908681 0.176701
vt 0.916575 0.180431
vt 0.914366 0.191268
vt 0.902243 0.194441
vt 0.894206 0.206949
vt 0.913059 0.173877
vt 0.913694 0.169046
vt 0.914963 0.164339
vt 0.917640 0.175170
vt 0.918671 0.170040
vt 0.919694 0.164906
vt 0.922370 0.175753
vt 0.923652 0.171038
vt 0.924287 0.166192
vt 0.038741 0.961564
vt 0.035994 0.976025
vt 0.052878 0.976127
vt 0.050321 0.961783
vt 0.053333 0.939155
vt 0.051318 0.942671
vt 0.056695 0.950803
vt 0.062537 0.944717
vt 0.047267 0.943180
vt 0.048828 0.953807
vt 0.060925 0.957215
vt 0.055027 0.934717
vt 0.065969 0.936911
vt 0.069222 0.949186
vt 0.069612 0.970443
vt 0.082274 0.957565
vt 0.055178 0.929968
vt 0.065833 0.928386
vt 0.073766 0.938478
vt 0.088859 0.941070
vt 0.054674 0.925945
vt 0.062814 0.920501
vt 0.073723 0.926865
vt 0.088592 0.923470
vt 0.069290 0.916148
vt 0.081654 0.907356
vt 0.051131 0.923911
vt 0.056668 0.914722
vt 0.061051 0.908029
vt 0.069105 0.895186
vt 0.046733 0.922232
vt 0.048872 0.911367
vt 0.050384 0.903620
vt 0.052894 0.888731
vt 0.040398 0.911533
vt 0.038863 0.903707
vt 0.032556 0.914552
vt 0.028228 0.908118
vt 0.035494 0.888987
vt 0.042031 0.922112
vt 0.026811 0.920661
vt 0.020156 0.916303
vt 0.019512 0.895848
vt 0.037992 0.922644
vt 0.015758 0.926900
vt 0.007417 0.908289
vt 0.000979 0.924375
vt 0.036000 0.926155
vt 0.015813 0.938356
vt 0.001194 0.941649
vt 0.034330 0.930578
vt 0.023463 0.928420
vt 0.020152 0.948951
vt 0.007948 0.957520
vt 0.034180 0.935300
vt 0.023604 0.936862
vt 0.038193 0.941337
vt 0.034675 0.939300
vt 0.026577 0.944678
vt 0.032637 0.950453
vt 0.042569 0.943031
vt 0.040360 0.953867
vt 0.028237 0.957040
vt 0.020201 0.969548
vt 0.039054 0.936476
vt 0.039689 0.931645
vt 0.040957 0.926938
vt 0.043634 0.937770
vt 0.044665 0.932639
vt 0.045688 0.927506
vt 0.048365 0.938353
vt 0.049646 0.933637
vt 0.050282 0.928792
vt 0.181978 0.956259
vt 0.193557 0.956477
vt 0.196115 0.970822
vt 0.179230 0.970720
vt 0.196569 0.933850
vt 0.205773 0.939411
vt 0.199931 0.945498
vt 0.194554 0.937366
vt 0.192064 0.948501
vt 0.190503 0.937875
vt 0.204161 0.951910
vt 0.198263 0.929412
vt 0.209205 0.931606
vt 0.212458 0.943881
vt 0.225510 0.952260
vt 0.212848 0.965137
vt 0.198414 0.924662
vt 0.209069 0.923081
vt 0.217002 0.933173
vt 0.232095 0.935765
vt 0.197910 0.920639
vt 0.206051 0.915196
vt 0.216959 0.921560
vt 0.231828 0.918165
vt 0.212527 0.910843
vt 0.224890 0.902050
vt 0.194367 0.918606
vt 0.199904 0.909416
vt 0.204287 0.902723
vt 0.212341 0.889881
vt 0.189969 0.916927
vt 0.192108 0.906061
vt 0.193620 0.898315
vt 0.196130 0.883425
vt 0.183634 0.906228
vt 0.182099 0.898402
vt 0.175792 0.909247
vt 0.171464 0.902813
vt 0.178730 0.883682
vt 0.185267 0.916807
vt 0.170047 0.915356
vt 0.163392 0.910998
vt 0.162748 0.890543
vt 0.181228 0.917339
vt 0.158994 0.921595
vt 0.144215 0.919070
vt 0.150653 0.902984
vt 0.179236 0.920850
vt 0.159049 0.933051
vt 0.144430 0.936344
vt 0.177566 0.925272
vt 0.166699 0.923115
vt 0.163388 0.943646
vt 0.151185 0.952215
vt 0.177416 0.929995
vt 0.166841 0.931556
vt 0.181429 0.936032
vt 0.175873 0.945147
vt 0.169814 0.939372
vt 0.177911 0.933995
vt 0.185805 0.937726
vt 0.183597 0.948562
vt 0.171473 0.951735
vt 0.163437 0.964243
vt 0.182290 0.931171
vt 0.182925 0.926340
vt 0.184193 0.921633
vt 0.186870 0.932465
vt 0.187901 0.927334
vt 0.188924 0.922200
vt 0.191601 0.933047
vt 0.192883 0.928332
vt 0.193518 0.923487
vt 0.822561 0.604800
vt 0.834141 0.605018
vt 0.836698 0.619363
vt 0.819814 0.619261
vt 0.837153 0.582391
vt 0.846357 0.587953
vt 0.840515 0.594039
vt 0.835137 0.585907
vt 0.832648 0.597043
vt 0.831087 0.586416
vt 0.844745 0.600451
vt 0.838846 0.577953
vt 0.849788 0.580147
vt 0.853041 0.592422
vt 0.866093 0.600801
vt 0.853431 0.613679
vt 0.838998 0.573204
vt 0.849652 0.571622
vt 0.857585 0.581714
vt 0.872679 0.584306
vt 0.838494 0.569181
vt 0.846634 0.563737
vt 0.857542 0.570101
vt 0.872411 0.566706
vt 0.853110 0.559384
vt 0.865474 0.550592
vt 0.834951 0.567147
vt 0.840487 0.557958
vt 0.844870 0.551264
vt 0.852925 0.538422
vt 0.830552 0.565468
vt 0.832692 0.554602
vt 0.834204 0.546856
vt 0.836714 0.531966
vt 0.824218 0.554769
vt 0.822683 0.546943
vt 0.816376 0.557788
vt 0.812047 0.551354
vt 0.819314 0.532223
vt 0.825851 0.565348
vt 0.810630 0.563897
vt 0.803976 0.559539
vt 0.803332 0.539084
vt 0.821812 0.565880
vt 0.799577 0.570136
vt 0.784799 0.567611
vt 0.791236 0.551525
vt 0.819820 0.569391
vt 0.799633 0.581592
vt 0.785014 0.584885
vt 0.818150 0.573814
vt 0.807283 0.571656
vt 0.803971 0.592187
vt 0.791768 0.600756
vt 0.818000 0.578536
vt 0.807424 0.580097
vt 0.822013 0.584573
vt 0.816457 0.593688
vt 0.810397 0.587914
vt 0.818495 0.582536
vt 0.826389 0.586267
vt 0.824180 0.597103
vt 0.812057 0.600276
vt 0.804020 0.612784
vt 0.822873 0.579712
vt 0.823509 0.574881
vt 0.824777 0.570174
vt 0.827454 0.581006
vt 0.828485 0.575876
vt 0.829508 0.570741
vt 0.832185 0.581588
vt 0.833466 0.576874
vt 0.834101 0.572028
vt 0.188609 0.866074
vt 0.200189 0.866292
vt 0.202746 0.880637
vt 0.185862 0.880534
vt 0.203201 0.843664
vt 0.212405 0.849226
vt 0.206562 0.855313
vt 0.201185 0.847180
vt 0.198695 0.858316
vt 0.197135 0.847689
vt 0.210792 0.861724
vt 0.204894 0.839226
vt 0.215836 0.841420
vt 0.219089 0.853695
vt 0.232141 0.862074
vt 0.219479 0.874952
vt 0.205046 0.834477
vt 0.215700 0.832895
vt 0.223633 0.842987
vt 0.238727 0.845579
vt 0.204542 0.830454
vt 0.212682 0.825011
vt 0.223590 0.831374
vt 0.238459 0.827979
vt 0.219158 0.820657
vt 0.231522 0.811865
vt 0.200999 0.828420
vt 0.206535 0.819231
vt 0.210918 0.812538
vt 0.218973 0.799696
vt 0.196600 0.826741
vt 0.198740 0.815876
vt 0.200252 0.808129
vt 0.202762 0.793240
vt 0.190266 0.816042
vt 0.188731 0.808216
vt 0.182424 0.819061
vt 0.178095 0.812627
vt 0.185362 0.793496
vt 0.191899 0.826621
vt 0.176678 0.825171
vt 0.170024 0.820812
vt 0.169380 0.800357
vt 0.187860 0.827153
vt 0.165625 0.831409
vt 0.150846 0.828885
vt 0.157284 0.812798
vt 0.185867 0.830664
vt 0.165680 0.842865
vt 0.151061 0.846158
vt 0.184197 0.835087
vt 0.173330 0.832930
vt 0.170019 0.853460
vt 0.157816 0.862029
vt 0.184048 0.839809
vt 0.173472 0.841371
vt 0.188061 0.845846
vt 0.182505 0.854962
vt 0.176445 0.849187
vt 0.184543 0.843809
vt 0.192437 0.847540
vt 0.190228 0.858377
vt 0.178105 0.861549
vt 0.170068 0.874057
vt 0.188921 0.840985
vt 0.189557 0.836155
vt 0.190825 0.831447
vt 0.193502 0.842279
vt 0.194533 0.837149
vt 0.195556 0.832015
vt 0.198232 0.842862
vt 0.199514 0.838147
vt 0.200149 0.833301
vt 0.886222 0.074296
vt 0.883474 0.088757
vt 0.900358 0.088859
vt 0.897801 0.074514
vt 0.900813 0.051887
vt 0.898798 0.055403
vt 0.904175 0.063535
vt 0.910017 0.057449
vt 0.894747 0.055912
vt 0.896308 0.066539
vt 0.908405 0.069947
vt 0.902507 0.047449
vt 0.913449 0.049643
vt 0.916702 0.061918
vt 0.917092 0.083175
vt 0.929754 0.070297
vt 0.902658 0.042700
vt 0.913313 0.041118
vt 0.921246 0.051210
vt 0.936339 0.053802
vt 0.902154 0.038677
vt 0.910295 0.033233
vt 0.921203 0.039597
vt 0.936072 0.036202
vt 0.916771 0.028880
vt 0.929134 0.020088
vt 0.898611 0.036643
vt 0.904148 0.027453
vt 0.908531 0.020761
vt 0.916585 0.007918
vt 0.894213 0.034964
vt 0.896352 0.024099
vt 0.897864 0.016352
vt 0.900374 0.001462
vt 0.887878 0.024265
vt 0.886343 0.016439
vt 0.880036 0.027284
vt 0.875708 0.020850
vt 0.882974 0.001719
vt 0.889511 0.034844
vt 0.874291 0.033394
vt 0.867636 0.029035
vt 0.866992 0.008580
vt 0.885472 0.035376
vt 0.863238 0.039632
vt 0.854897 0.021021
vt 0.848459 0.037107
vt 0.883480 0.038887
vt 0.863293 0.051088
vt 0.848674 0.054381
vt 0.881810 0.043310
vt 0.870943 0.041152
vt 0.867632 0.061683
vt 0.855428 0.070252
vt 0.881660 0.048032
vt 0.871085 0.049593
vt 0.885673 0.054069
vt 0.882155 0.052032
vt 0.874057 0.057410
vt 0.880117 0.063184
vt 0.890049 0.055763
vt 0.887840 0.066599
vt 0.875717 0.069772
vt 0.867681 0.082280
vt 0.886534 0.049208
vt 0.887169 0.044377
vt 0.888437 0.039670
vt 0.891115 0.050502
vt 0.892145 0.045372
vt 0.893168 0.040238
vt 0.895845 0.051085
vt 0.897126 0.046370
vt 0.897762 0.041524
vt 0.570572 0.826286
vt 0.582151 0.826504
vt 0.584709 0.840849
vt 0.567824 0.840746
vt 0.585163 0.803877
vt 0.594368 0.809438
vt 0.588525 0.815525
vt 0.583148 0.807392
vt 0.580658 0.818528
vt 0.579098 0.807902
vt 0.592755 0.821936
vt 0.586857 0.799438
vt 0.597799 0.801633
vt 0.601052 0.813907
vt 0.614104 0.822286
vt 0.601442 0.835164
vt 0.587008 0.794689
vt 0.597663 0.793107
vt 0.605596 0.803199
vt 0.620690 0.805792
vt 0.586504 0.790666
vt 0.594645 0.785223
vt 0.605553 0.791586
vt 0.620422 0.788191
vt 0.601121 0.780869
vt 0.613484 0.772077
vt 0.582961 0.788632
vt 0.588498 0.779443
vt 0.592881 0.772750
vt 0.600935 0.759908
vt 0.578563 0.786954
vt 0.580702 0.776088
vt 0.582214 0.768342
vt 0.584724 0.753452
vt 0.572228 0.776254
vt 0.570693 0.768428
vt 0.564386 0.779273
vt 0.560058 0.772839
vt 0.567324 0.753708
vt 0.573861 0.786833
vt 0.558641 0.785383
vt 0.551986 0.781024
vt 0.551342 0.760570
vt 0.569822 0.787365
vt 0.547588 0.791621
vt 0.532809 0.789097
vt 0.539247 0.773010
vt 0.567830 0.790876
vt 0.547643 0.803077
vt 0.533024 0.806371
vt 0.566160 0.795299
vt 0.555293 0.793142
vt 0.551982 0.813672
vt 0.539779 0.822241
vt 0.566010 0.800021
vt 0.555435 0.801583
vt 0.570023 0.806059
vt 0.564468 0.815174
vt 0.558408 0.809399
vt 0.566506 0.804022
vt 0.574399 0.807752
vt 0.572191 0.818589
vt 0.560067 0.821762
vt 0.552031 0.834269
vt 0.570884 0.801198
vt 0.571519 0.796367
vt 0.572788 0.791660
vt 0.575465 0.802491
vt 0.576496 0.797361
vt 0.577518 0.792227
vt 0.580195 0.803074
vt 0.581477 0.798359
vt 0.582112 0.793513
vt 0.796036 0.072970
vt 0.807616 0.073188
vt 0.810173 0.087533
vt 0.793288 0.087431
vt 0.810628 0.050561
vt 0.819832 0.056122
vt 0.813989 0.062209
vt 0.808612 0.054077
vt 0.806122 0.065212
vt 0.804562 0.054586
vt 0.818219 0.068621
vt 0.812321 0.046123
vt 0.823263 0.048317
vt 0.826516 0.060591
vt 0.839568 0.068970
vt 0.826906 0.081848
vt 0.812473 0.041373
vt 0.823127 0.039792
vt 0.831060 0.049883
vt 0.846154 0.052476
vt 0.811969 0.037350
vt 0.820109 0.031907
vt 0.831017 0.038270
vt 0.845886 0.034876
vt 0.826585 0.027554
vt 0.838949 0.018761
vt 0.808425 0.035317
vt 0.813962 0.026127
vt 0.818345 0.019434
vt 0.826400 0.006592
vt 0.804027 0.033638
vt 0.806167 0.022772
vt 0.807679 0.015026
vt 0.810188 0.000136
vt 0.797693 0.022939
vt 0.796158 0.015113
vt 0.789851 0.025958
vt 0.785522 0.019524
vt 0.792788 0.000392
vt 0.799326 0.033518
vt 0.784105 0.032067
vt 0.777451 0.027709
vt 0.776807 0.007254
vt 0.795287 0.034049
vt 0.773052 0.038306
vt 0.758273 0.035781
vt 0.764711 0.019695
vt 0.793294 0.037561
vt 0.773107 0.049762
vt 0.758488 0.053055
vt 0.791624 0.041984
vt 0.780757 0.039826
vt 0.777446 0.060357
vt 0.765243 0.068926
vt 0.791474 0.046706
vt 0.780899 0.048267
vt 0.795487 0.052743
vt 0.789932 0.061858
vt 0.783872 0.056083
vt 0.791970 0.050706
vt 0.799864 0.054436
vt 0.797655 0.065273
vt 0.785532 0.068446
vt 0.777495 0.080954
vt 0.796348 0.047882
vt 0.796984 0.043051
vt 0.798252 0.038344
vt 0.800929 0.049175
vt 0.801960 0.044045
vt 0.802983 0.038911
vt 0.805659 0.049758
vt 0.806941 0.045043
vt 0.807576 0.040197
vt 0.451208 0.802413
vt 0.462788 0.802631
vt 0.465345 0.816976
vt 0.448461 0.816873
vt 0.465800 0.780004
vt 0.475004 0.785565
vt 0.469162 0.791652
vt 0.463784 0.783520
vt 0.461295 0.794655
vt 0.459734 0.784029
vt 0.473392 0.798063
vt 0.467493 0.775566
vt 0.478435 0.777760
vt 0.481689 0.790034
vt 0.494741 0.798413
vt 0.482079 0.811291
vt 0.467645 0.770816
vt 0.478300 0.769235
vt 0.486232 0.779326
vt 0.501326 0.781919
vt 0.467141 0.766793
vt 0.475281 0.761350
vt 0.486189 0.767713
vt 0.501059 0.764319
vt 0.481757 0.756997
vt 0.494121 0.748204
vt 0.463598 0.764760
vt 0.469135 0.755570
vt 0.473518 0.748877
vt 0.481572 0.736035
vt 0.459199 0.763081
vt 0.461339 0.752215
vt 0.462851 0.744469
vt 0.465361 0.729579
vt 0.452865 0.752382
vt 0.451330 0.744555
vt 0.445023 0.755400
vt 0.440694 0.748967
vt 0.447961 0.729835
vt 0.454498 0.762961
vt 0.439278 0.761510
vt 0.432623 0.757152
vt 0.431979 0.736697
vt 0.450459 0.763492
vt 0.428224 0.767749
vt 0.413446 0.765224
vt 0.419883 0.749137
vt 0.448467 0.767004
vt 0.428280 0.779205
vt 0.413661 0.782498
vt 0.446797 0.771426
vt 0.435930 0.769269
vt 0.432619 0.789800
vt 0.420415 0.798369
vt 0.446647 0.776149
vt 0.436071 0.777710
vt 0.450660 0.782186
vt 0.445104 0.791301
vt 0.439044 0.785526
vt 0.447142 0.780149
vt 0.455036 0.783879
vt 0.452827 0.794716
vt 0.440704 0.797889
vt 0.432668 0.810397
vt 0.451521 0.777325
vt 0.452156 0.772494
vt 0.453424 0.767787
vt 0.456101 0.778618
vt 0.457132 0.773488
vt 0.458155 0.768354
vt 0.460832 0.779201
vt 0.462113 0.774486
vt 0.462748 0.769640
vt 0.492322 0.881989
vt 0.489575 0.896449
vt 0.506459 0.896552
vt 0.503902 0.882207
vt 0.506914 0.859580
vt 0.504899 0.863095
vt 0.510276 0.871228
vt 0.516118 0.865141
vt 0.500848 0.863605
vt 0.502409 0.874231
vt 0.514506 0.877639
vt 0.508608 0.855141
vt 0.519550 0.857336
vt 0.522803 0.869610
vt 0.523193 0.890867
vt 0.535855 0.877989
vt 0.508759 0.850392
vt 0.519414 0.848810
vt 0.527347 0.858902
vt 0.542440 0.861495
vt 0.508255 0.846369
vt 0.516395 0.840926
vt 0.527303 0.847289
vt 0.542173 0.843894
vt 0.522871 0.836572
vt 0.535235 0.827780
vt 0.504712 0.844335
vt 0.510249 0.835146
vt 0.514632 0.828453
vt 0.522686 0.815611
vt 0.500314 0.842657
vt 0.502453 0.831791
vt 0.503965 0.824045
vt 0.506475 0.809155
vt 0.493979 0.831957
vt 0.492444 0.824131
vt 0.486137 0.834976
vt 0.481808 0.828542
vt 0.489075 0.809411
vt 0.495612 0.842536
vt 0.480392 0.841086
vt 0.473737 0.836727
vt 0.473093 0.816273
vt 0.491573 0.843068
vt 0.469338 0.847324
vt 0.460998 0.828713
vt 0.454560 0.844800
vt 0.489581 0.846579
vt 0.469394 0.858780
vt 0.454775 0.862074
vt 0.487911 0.851002
vt 0.477044 0.848845
vt 0.473733 0.869375
vt 0.461529 0.877944
vt 0.487761 0.855724
vt 0.477185 0.857286
vt 0.491774 0.861762
vt 0.488256 0.859725
vt 0.480158 0.865102
vt 0.486218 0.870877
vt 0.496150 0.863455
vt 0.493941 0.874292
vt 0.481818 0.877465
vt 0.473782 0.889973
vt 0.492635 0.856901
vt 0.493270 0.852070
vt 0.494538 0.847363
vt 0.497215 0.858194
vt 0.498246 0.853064
vt 0.499269 0.847930
vt 0.501946 0.858777
vt 0.503227 0.854062
vt 0.503863 0.849216
vt 0.830519 0.453607
vt 0.842098 0.453825
vt 0.844656 0.468170
vt 0.827771 0.468067
vt 0.845110 0.431198
vt 0.854315 0.436759
vt 0.848472 0.442846
vt 0.843095 0.434713
vt 0.840605 0.445849
vt 0.839044 0.435223
vt 0.852702 0.449257
vt 0.846804 0.426759
vt 0.857746 0.428954
vt 0.860999 0.441228
vt 0.874051 0.449607
vt 0.861389 0.462485
vt 0.846955 0.422010
vt 0.857610 0.420428
vt 0.865543 0.430520
vt 0.880637 0.433113
vt 0.846451 0.417987
vt 0.854592 0.412544
vt 0.865500 0.418907
vt 0.880369 0.415512
vt 0.861068 0.408190
vt 0.873431 0.399398
vt 0.842908 0.415953
vt 0.848445 0.406764
vt 0.852828 0.400071
vt 0.860882 0.387229
vt 0.838510 0.414275
vt 0.840649 0.403409
vt 0.842161 0.395663
vt 0.844671 0.380773
vt 0.832175 0.403575
vt 0.830640 0.395749
vt 0.824333 0.406594
vt 0.820005 0.400160
vt 0.827271 0.381029
vt 0.833808 0.414154
vt 0.818588 0.412704
vt 0.811933 0.408345
vt 0.811289 0.387891
vt 0.829769 0.414686
vt 0.807535 0.418942
vt 0.792756 0.416418
vt 0.799194 0.400331
vt 0.827777 0.418197
vt 0.807590 0.430398
vt 0.792971 0.433692
vt 0.826107 0.422620
vt 0.815240 0.420463
vt 0.811929 0.440993
vt 0.799725 0.449562
vt 0.825957 0.427342
vt 0.815381 0.428904
vt 0.829970 0.433380
vt 0.824415 0.442495
vt 0.818355 0.436720
vt 0.826452 0.431343
vt 0.834346 0.435073
vt 0.832138 0.445910
vt 0.820014 0.449083
vt 0.811978 0.461590
vt 0.830831 0.428519
vt 0.831466 0.423688
vt 0.832734 0.418980
vt 0.835412 0.429812
vt 0.836442 0.424682
vt 0.837465 0.419548
vt 0.840142 0.430395
vt 0.841423 0.425680
vt 0.842059 0.420834
vt 0.830519 0.694986
vt 0.842098 0.695204
vt 0.844656 0.709549
vt 0.827771 0.709446
vt 0.845110 0.672577
vt 0.854315 0.678138
vt 0.848472 0.684225
vt 0.843095 0.676093
vt 0.840605 0.687228
vt 0.839045 0.676602
vt 0.852702 0.690636
vt 0.846804 0.668139
vt 0.857746 0.670333
vt 0.860999 0.682607
vt 0.874051 0.690986
vt 0.861389 0.703864
vt 0.846955 0.663389
vt 0.857610 0.661808
vt 0.865543 0.671899
vt 0.880637 0.674492
vt 0.846451 0.659366
vt 0.854592 0.653923
vt 0.865500 0.660286
vt 0.880369 0.656892
vt 0.861068 0.649570
vt 0.873431 0.640777
vt 0.842908 0.657333
vt 0.848445 0.648143
vt 0.852828 0.641450
vt 0.860882 0.628608
vt 0.838510 0.655654
vt 0.840649 0.644788
vt 0.842161 0.637042
vt 0.844671 0.622152
vt 0.832175 0.644955
vt 0.830640 0.637128
vt 0.824333 0.647973
vt 0.820005 0.641540
vt 0.827271 0.622408
vt 0.833808 0.655534
vt 0.818588 0.654083
vt 0.811933 0.649725
vt 0.811289 0.629270
vt 0.829769 0.656065
vt 0.807535 0.660322
vt 0.792756 0.657797
vt 0.799194 0.641710
vt 0.827777 0.659577
vt 0.807590 0.671778
vt 0.792971 0.675071
vt 0.826107 0.663999
vt 0.815240 0.661842
vt 0.811929 0.682373
vt 0.799726 0.690942
vt 0.825957 0.668722
vt 0.815381 0.670283
vt 0.829970 0.674759
vt 0.824415 0.683874
vt 0.818355 0.678099
vt 0.826453 0.672722
vt 0.834346 0.676452
vt 0.832138 0.687289
vt 0.820014 0.690462
vt 0.811978 0.702970
vt 0.830831 0.669898
vt 0.831466 0.665067
vt 0.832735 0.660360
vt 0.835412 0.671191
vt 0.836442 0.666061
vt 0.837465 0.660927
vt 0.840142 0.671774
vt 0.841424 0.667059
vt 0.842059 0.662213
vt 0.801341 0.368726
vt 0.812921 0.368944
vt 0.815478 0.383289
vt 0.798594 0.383186
vt 0.815933 0.346317
vt 0.825137 0.351878
vt 0.819294 0.357965
vt 0.813917 0.349833
vt 0.811427 0.360968
vt 0.809867 0.350342
vt 0.823524 0.364376
vt 0.817626 0.341879
vt 0.828568 0.344073
vt 0.831821 0.356347
vt 0.844873 0.364726
vt 0.832211 0.377604
vt 0.817778 0.337129
vt 0.828432 0.335548
vt 0.836365 0.345639
vt 0.851459 0.348232
vt 0.817274 0.333106
vt 0.825414 0.327663
vt 0.836322 0.334026
vt 0.851191 0.330632
vt 0.831890 0.323310
vt 0.844254 0.314517
vt 0.813731 0.331073
vt 0.819267 0.321883
vt 0.823650 0.315190
vt 0.831705 0.302348
vt 0.809332 0.329394
vt 0.811472 0.318528
vt 0.812984 0.310782
vt 0.815494 0.295892
vt 0.802998 0.318695
vt 0.801463 0.310868
vt 0.795156 0.321714
vt 0.790827 0.315280
vt 0.798094 0.296148
vt 0.804631 0.329274
vt 0.789410 0.327823
vt 0.782756 0.323465
vt 0.782112 0.303010
vt 0.800592 0.329805
vt 0.778357 0.334062
vt 0.763578 0.331537
vt 0.770016 0.315451
vt 0.798599 0.333317
vt 0.778413 0.345518
vt 0.763794 0.348811
vt 0.796929 0.337739
vt 0.786062 0.335582
vt 0.782751 0.356113
vt 0.770548 0.364682
vt 0.796779 0.342462
vt 0.786204 0.344023
vt 0.800793 0.348499
vt 0.795237 0.357614
vt 0.789177 0.351839
vt 0.797275 0.346462
vt 0.805169 0.350192
vt 0.802960 0.361029
vt 0.790837 0.364202
vt 0.782800 0.376710
vt 0.801653 0.343638
vt 0.802289 0.338807
vt 0.803557 0.334100
vt 0.806234 0.344931
vt 0.807265 0.339801
vt 0.808288 0.334667
vt 0.810964 0.345514
vt 0.812246 0.340799
vt 0.812881 0.335953
vt 0.420704 0.937692
vt 0.417957 0.952152
vt 0.434841 0.952255
vt 0.432284 0.937910
vt 0.435296 0.915283
vt 0.433281 0.918798
vt 0.438658 0.926931
vt 0.444500 0.920844
vt 0.429230 0.919307
vt 0.430791 0.929934
vt 0.442888 0.933342
vt 0.436990 0.910844
vt 0.447931 0.913039
vt 0.451185 0.925313
vt 0.451575 0.946570
vt 0.464237 0.933692
vt 0.437141 0.906095
vt 0.447796 0.904513
vt 0.455728 0.914605
vt 0.470822 0.917198
vt 0.436637 0.902072
vt 0.444777 0.896629
vt 0.455685 0.902992
vt 0.470555 0.899597
vt 0.451253 0.892275
vt 0.463617 0.883483
vt 0.433094 0.900038
vt 0.438631 0.890849
vt 0.443014 0.884156
vt 0.451068 0.871314
vt 0.428695 0.898359
vt 0.430835 0.887494
vt 0.432347 0.879747
vt 0.434857 0.864858
vt 0.422361 0.887660
vt 0.420826 0.879834
vt 0.414519 0.890679
vt 0.410190 0.884245
vt 0.417457 0.865114
vt 0.423994 0.898239
vt 0.408774 0.896789
vt 0.402119 0.892430
vt 0.401475 0.871975
vt 0.419955 0.898771
vt 0.397720 0.903027
vt 0.389380 0.884416
vt 0.382942 0.900503
vt 0.417963 0.902282
vt 0.397776 0.914483
vt 0.383157 0.917776
vt 0.416293 0.906705
vt 0.405426 0.904548
vt 0.402115 0.925078
vt 0.389911 0.933647
vt 0.416143 0.911427
vt 0.405567 0.912989
vt 0.420156 0.917464
vt 0.416638 0.915427
vt 0.408540 0.920805
vt 0.414600 0.926580
vt 0.424532 0.919158
vt 0.422323 0.929995
vt 0.410200 0.933167
vt 0.402164 0.945675
vt 0.421017 0.912603
vt 0.421652 0.907772
vt 0.422920 0.903065
vt 0.425597 0.913897
vt 0.426628 0.908767
vt 0.427651 0.903633
vt 0.430328 0.914480
vt 0.431609 0.909765
vt 0.432244 0.904919
vt 0.511273 0.430409
vt 0.478711 0.430409
vt 0.478711 0.343576
vt 0.511273 0.343576
vt 0.447125 0.430409
vt 0.447125 0.343576
vt 0.578249 0.174675
vt 0.545640 0.174675
vt 0.545640 0.087716
vt 0.578249 0.087716
vt 0.513982 0.174675
vt 0.513982 0.087716
vt 0.710875 0.174830
vt 0.678235 0.174830
vt 0.678235 0.087791
vt 0.710875 0.087791
vt 0.646536 0.174831
vt 0.646535 0.087791
vt 0.643236 0.560542
vt 0.610650 0.560542
vt 0.610650 0.473646
vt 0.643236 0.473646
vt 0.578971 0.560542
vt 0.578971 0.473646
vt 0.484748 0.174279
vt 0.452149 0.174279
vt 0.452149 0.087348
vt 0.484748 0.087348
vt 0.419550 0.174279
vt 0.419550 0.087348
vt 0.644562 0.173813
vt 0.613361 0.173813
vt 0.613361 0.087216
vt 0.644562 0.087216
vt 0.580887 0.173813
vt 0.580887 0.087216
vt 0.708223 0.432058
vt 0.676628 0.432057
vt 0.676628 0.345547
vt 0.708223 0.345547
vt 0.644941 0.432058
vt 0.644941 0.345547
vt 0.576923 0.493316
vt 0.544349 0.493316
vt 0.544349 0.406452
vt 0.576923 0.406452
vt 0.512644 0.493316
vt 0.512644 0.406452
vt 0.511273 0.430409
vt 0.511273 0.343576
vt 0.478711 0.343576
vt 0.478711 0.430409
vt 0.511273 0.511710
vt 0.478711 0.517241
vt 0.512644 0.319589
vt 0.544349 0.319589
vt 0.544349 0.578249
vt 0.512644 0.578249
vt 0.576923 0.319589
vt 0.576923 0.578249
vt 0.644941 0.259037
vt 0.676628 0.259037
vt 0.676628 0.515988
vt 0.644941 0.515988
vt 0.708223 0.259037
vt 0.708223 0.518568
vt 0.580887 0.000619
vt 0.613361 0.000619
vt 0.613361 0.258621
vt 0.580887 0.258556
vt 0.644562 0.000619
vt 0.644562 0.256003
vt 0.419550 0.000418
vt 0.452149 0.000418
vt 0.452149 0.255838
vt 0.419550 0.258621
vt 0.484748 0.000418
vt 0.484748 0.253618
vt 0.578971 0.386750
vt 0.610650 0.386750
vt 0.610650 0.644562
vt 0.578971 0.644562
vt 0.643236 0.386750
vt 0.643236 0.644562
vt 0.646535 0.000751
vt 0.678235 0.000751
vt 0.678235 0.254642
vt 0.646535 0.254642
vt 0.710875 0.000751
vt 0.710875 0.254642
vt 0.513982 0.000758
vt 0.545640 0.000758
vt 0.545640 0.256259
vt 0.513982 0.258621
vt 0.578249 0.000758
vt 0.578249 0.258621
vt 0.447125 0.256743
vt 0.478711 0.256743
vt 0.447125 0.517241
vt 0.511273 0.256743
vt 0.447125 0.343576
vt 0.447125 0.430409
vt 0.578249 0.174675
vt 0.578249 0.087716
vt 0.545640 0.087716
vt 0.545640 0.174675
vt 0.513982 0.087716
vt 0.513982 0.174675
vt 0.710875 0.174830
vt 0.710875 0.087791
vt 0.678235 0.087791
vt 0.678235 0.174830
vt 0.646535 0.087791
vt 0.646536 0.174831
vt 0.643236 0.560542
vt 0.643236 0.473646
vt 0.610650 0.473646
vt 0.610650 0.560542
vt 0.578971 0.473646
vt 0.578971 0.560542
vt 0.484748 0.174279
vt 0.484748 0.087348
vt 0.452149 0.087348
vt 0.452149 0.174279
vt 0.419550 0.087348
vt 0.419550 0.174279
vt 0.644562 0.173813
vt 0.644562 0.087216
vt 0.613361 0.087216
vt 0.613361 0.173813
vt 0.580887 0.087216
vt 0.582185 0.173813
vt 0.705958 0.432058
vt 0.706690 0.345547
vt 0.676628 0.345547
vt 0.676628 0.432057
vt 0.644941 0.345547
vt 0.644941 0.432058
vt 0.576923 0.493316
vt 0.576923 0.406452
vt 0.544349 0.406452
vt 0.544349 0.493316
vt 0.512644 0.406452
vt 0.512644 0.493316
vt 0.478711 0.517241
vt 0.511273 0.511710
vt 0.544349 0.319589
vt 0.512644 0.319589
vt 0.512644 0.578249
vt 0.544349 0.578249
vt 0.576923 0.319589
vt 0.576923 0.578249
vt 0.676628 0.259037
vt 0.644941 0.259037
vt 0.644941 0.515988
vt 0.676628 0.515988
vt 0.708223 0.259037
vt 0.707046 0.518471
vt 0.613361 0.000619
vt 0.583209 0.000619
vt 0.583209 0.258560
vt 0.613361 0.258621
vt 0.644562 0.000619
vt 0.644562 0.256003
vt 0.452149 0.000418
vt 0.419550 0.000418
vt 0.419550 0.258621
vt 0.452149 0.255838
vt 0.484748 0.000418
vt 0.484748 0.253618
vt 0.610650 0.386750
vt 0.578971 0.386750
vt 0.578971 0.644562
vt 0.610650 0.644562
vt 0.643236 0.386750
vt 0.643236 0.644562
vt 0.678235 0.000751
vt 0.646535 0.000751
vt 0.646535 0.254642
vt 0.678235 0.254642
vt 0.710875 0.000751
vt 0.710875 0.254642
vt 0.545640 0.000758
vt 0.513982 0.000758
vt 0.513982 0.258621
vt 0.545640 0.256259
vt 0.578249 0.000758
vt 0.578249 0.258621
vt 0.478711 0.256743
vt 0.447125 0.256743
vt 0.447125 0.517241
vt 0.511273 0.256743
vt 0.375099 0.744171
vt 0.375102 0.751867
vt 0.342896 0.758447
vt 0.341389 0.750890
vt 0.636605 0.312097
vt 0.634976 0.319629
vt 0.602258 0.312390
vt 0.602386 0.304695
vt 0.580902 0.300094
vt 0.579577 0.307685
vt 0.546527 0.301755
vt 0.546346 0.294061
vt 0.570236 0.318367
vt 0.568859 0.310785
vt 0.514746 0.309019
vt 0.513066 0.301498
vt 0.583554 0.274438
vt 0.582307 0.282048
vt 0.548898 0.276811
vt 0.548590 0.269116
vt 0.068966 0.741154
vt 0.067598 0.748744
vt 0.034436 0.743623
vt 0.034242 0.735923
vt 0.516210 0.285146
vt 0.514450 0.277638
vt 0.002805 0.750663
vt 0.001163 0.743127
vt 0.067639 0.753536
vt 0.066130 0.761092
vt 0.034502 0.755096
vt 0.034483 0.747400
vt 0.580902 0.262984
vt 0.580033 0.270650
vt 0.546599 0.266268
vt 0.545956 0.258590
vt 0.003991 0.761273
vt 0.000145 0.754190
vt 0.515342 0.275862
vt 0.513211 0.268446
vt 0.580902 0.291266
vt 0.577809 0.298408
vt 0.547563 0.289998
vt 0.548016 0.282310
vt 0.409814 0.751062
vt 0.408314 0.758621
vt 0.515167 0.294750
vt 0.514086 0.287115
vn 0.0000 1.0000 0.0000
vn 0.0000 -1.0000 0.0000
vn 0.2220 0.0000 -0.9751
vn 0.9849 0.0000 -0.1733
vn 0.1734 0.0000 0.9849
vn -0.9860 0.0000 0.1670
vn -0.5369 0.0000 -0.8437
vn 0.5905 0.0000 -0.8071
vn -0.9996 0.0000 -0.0280
vn -0.2205 0.0000 0.9754
vn -0.8211 0.0000 -0.5708
vn -0.8515 0.0000 0.5243
vn -0.9996 0.0000 -0.0267
vn 0.9996 0.0000 0.0280
vn 0.5497 0.0000 0.8353
vn -0.9998 0.0000 -0.0215
vn 0.9996 0.0000 0.0267
vn -0.9748 -0.0000 -0.2229
vn -0.9996 0.0000 -0.0268
vn 0.9998 0.0000 0.0215
vn 0.8476 0.0000 -0.5306
vn -0.9998 0.0000 -0.0211
vn -0.1724 0.0000 -0.9850
vn 0.9996 0.0000 0.0268
vn 0.9757 0.0000 0.2190
vn 0.8204 0.0000 0.5718
vn -0.5836 0.0000 0.8120
vn 0.9998 0.0000 0.0211
vn -0.2220 0.0000 -0.9750
vn -0.9849 0.0000 -0.1733
vn -0.1734 0.0000 0.9849
vn 0.9860 0.0000 0.1670
vn 0.5368 0.0000 -0.8437
vn -0.5905 0.0000 -0.8071
vn 0.9996 0.0000 -0.0280
vn 0.2205 0.0000 0.9754
vn 0.8211 0.0000 -0.5708
vn 0.8515 0.0000 0.5243
vn 0.9996 0.0000 -0.0268
vn -0.9996 0.0000 0.0280
vn -0.5497 0.0000 0.8353
vn 0.9998 0.0000 -0.0215
vn -0.9996 0.0000 0.0268
vn 0.9748 -0.0000 -0.2229
vn 0.9996 0.0000 -0.0267
vn -0.9998 0.0000 0.0215
vn -0.8476 0.0000 -0.5306
vn 0.9998 0.0000 -0.0211
vn 0.1724 0.0000 -0.9850
vn -0.9757 0.0000 0.2190
vn -0.8204 0.0000 0.5718
vn 0.5836 0.0000 0.8120
vn -0.9998 0.0000 0.0211
vn 0.3810 0.1401 0.9139
vn 0.3809 0.1401 0.9139
vn 0.7017 0.1400 0.6986
vn 0.7016 0.1400 0.6986
vn 0.9148 0.1402 0.3789
vn 0.3810 -0.1476 0.9127
vn 0.3809 -0.1476 0.9127
vn 0.0027 -0.1474 0.9891
vn 0.0025 -0.1474 0.9891
vn 0.3799 0.1405 -0.9143
vn 0.3798 0.1405 -0.9143
vn -0.0027 0.1404 -0.9901
vn -0.0025 0.1404 -0.9901
vn 0.9901 0.1401 0.0024
vn 0.9901 0.1401 0.0025
vn 0.9156 0.1403 -0.3767
vn 0.9157 0.1403 -0.3766
vn 0.9148 -0.1475 0.3759
vn 0.9148 -0.1475 0.3760
vn 0.7013 -0.1474 0.6974
vn 0.7013 -0.1474 0.6975
vn 0.7027 0.1402 -0.6976
vn 0.7027 0.1402 -0.6975
vn 0.9127 -0.1474 -0.3812
vn 0.9127 -0.1474 -0.3810
vn 0.9891 -0.1473 -0.0028
vn 0.9891 -0.1473 -0.0027
vn -0.3813 0.1405 -0.9137
vn -0.3814 0.1405 -0.9137
vn 0.3761 -0.1472 -0.9148
vn 0.3763 -0.1472 -0.9147
vn 0.6974 -0.1471 -0.7014
vn 0.6975 -0.1471 -0.7014
vn -0.7020 0.1403 -0.6982
vn -0.9157 0.1405 -0.3764
vn -0.9158 0.1405 -0.3763
vn -0.7203 -0.1466 0.6780
vn -0.7198 -0.1466 0.6785
vn -0.9147 -0.1474 0.3763
vn -0.9147 -0.1474 0.3762
vn -0.9901 0.1402 0.0027
vn -0.9901 0.1402 0.0028
vn -0.9137 0.1403 0.3814
vn -0.9136 0.1403 0.3816
vn -0.6982 0.1401 0.7021
vn -0.6981 0.1401 0.7021
vn -0.3767 0.1402 0.9157
vn -0.3765 0.1402 0.9157
vn -0.9891 -0.1472 -0.0024
vn -0.9891 -0.1472 -0.0025
vn -0.9138 -0.1472 -0.3785
vn -0.0025 -0.1470 -0.9891
vn -0.3806 -0.1472 -0.9130
vn -0.3805 -0.1472 -0.9130
vn -0.7009 -0.1471 -0.6979
vn -0.7010 -0.1471 -0.6978
vn -0.3794 -0.1475 0.9134
vn -0.3795 -0.1475 0.9134
vn 0.0025 0.1400 0.9901
vn -0.5940 -0.1444 0.7914
vn -0.5558 -0.1445 0.8187
vn -0.5558 -0.1446 0.8187
vn 0.8084 -0.0350 0.5876
vn -0.0150 0.9954 0.0946
vn -0.0134 -0.9956 0.0927
vn 0.3810 -0.1401 0.9139
vn 0.7016 -0.1400 0.6986
vn 0.7017 -0.1400 0.6986
vn 0.3809 -0.1401 0.9139
vn 0.9148 -0.1402 0.3789
vn 0.3810 0.1476 0.9127
vn 0.0025 0.1474 0.9891
vn 0.0027 0.1474 0.9891
vn 0.3809 0.1476 0.9127
vn 0.3799 -0.1405 -0.9143
vn -0.0025 -0.1403 -0.9901
vn -0.0027 -0.1403 -0.9901
vn 0.3798 -0.1405 -0.9143
vn 0.9901 -0.1401 0.0024
vn 0.9157 -0.1403 -0.3766
vn 0.9156 -0.1403 -0.3767
vn 0.9901 -0.1401 0.0025
vn 0.9148 0.1475 0.3759
vn 0.7013 0.1474 0.6975
vn 0.7013 0.1474 0.6974
vn 0.9148 0.1475 0.3760
vn 0.7027 -0.1402 -0.6976
vn 0.7027 -0.1402 -0.6975
vn 0.9127 0.1474 -0.3812
vn 0.9891 0.1473 -0.0027
vn 0.9891 0.1473 -0.0028
vn 0.9127 0.1474 -0.3810
vn -0.3814 -0.1405 -0.9137
vn -0.3813 -0.1405 -0.9137
vn 0.3761 0.1472 -0.9148
vn 0.6975 0.1471 -0.7014
vn 0.6974 0.1471 -0.7014
vn 0.3763 0.1472 -0.9147
vn -0.7020 -0.1403 -0.6982
vn -0.9158 -0.1404 -0.3763
vn -0.9157 -0.1404 -0.3764
vn -0.7203 0.1466 0.6780
vn -0.9147 0.1474 0.3762
vn -0.9147 0.1474 0.3763
vn -0.7198 0.1466 0.6785
vn -0.9901 -0.1402 0.0027
vn -0.9136 -0.1403 0.3816
vn -0.9137 -0.1403 0.3814
vn -0.9901 -0.1402 0.0028
vn -0.6982 -0.1401 0.7021
vn -0.3765 -0.1402 0.9157
vn -0.3767 -0.1402 0.9157
vn -0.6981 -0.1401 0.7021
vn -0.9891 0.1472 -0.0024
vn -0.9138 0.1472 -0.3785
vn -0.9891 0.1472 -0.0025
vn -0.0025 0.1470 -0.9891
vn -0.3806 0.1472 -0.9130
vn -0.3805 0.1472 -0.9130
vn -0.7009 0.1471 -0.6979
vn -0.7010 0.1471 -0.6978
vn -0.3795 0.1475 0.9134
vn -0.3794 0.1475 0.9134
vn 0.0025 -0.1400 0.9901
vn -0.5940 0.1444 0.7914
vn -0.5558 0.1445 0.8187
vn -0.5558 0.1446 0.8187
vn 0.8084 0.0350 0.5876
vn -0.0150 -0.9955 0.0940
vn -0.0135 0.9956 0.0928
vn 1.0000 0.0000 0.0025
vn 0.9239 0.0000 0.3827
vn -0.9248 0.0000 0.3804
vn -0.7300 0.0000 0.6835
vn -0.7051 0.0000 0.7091
vn -0.9228 0.0000 0.3853
vn 0.3852 0.0000 0.9228
vn 0.7090 0.0000 0.7052
vn -1.0000 -0.0000 0.0028
vn -0.9249 -0.0000 -0.3801
vn -0.9239 -0.0000 -0.3827
vn -1.0000 0.0000 -0.0025
vn 0.0025 0.0000 1.0000
vn -0.3804 0.0000 0.9248
vn 0.3847 0.0000 0.9230
vn 0.9228 0.0000 -0.3853
vn 0.7051 -0.0000 -0.7091
vn 0.7087 0.0000 0.7055
vn 0.9249 0.0000 0.3801
vn 1.0000 -0.0000 -0.0028
vn -0.0026 -0.0000 -1.0000
vn 0.3837 -0.0000 -0.9235
vn 0.9248 -0.0000 -0.3804
vn 0.3804 -0.0000 -0.9248
vn -0.0025 -0.0000 -1.0000
vn -0.3847 -0.0000 -0.9230
vn 0.7097 -0.0000 -0.7045
vn -0.7087 -0.0000 -0.7055
vn -0.3852 -0.0000 -0.9228
vn -0.3836 0.0000 0.9235
vn 0.0026 0.0000 1.0000
vn -0.7090 -0.0000 -0.7052
vn -0.6054 0.0000 0.7959
vn -0.5616 0.0001 0.8274
vn -0.5617 0.0001 0.8274
vn -0.5617 -0.0001 0.8274
vn -0.5616 -0.0001 0.8274
vn -0.0163 0.9958 0.0905
vn -0.0163 -0.9958 0.0905
vn 0.8872 0.0000 0.4613
vn -0.5617 -0.0003 0.8274
vn -0.5617 0.0004 0.8274
vn -0.2268 0.9691 0.0969
vn 0.1317 0.9691 0.2085
vn -0.0594 0.2644 0.9626
vn 0.1796 0.3868 0.9045
vn 0.0475 0.5381 0.8415
vn -0.1040 0.3709 0.9228
vn -0.1382 0.6138 0.7773
vn -0.2224 0.3823 0.8969
vn 0.1375 0.6241 0.7692
vn -0.0846 0.7188 0.6901
vn -0.0295 0.1650 0.9859
vn 0.2418 0.2011 0.9493
vn 0.3005 0.4441 0.8441
vn 0.7021 0.5627 0.4363
vn 0.7021 0.5628 0.4363
vn 0.4579 0.8264 0.3276
vn 0.4579 0.8264 0.3277
vn -0.0274 0.0594 0.9979
vn 0.2398 0.0014 0.9708
vn 0.3805 0.2142 0.8996
vn 0.8272 0.2183 0.5179
vn -0.0363 -0.0624 0.9974
vn 0.1618 -0.1941 0.9675
vn 0.3751 -0.0340 0.9263
vn 0.8141 -0.1545 0.5598
vn 0.2768 -0.2682 0.9227
vn 0.6649 -0.4990 0.5557
vn -0.1443 -0.1162 0.9827
vn 0.0105 -0.3381 0.9411
vn 0.0972 -0.4449 0.8903
vn 0.4022 -0.7627 0.5065
vn -0.2427 -0.1525 0.9581
vn -0.1718 -0.4106 0.8955
vn -0.1281 -0.5372 0.8336
vn 0.0660 -0.9054 0.4194
vn -0.3635 -0.4150 0.8340
vn -0.3662 -0.5401 0.7578
vn -0.5475 -0.3399 0.7647
vn -0.5873 -0.4458 0.6756
vn -0.2924 -0.9054 0.3078
vn -0.3451 -0.1574 0.9253
vn -0.6814 -0.1878 0.7074
vn -0.7514 -0.2655 0.6041
vn -0.6186 -0.7627 0.1887
vn -0.4565 -0.1487 0.8772
vn -0.9880 -0.1546 -0.0014
vn -0.8629 -0.4990 0.0801
vn -0.8629 -0.4991 0.0801
vn -0.5082 -0.0394 0.8604
vn -0.9749 0.2183 -0.0433
vn -0.5390 0.0604 0.8401
vn -0.7450 -0.0016 0.6670
vn -0.8327 -0.0349 0.5526
vn -0.8257 0.5628 -0.0394
vn -0.5402 0.1656 0.8251
vn -0.7416 0.1976 0.6411
vn -0.8261 0.2128 0.5219
vn -0.4229 0.3412 0.8395
vn -0.5122 0.5370 0.6703
vn -0.6620 0.3924 0.6386
vn -0.5241 0.2846 0.8027
vn -0.7267 0.4465 0.5220
vn -0.3255 0.3777 0.8668
vn -0.3312 0.6100 0.7199
vn -0.5480 0.6236 0.5575
vn -0.5630 0.8264 0.0098
vn -0.3239 0.7164 0.6180
vn -0.3879 0.1840 0.9032
vn -0.3782 0.0993 0.9204
vn -0.3615 0.0148 0.9322
vn -0.3079 0.2051 0.9291
vn -0.2952 0.1171 0.9482
vn -0.2801 0.0281 0.9595
vn -0.2246 0.2175 0.9499
vn -0.2100 0.1338 0.9685
vn -0.1981 0.0484 0.9790
vn -0.2724 0.9309 0.2434
vn 0.0861 0.9309 0.3550
vn -0.0683 0.1108 0.9915
vn 0.1642 0.2518 0.9537
vn 0.0249 0.4046 0.9142
vn -0.1181 0.2198 0.9684
vn -0.1644 0.4803 0.8616
vn -0.2369 0.2295 0.9440
vn 0.1104 0.5048 0.8561
vn -0.1161 0.5999 0.7916
vn -0.0337 0.0105 0.9994
vn 0.2354 0.0647 0.9698
vn 0.2821 0.3235 0.9032
vn 0.6761 0.5221 0.5199
vn 0.4191 0.7874 0.4521
vn -0.0264 -0.0955 0.9951
vn 0.2430 -0.1358 0.9605
vn 0.3732 0.0918 0.9232
vn 0.8178 0.1756 0.5481
vn -0.0296 -0.2160 0.9759
vn 0.1745 -0.3320 0.9270
vn 0.3797 -0.1575 0.9116
vn 0.8226 -0.1994 0.5324
vn 0.8226 -0.1995 0.5324
vn 0.2928 -0.3928 0.8718
vn 0.6900 -0.5460 0.4752
vn -0.1351 -0.2721 0.9527
vn 0.0301 -0.4774 0.8782
vn 0.1216 -0.5708 0.8120
vn 0.4400 -0.8112 0.3852
vn -0.2316 -0.3088 0.9225
vn -0.1487 -0.5505 0.8215
vn -0.0993 -0.6640 0.7411
vn 0.1106 -0.9547 0.2761
vn 0.1107 -0.9547 0.2761
vn -0.3402 -0.5546 0.7594
vn -0.3373 -0.6665 0.6648
vn -0.5279 -0.4786 0.7016
vn -0.5629 -0.5714 0.5972
vn -0.2479 -0.9547 0.1645
vn -0.2478 -0.9547 0.1645
vn -0.3337 -0.3135 0.8890
vn -0.6691 -0.3262 0.6678
vn -0.7356 -0.3903 0.5537
vn -0.5809 -0.8112 0.0674
vn -0.4456 -0.3029 0.8424
vn -0.9795 -0.1994 -0.0286
vn -0.9795 -0.1995 -0.0286
vn -0.8378 -0.5460 -0.0004
vn -0.5026 -0.1949 0.8423
vn -0.9844 0.1756 -0.0129
vn -0.5381 -0.0948 0.8375
vn -0.7416 -0.1393 0.6562
vn -0.8280 -0.1588 0.5377
vn -0.8517 0.5222 0.0443
vn -0.8517 0.5221 0.0442
vn -0.5444 0.0114 0.8387
vn -0.7479 0.0615 0.6610
vn -0.8334 0.0908 0.5452
vn -0.4357 0.1880 0.8803
vn -0.5348 0.4030 0.7427
vn -0.6776 0.2580 0.6888
vn -0.5342 0.1330 0.8349
vn -0.7452 0.3262 0.5816
vn -0.3399 0.2246 0.9132
vn -0.3572 0.4761 0.8036
vn -0.5751 0.5040 0.6444
vn -0.6017 0.7874 0.1342
vn -0.3554 0.5971 0.7191
vn -0.3929 0.0247 0.9193
vn -0.3790 -0.0609 0.9234
vn -0.3583 -0.1453 0.9222
vn -0.3139 0.0453 0.9484
vn -0.2970 -0.0438 0.9539
vn -0.2777 -0.1326 0.9515
vn -0.2311 0.0585 0.9712
vn -0.2125 -0.0262 0.9768
vn -0.1966 -0.1116 0.9741
vn 0.0860 0.9309 0.3550
vn 0.1643 0.2518 0.9537
vn -0.1644 0.4803 0.8615
vn 0.6761 0.5221 0.5200
vn 0.6760 0.5221 0.5199
vn 0.3731 0.0919 0.9232
vn 0.8177 0.1756 0.5481
vn 0.0301 -0.4773 0.8782
vn 0.1217 -0.5708 0.8120
vn -0.1487 -0.5506 0.8214
vn -0.0992 -0.6641 0.7411
vn -0.3403 -0.5546 0.7594
vn -0.3373 -0.6666 0.6648
vn -0.5382 -0.0948 0.8375
vn -0.7417 -0.1393 0.6562
vn -0.8517 0.5221 0.0443
vn -0.5445 0.0114 0.8387
vn -0.5348 0.4031 0.7426
vn -0.6776 0.2580 0.6887
vn -0.7453 0.3263 0.5815
vn -0.5751 0.5041 0.6443
vn -0.6017 0.7873 0.1343
vn -0.6017 0.7874 0.1343
vn -0.3929 0.0247 0.9192
vn -0.3583 -0.1454 0.9222
vn -0.3138 0.0454 0.9484
vn -0.2268 -0.9691 0.0970
vn 0.1316 -0.9691 0.2086
vn -0.0593 -0.2644 0.9626
vn -0.1040 -0.3709 0.9228
vn 0.0475 -0.5381 0.8415
vn 0.1796 -0.3867 0.9045
vn -0.2223 -0.3823 0.8969
vn -0.1381 -0.6139 0.7772
vn -0.0845 -0.7189 0.6900
vn 0.1375 -0.6241 0.7691
vn -0.0295 -0.1650 0.9859
vn 0.2418 -0.2011 0.9493
vn 0.3004 -0.4442 0.8441
vn 0.7021 -0.5627 0.4364
vn 0.4578 -0.8264 0.3278
vn 0.4578 -0.8264 0.3277
vn -0.0274 -0.0593 0.9979
vn 0.2398 -0.0014 0.9708
vn 0.3805 -0.2142 0.8996
vn 0.8272 -0.2182 0.5179
vn -0.0363 0.0624 0.9974
vn 0.1619 0.1941 0.9675
vn 0.3752 0.0340 0.9263
vn 0.8141 0.1546 0.5597
vn 0.8141 0.1545 0.5597
vn 0.2769 0.2682 0.9227
vn 0.6649 0.4991 0.5557
vn -0.1444 0.1162 0.9827
vn 0.0106 0.3382 0.9410
vn 0.0973 0.4450 0.8902
vn 0.4022 0.7627 0.5065
vn -0.2427 0.1524 0.9581
vn -0.1718 0.4106 0.8955
vn -0.1281 0.5373 0.8336
vn 0.0660 0.9053 0.4195
vn -0.3636 0.4150 0.8340
vn -0.3662 0.5401 0.7577
vn -0.5475 0.3399 0.7647
vn -0.5873 0.4458 0.6756
vn -0.2925 0.9053 0.3079
vn -0.3451 0.1574 0.9253
vn -0.6814 0.1879 0.7074
vn -0.7514 0.2655 0.6041
vn -0.6187 0.7627 0.1887
vn -0.4565 0.1488 0.8772
vn -0.9880 0.1546 -0.0014
vn -0.8628 0.4991 0.0801
vn -0.8629 0.4991 0.0801
vn -0.5082 0.0394 0.8604
vn -0.9749 -0.2183 -0.0433
vn -0.5390 -0.0604 0.8402
vn -0.7450 0.0016 0.6671
vn -0.8327 0.0350 0.5526
vn -0.8257 -0.5628 -0.0393
vn -0.5402 -0.1656 0.8251
vn -0.7416 -0.1976 0.6411
vn -0.8260 -0.2128 0.5219
vn -0.4229 -0.3411 0.8395
vn -0.5241 -0.2847 0.8027
vn -0.6619 -0.3924 0.6387
vn -0.5122 -0.5370 0.6703
vn -0.7267 -0.4466 0.5221
vn -0.3256 -0.3777 0.8668
vn -0.3312 -0.6100 0.7199
vn -0.5480 -0.6236 0.5575
vn -0.5630 -0.8264 0.0099
vn -0.3239 -0.7165 0.6179
vn -0.3879 -0.1840 0.9032
vn -0.3782 -0.0993 0.9204
vn -0.3615 -0.0148 0.9322
vn -0.3079 -0.2050 0.9291
vn -0.2953 -0.1170 0.9482
vn -0.2802 -0.0281 0.9595
vn -0.2246 -0.2175 0.9499
vn -0.2100 -0.1338 0.9685
vn -0.1981 -0.0483 0.9790
vn -0.2462 0.9691 0.0141
vn 0.0530 0.9691 0.2409
vn -0.3830 0.2644 0.8851
vn -0.1385 0.3868 0.9117
vn -0.2413 0.5381 0.8076
vn -0.4114 0.3708 0.8326
vn -0.3941 0.6138 0.6840
vn -0.5139 0.3823 0.7680
vn -0.1321 0.6240 0.7702
vn -0.3140 0.7187 0.6203
vn -0.3628 0.1651 0.9171
vn -0.0953 0.2011 0.9749
vn -0.0043 0.4442 0.8959
vn 0.5121 0.5628 0.6489
vn 0.5121 0.5627 0.6489
vn 0.3193 0.8264 0.4638
vn -0.3648 0.0594 0.9292
vn -0.1044 0.0014 0.9945
vn 0.0521 0.2142 0.9754
vn 0.6020 0.2183 0.7681
vn -0.3731 -0.0624 0.9257
vn -0.1765 -0.1942 0.9650
vn 0.0381 -0.0341 0.9987
vn 0.5754 -0.1545 0.8031
vn 0.5754 -0.1546 0.8031
vn -0.0530 -0.2683 0.9619
vn 0.4363 -0.4990 0.7488
vn 0.4363 -0.4990 0.7487
vn -0.4698 -0.1162 0.8751
vn -0.3099 -0.3382 0.8886
vn -0.2110 -0.4449 0.8703
vn 0.2060 -0.7627 0.6131
vn 0.2061 -0.7627 0.6131
vn -0.5538 -0.1525 0.8185
vn -0.4659 -0.4106 0.7838
vn -0.4038 -0.5372 0.7405
vn -0.0804 -0.9054 0.4169
vn -0.6253 -0.4149 0.6609
vn -0.6020 -0.5400 0.5883
vn -0.7748 -0.3399 0.5331
vn -0.7819 -0.4458 0.4358
vn -0.3796 -0.9054 0.1901
vn -0.6389 -0.1574 0.7530
vn -0.8813 -0.1879 0.4337
vn -0.9120 -0.2655 0.3127
vn -0.6460 -0.7627 -0.0327
vn -0.6460 -0.7627 -0.0328
vn -0.7273 -0.1488 0.6700
vn -0.9287 -0.1546 -0.3371
vn -0.8388 -0.4990 -0.2179
vn -0.7703 -0.0394 0.6365
vn -0.9021 0.2183 -0.3721
vn -0.7924 0.0604 0.6070
vn -0.9274 -0.0016 0.3741
vn -0.9710 -0.0350 0.2367
vn -0.7631 0.5628 -0.3177
vn -0.7632 0.5628 -0.3174
vn -0.7884 0.1657 0.5924
vn -0.9154 0.1976 0.3508
vn -0.9543 0.2128 0.2100
vn -0.6830 0.3412 0.6459
vn -0.7095 0.5370 0.4563
vn -0.8396 0.3924 0.3757
vn -0.7657 0.2846 0.5768
vn -0.8608 0.4466 0.2440
vn -0.6007 0.3777 0.7046
vn -0.5562 0.6099 0.5645
vn -0.7049 0.6236 0.3381
vn -0.5328 0.8264 -0.1821
vn -0.5147 0.7164 0.4711
vn -0.6717 0.1840 0.7176
vn -0.6684 0.0993 0.7372
vn -0.6571 0.0148 0.7537
vn -0.6052 0.2051 0.7692
vn -0.5999 0.1171 0.7915
vn -0.5896 0.0281 0.8072
vn -0.5340 0.2175 0.8171
vn -0.5266 0.1339 0.8395
vn -0.5190 0.0484 0.8534
vn -0.3389 0.9309 0.1363
vn -0.0397 0.9309 0.3631
vn -0.4013 0.1108 0.9092
vn -0.1696 0.2519 0.9528
vn -0.2873 0.4046 0.8682
vn -0.4403 0.2198 0.8705
vn -0.4474 0.4803 0.7544
vn -0.5437 0.2295 0.8073
vn -0.1872 0.5048 0.8427
vn -0.3783 0.5997 0.7051
vn -0.3714 0.0105 0.9284
vn -0.1082 0.0647 0.9920
vn -0.0417 0.3235 0.9453
vn 0.4591 0.5222 0.7187
vn 0.4592 0.5221 0.7187
vn 0.2406 0.7874 0.5676
vn -0.3630 -0.0956 0.9269
vn -0.0979 -0.1359 0.9859
vn 0.0373 0.0919 0.9951
vn 0.5828 0.1756 0.7934
vn -0.3594 -0.2161 0.9078
vn -0.1510 -0.3321 0.9311
vn 0.0474 -0.1576 0.9864
vn 0.5928 -0.1994 0.7803
vn -0.0210 -0.3929 0.9194
vn 0.4874 -0.5460 0.6814
vn -0.4508 -0.2721 0.8502
vn -0.2702 -0.4774 0.8361
vn -0.1617 -0.5708 0.8050
vn 0.2828 -0.8112 0.5119
vn -0.5313 -0.3088 0.7889
vn -0.4190 -0.5506 0.7220
vn -0.3452 -0.6640 0.6633
vn 0.0101 -0.9547 0.2974
vn -0.5780 -0.5547 0.5985
vn -0.5431 -0.6667 0.5105
vn -0.7349 -0.4787 0.4804
vn -0.7323 -0.5715 0.3702
vn -0.2890 -0.9547 0.0706
vn -0.6160 -0.3136 0.7227
vn -0.8562 -0.3262 0.4006
vn -0.8800 -0.3904 0.2706
vn -0.5693 -0.8112 -0.1339
vn -0.5692 -0.8112 -0.1339
vn -0.7054 -0.3029 0.6409
vn -0.9115 -0.1995 -0.3597
vn -0.7878 -0.5460 -0.2850
vn -0.7589 -0.1948 0.6214
vn -0.9214 0.1757 -0.3467
vn -0.7907 -0.0948 0.6048
vn -0.9205 -0.1393 0.3651
vn -0.9615 -0.1589 0.2242
vn -0.8160 0.5222 -0.2479
vn -0.7971 0.0114 0.6038
vn -0.9280 0.0615 0.3675
vn -0.9691 0.0907 0.2296
vn -0.7088 0.1881 0.6798
vn -0.7553 0.4030 0.5168
vn -0.8713 0.2580 0.4175
vn -0.7861 0.1331 0.6037
vn -0.8985 0.3262 0.2937
vn -0.6300 0.2246 0.7434
vn -0.6091 0.4760 0.6344
vn -0.7598 0.5040 0.4107
vn -0.6115 0.7874 -0.0783
vn -0.5787 0.5970 0.5556
vn -0.6819 0.0247 0.7310
vn -0.6703 -0.0610 0.7396
vn -0.6504 -0.1453 0.7455
vn -0.6174 0.0454 0.7853
vn -0.6035 -0.0437 0.7962
vn -0.5845 -0.1325 0.8005
vn -0.5475 0.0585 0.8348
vn -0.5319 -0.0262 0.8464
vn -0.5159 -0.1116 0.8494
vn -0.5437 0.2294 0.8073
vn -0.1871 0.5048 0.8427
vn -0.3783 0.5998 0.7051
vn -0.2891 -0.9547 0.0706
vn -0.8800 -0.3904 0.2705
vn -0.5692 -0.8112 -0.1340
vn -0.7053 -0.3029 0.6409
vn -0.7907 -0.0947 0.6048
vn -0.7970 0.0114 0.6038
vn -0.6301 0.2246 0.7434
vn -0.6091 0.4760 0.6343
vn -0.2462 -0.9691 0.0140
vn -0.2462 -0.9691 0.0141
vn 0.0530 -0.9691 0.2409
vn -0.3830 -0.2644 0.8851
vn -0.4114 -0.3709 0.8326
vn -0.2413 -0.5381 0.8076
vn -0.1385 -0.3868 0.9117
vn -0.5139 -0.3823 0.7680
vn -0.3941 -0.6138 0.6840
vn -0.3140 -0.7187 0.6203
vn -0.1321 -0.6240 0.7702
vn -0.3628 -0.1650 0.9172
vn -0.0952 -0.2011 0.9749
vn -0.0043 -0.4442 0.8959
vn 0.5121 -0.5628 0.6489
vn 0.3193 -0.8264 0.4637
vn 0.3193 -0.8264 0.4638
vn 0.5121 -0.5627 0.6489
vn -0.3648 -0.0594 0.9292
vn -0.1044 -0.0014 0.9945
vn 0.0521 -0.2142 0.9754
vn 0.6020 -0.2183 0.7681
vn -0.3731 0.0624 0.9257
vn -0.1768 0.1942 0.9649
vn 0.0381 0.0341 0.9987
vn 0.5754 0.1545 0.8031
vn 0.5754 0.1546 0.8031
vn -0.0530 0.2683 0.9619
vn 0.4363 0.4990 0.7488
vn 0.4363 0.4990 0.7487
vn -0.4698 0.1162 0.8751
vn -0.3099 0.3382 0.8886
vn -0.2110 0.4449 0.8703
vn 0.2060 0.7627 0.6131
vn 0.2061 0.7627 0.6131
vn -0.5538 0.1525 0.8185
vn -0.4659 0.4105 0.7838
vn -0.4038 0.5372 0.7405
vn -0.0804 0.9054 0.4169
vn -0.6253 0.4149 0.6609
vn -0.6020 0.5400 0.5883
vn -0.7748 0.3399 0.5331
vn -0.7819 0.4458 0.4358
vn -0.3796 0.9054 0.1901
vn -0.6389 0.1574 0.7530
vn -0.8813 0.1879 0.4337
vn -0.9120 0.2655 0.3127
vn -0.6460 0.7627 -0.0328
vn -0.7273 0.1488 0.6700
vn -0.9287 0.1546 -0.3371
vn -0.8388 0.4990 -0.2179
vn -0.7703 0.0394 0.6365
vn -0.9021 -0.2183 -0.3721
vn -0.7924 -0.0604 0.6070
vn -0.9274 0.0016 0.3741
vn -0.9710 0.0350 0.2367
vn -0.7631 -0.5628 -0.3177
vn -0.7884 -0.1657 0.5924
vn -0.9154 -0.1976 0.3508
vn -0.9543 -0.2128 0.2100
vn -0.6830 -0.3412 0.6459
vn -0.7657 -0.2846 0.5768
vn -0.8396 -0.3924 0.3757
vn -0.7095 -0.5370 0.4563
vn -0.8608 -0.4466 0.2440
vn -0.6007 -0.3777 0.7046
vn -0.5562 -0.6099 0.5645
vn -0.7049 -0.6236 0.3381
vn -0.5328 -0.8264 -0.1821
vn -0.5147 -0.7164 0.4711
vn -0.6717 -0.1840 0.7176
vn -0.6684 -0.0993 0.7372
vn -0.6567 -0.0148 0.7540
vn -0.6052 -0.2051 0.7692
vn -0.5999 -0.1171 0.7915
vn -0.5896 -0.0281 0.8072
vn -0.5340 -0.2175 0.8170
vn -0.5266 -0.1338 0.8395
vn -0.5190 -0.0484 0.8534
vn -0.1955 0.9691 -0.1505
vn -0.1175 0.9691 0.2169
vn -0.1955 0.9691 -0.1504
vn -0.8687 0.2643 0.4189
vn -0.7012 0.3868 0.5989
vn -0.7108 0.5381 0.4529
vn -0.8558 0.3710 0.3605
vn -0.7455 0.6138 0.2596
vn -0.8910 0.3824 0.2447
vn -0.6037 0.6241 0.4960
vn -0.6432 0.7188 0.2637
vn -0.8744 0.1650 0.4564
vn -0.7098 0.2011 0.6751
vn -0.5894 0.4442 0.6748
vn -0.0372 0.5628 0.8258
vn -0.0619 0.8264 0.5596
vn -0.8838 0.0595 0.4641
vn -0.7296 0.0014 0.6839
vn -0.5987 0.2142 0.7718
vn -0.0471 0.2183 0.9747
vn -0.8878 -0.0624 0.4560
vn -0.7648 -0.1942 0.6143
vn -0.6246 -0.0340 0.7802
vn -0.0901 -0.1546 0.9839
vn -0.6694 -0.2683 0.6927
vn -0.1596 -0.4991 0.8517
vn -0.1596 -0.4990 0.8517
vn -0.9278 -0.1162 0.3546
vn -0.8157 -0.3381 0.4694
vn -0.7291 -0.4448 0.5202
vn -0.2451 -0.7627 0.5985
vn -0.9543 -0.1525 0.2568
vn -0.8651 -0.4105 0.2881
vn -0.7899 -0.5371 0.2960
vn -0.3336 -0.9054 0.2627
vn -0.9053 -0.4150 0.0908
vn -0.8401 -0.5401 0.0511
vn -0.9347 -0.3399 -0.1036
vn -0.8764 -0.4458 -0.1819
vn -0.4115 -0.9054 -0.1045
vn -0.9758 -0.1575 0.1514
vn -0.9503 -0.1878 -0.2484
vn -0.8944 -0.2654 -0.3599
vn -0.4671 -0.7627 -0.4473
vn -0.9884 -0.1487 0.0309
vn -0.4819 -0.1545 -0.8625
vn -0.4819 -0.1546 -0.8625
vn -0.4918 -0.4990 -0.7135
vn -0.9990 -0.0394 -0.0225
vn -0.4390 0.2183 -0.8715
vn -0.9964 0.0604 -0.0593
vn -0.9462 -0.0015 -0.3237
vn -0.8893 -0.0349 -0.4560
vn -0.3695 0.5628 -0.7394
vn -0.9839 0.1657 -0.0677
vn -0.9218 0.1976 -0.3334
vn -0.8591 0.2129 -0.4654
vn -0.9391 0.3412 0.0415
vn -0.8351 0.5370 -0.1191
vn -0.8807 0.3925 -0.2651
vn -0.9564 0.2847 -0.0647
vn -0.8106 0.4466 -0.3787
vn -0.9153 0.3778 0.1399
vn -0.7899 0.6100 0.0631
vn -0.7542 0.6236 -0.2055
vn -0.2839 0.8264 -0.4863
vn -0.6974 0.7164 0.0196
vn -0.9775 0.1840 0.1032
vn -0.9878 0.0993 0.1202
vn -0.9900 0.0148 0.1405
vn -0.9609 0.2051 0.1858
vn -0.9715 0.1170 0.2062
vn -0.9740 0.0281 0.2248
vn -0.9383 0.2175 0.2687
vn -0.9475 0.1338 0.2906
vn -0.9508 0.0484 0.3060
vn -0.3455 0.9309 -0.1185
vn -0.2675 0.9309 0.2487
vn -0.3455 0.9309 -0.1186
vn -0.8983 0.1107 0.4252
vn -0.7516 0.2518 0.6097
vn -0.7852 0.4046 0.4687
vn -0.9025 0.2198 0.3704
vn -0.8319 0.4803 0.2779
vn -0.9393 0.2294 0.2550
vn -0.6928 0.5048 0.5150
vn -0.7474 0.5997 0.2858
vn -0.8882 0.0105 0.4593
vn -0.7308 0.0646 0.6795
vn -0.6499 0.3236 0.6877
vn -0.1228 0.5222 0.8440
vn -0.1228 0.5221 0.8440
vn -0.1893 0.7874 0.5867
vn -0.8809 -0.0955 0.4635
vn -0.7190 -0.1359 0.6816
vn -0.6228 0.0918 0.7770
vn -0.0782 0.1757 0.9813
vn -0.8658 -0.2160 0.4513
vn -0.7232 -0.3321 0.6055
vn -0.6094 -0.1576 0.7770
vn -0.0622 -0.1994 0.9779
vn -0.6172 -0.3929 0.6817
vn -0.0773 -0.5460 0.8342
vn -0.8971 -0.2721 0.3481
vn -0.7513 -0.4774 0.4557
vn -0.6488 -0.5708 0.5032
vn -0.1210 -0.8112 0.5721
vn -0.1210 -0.8112 0.5722
vn -0.9179 -0.3088 0.2491
vn -0.7893 -0.5505 0.2720
vn -0.6950 -0.6640 0.2758
vn -0.1867 -0.9547 0.2316
vn -0.8287 -0.5546 0.0745
vn -0.7448 -0.6666 0.0308
vn -0.8701 -0.4787 -0.1174
vn -0.7961 -0.5715 -0.1990
vn -0.2647 -0.9547 -0.1358
vn -0.2647 -0.9547 -0.1357
vn -0.9386 -0.3136 0.1436
vn -0.9097 -0.3262 -0.2571
vn -0.8426 -0.3904 -0.3709
vn -0.3429 -0.8112 -0.4737
vn -0.9527 -0.3029 0.0233
vn -0.4540 -0.1995 -0.8684
vn -0.4094 -0.5460 -0.7310
vn -0.9805 -0.1949 -0.0265
vn -0.4700 0.1756 -0.8650
vn -0.9937 -0.0948 -0.0599
vn -0.9350 -0.1393 -0.3260
vn -0.8740 -0.1588 -0.4593
vn -0.4550 0.5222 -0.7214
vn -0.9978 0.0114 -0.0648
vn -0.9423 0.0615 -0.3291
vn -0.8831 0.0907 -0.4603
vn -0.9809 0.1880 0.0505
vn -0.9094 0.4030 -0.1032
vn -0.9321 0.2579 -0.2542
vn -0.9894 0.1330 -0.0576
vn -0.8717 0.3262 -0.3656
vn -0.9628 0.2246 0.1501
vn -0.8757 0.4760 0.0814
vn -0.8434 0.5039 -0.1864
vn -0.4113 0.7874 -0.4592
vn -0.8012 0.5970 0.0418
vn -0.9940 0.0248 0.1068
vn -0.9908 -0.0609 0.1209
vn -0.9796 -0.1454 0.1383
vn -0.9807 0.0454 0.1900
vn -0.9773 -0.0437 0.2074
vn -0.9657 -0.1326 0.2231
vn -0.9601 0.0585 0.2733
vn -0.9560 -0.0262 0.2923
vn -0.9458 -0.1116 0.3049
vn -0.2676 0.9309 0.2487
vn -0.8983 0.1108 0.4252
vn -0.7474 0.5998 0.2858
vn -0.7308 0.0646 0.6796
vn -0.1229 0.5222 0.8439
vn -0.7189 -0.1359 0.6816
vn -0.6228 0.0919 0.7770
vn -0.0783 0.1756 0.9813
vn -0.8658 -0.2160 0.4514
vn -0.6094 -0.1576 0.7771
vn -0.0622 -0.1995 0.9779
vn -0.8971 -0.2720 0.3481
vn -0.7513 -0.4774 0.4558
vn -0.6488 -0.5708 0.5033
vn -0.7893 -0.5506 0.2720
vn -0.9387 -0.3133 0.1437
vn -0.4540 -0.1994 -0.8684
vn -0.4094 -0.5459 -0.7310
vn -0.4550 0.5221 -0.7213
vn -0.4550 0.5222 -0.7213
vn -0.8831 0.0908 -0.4603
vn -0.9094 0.4030 -0.1033
vn -0.9321 0.2580 -0.2542
vn -0.8717 0.3262 -0.3657
vn -0.8434 0.5039 -0.1865
vn -0.9796 -0.1455 0.1383
vn -0.1955 -0.9691 -0.1505
vn -0.1955 -0.9691 -0.1504
vn -0.1176 -0.9691 0.2168
vn -0.8687 -0.2644 0.4189
vn -0.8558 -0.3709 0.3605
vn -0.7108 -0.5381 0.4530
vn -0.7012 -0.3868 0.5989
vn -0.8910 -0.3823 0.2447
vn -0.7455 -0.6139 0.2596
vn -0.6431 -0.7189 0.2637
vn -0.6036 -0.6241 0.4960
vn -0.8744 -0.1650 0.4564
vn -0.7098 -0.2011 0.6751
vn -0.5893 -0.4442 0.6748
vn -0.0373 -0.5628 0.8258
vn -0.0620 -0.8264 0.5596
vn -0.8838 -0.0594 0.4641
vn -0.7296 -0.0014 0.6839
vn -0.5987 -0.2142 0.7718
vn -0.0472 -0.2183 0.9747
vn -0.8878 0.0624 0.4560
vn -0.7648 0.1942 0.6143
vn -0.6246 0.0341 0.7802
vn -0.0902 0.1545 0.9839
vn -0.6694 0.2683 0.6927
vn -0.1597 0.4991 0.8517
vn -0.9278 0.1162 0.3546
vn -0.8157 0.3382 0.4694
vn -0.7290 0.4449 0.5202
vn -0.2452 0.7627 0.5985
vn -0.9544 0.1525 0.2568
vn -0.8651 0.4106 0.2881
vn -0.7899 0.5372 0.2960
vn -0.3336 0.9054 0.2627
vn -0.9053 0.4150 0.0907
vn -0.8401 0.5401 0.0510
vn -0.9347 0.3399 -0.1037
vn -0.8764 0.4459 -0.1819
vn -0.4116 0.9053 -0.1046
vn -0.9758 0.1575 0.1514
vn -0.9503 0.1878 -0.2485
vn -0.8944 0.2655 -0.3600
vn -0.4671 0.7627 -0.4474
vn -0.4671 0.7627 -0.4473
vn -0.9884 0.1485 0.0305
vn -0.4820 0.1546 -0.8624
vn -0.4918 0.4991 -0.7135
vn -0.4819 0.1546 -0.8625
vn -0.9990 0.0394 -0.0225
vn -0.4390 -0.2183 -0.8716
vn -0.9964 -0.0604 -0.0593
vn -0.9462 0.0016 -0.3237
vn -0.8893 0.0349 -0.4561
vn -0.3695 -0.5628 -0.7394
vn -0.9839 -0.1657 -0.0677
vn -0.9218 -0.1976 -0.3334
vn -0.8591 -0.2128 -0.4654
vn -0.9391 -0.3411 0.0415
vn -0.9564 -0.2847 -0.0647
vn -0.8807 -0.3925 -0.2651
vn -0.8351 -0.5370 -0.1191
vn -0.8106 -0.4467 -0.3786
vn -0.9153 -0.3777 0.1399
vn -0.7899 -0.6100 0.0631
vn -0.7543 -0.6236 -0.2055
vn -0.2839 -0.8264 -0.4862
vn -0.6974 -0.7164 0.0196
vn -0.9775 -0.1840 0.1032
vn -0.9878 -0.0993 0.1202
vn -0.9900 -0.0147 0.1405
vn -0.9610 -0.2050 0.1858
vn -0.9715 -0.1170 0.2062
vn -0.9740 -0.0281 0.2248
vn -0.9383 -0.2175 0.2687
vn -0.9475 -0.1338 0.2906
vn -0.9508 -0.0484 0.3060
vn -0.0333 0.9691 -0.2444
vn -0.2360 0.9691 0.0716
vn -0.9123 0.2644 -0.3127
vn -0.9197 0.3868 -0.0668
vn -0.8240 0.5381 -0.1775
vn -0.8622 0.3709 -0.3451
vn -0.7127 0.6139 -0.3394
vn -0.8058 0.3823 -0.4523
vn -0.7780 0.6241 -0.0715
vn -0.6429 0.7188 -0.2646
vn -0.9427 0.1650 -0.2901
vn -0.9794 0.2011 -0.0188
vn -0.8935 0.4442 0.0658
vn -0.6070 0.5627 0.5612
vn -0.6070 0.5628 0.5612
vn -0.4375 0.8264 0.3545
vn -0.9548 0.0594 -0.2911
vn -0.9996 0.0014 -0.0264
vn -0.9683 0.2143 0.1282
vn -0.7187 0.2183 0.6602
vn -0.9520 -0.0625 -0.2996
vn -0.9758 -0.1942 -0.1007
vn -0.9927 -0.0340 0.1159
vn -0.7557 -0.1545 0.6365
vn -0.9631 -0.2683 0.0221
vn -0.7123 -0.4990 0.4936
vn -0.7123 -0.4991 0.4936
vn -0.9091 -0.1162 -0.3999
vn -0.9101 -0.3381 -0.2395
vn -0.8842 -0.4448 -0.1425
vn -0.5950 -0.7627 0.2534
vn -0.8593 -0.1525 -0.4881
vn -0.8179 -0.4105 -0.4032
vn -0.7699 -0.5371 -0.3447
vn -0.4223 -0.9052 -0.0480
vn -0.4222 -0.9052 -0.0479
vn -0.7077 -0.4150 -0.5718
vn -0.6334 -0.5400 -0.5542
vn -0.5920 -0.3399 -0.7308
vn -0.4955 -0.4458 -0.7455
vn -0.2192 -0.9054 -0.3636
vn -0.8006 -0.1574 -0.5782
vn -0.5012 -0.1878 -0.8447
vn -0.3831 -0.2654 -0.8847
vn -0.0177 -0.7627 -0.6465
vn -0.7247 -0.1486 -0.6729
vn 0.2635 -0.1546 -0.9522
vn 0.1518 -0.4991 -0.8532
vn -0.6947 -0.0393 -0.7183
vn 0.3004 0.2183 -0.9285
vn -0.6670 0.0604 -0.7426
vn -0.4455 -0.0016 -0.8953
vn -0.3119 -0.0350 -0.9495
vn 0.2570 0.5628 -0.7856
vn -0.6521 0.1656 -0.7398
vn -0.4213 0.1976 -0.8851
vn -0.2840 0.2128 -0.9349
vn -0.6972 0.3412 -0.6305
vn -0.5103 0.5370 -0.6717
vn -0.4401 0.3924 -0.8077
vn -0.6348 0.2846 -0.7184
vn -0.3104 0.4466 -0.8392
vn -0.7494 0.3778 -0.5438
vn -0.6062 0.6100 -0.5103
vn -0.3920 0.6236 -0.6763
vn 0.1398 0.8264 -0.5454
vn -0.5098 0.7164 -0.4762
vn -0.7678 0.1839 -0.6137
vn -0.7870 0.0992 -0.6089
vn -0.8029 0.0149 -0.5959
vn -0.8141 0.2050 -0.5433
vn -0.8359 0.1170 -0.5362
vn -0.8508 0.0281 -0.5248
vn -0.8563 0.2175 -0.4685
vn -0.8781 0.1339 -0.4594
vn -0.8913 0.0484 -0.4508
vn -0.1624 0.9309 -0.3272
vn -0.3651 0.9309 -0.0112
vn -0.9378 0.1107 -0.3290
vn -0.9631 0.2518 -0.0946
vn -0.8880 0.4046 -0.2186
vn -0.9023 0.2198 -0.3709
vn -0.7870 0.4803 -0.3871
vn -0.8473 0.2294 -0.4790
vn -0.8548 0.5048 -0.1206
vn -0.7325 0.5998 -0.3220
vn -0.9546 0.0105 -0.2977
vn -0.9974 0.0647 -0.0303
vn -0.9457 0.3235 0.0324
vn -0.6807 0.5221 0.5139
vn -0.5471 0.7874 0.2842
vn -0.9524 -0.0955 -0.2895
vn -0.9905 -0.1358 -0.0205
vn -0.9891 0.0918 0.1149
vn -0.7455 0.1756 0.6429
vn -0.9331 -0.2160 -0.2875
vn -0.9400 -0.3321 -0.0776
vn -0.9797 -0.1575 0.1244
vn -0.7317 -0.1994 0.6518
vn -0.9182 -0.3929 0.0511
vn -0.6413 -0.5460 0.5390
vn -0.8828 -0.2721 -0.3830
vn -0.8547 -0.4774 -0.2040
vn -0.8151 -0.5709 -0.0981
vn -0.4882 -0.8112 0.3219
vn -0.8280 -0.3088 -0.4681
vn -0.7525 -0.5506 -0.3613
vn -0.6881 -0.6641 -0.2923
vn -0.2956 -0.9547 0.0334
vn -0.6418 -0.5547 -0.5295
vn -0.5514 -0.6666 -0.5016
vn -0.5363 -0.4787 -0.6951
vn -0.4264 -0.5715 -0.7011
vn -0.0929 -0.9547 -0.2826
vn -0.7686 -0.3135 -0.5577
vn -0.4663 -0.3262 -0.8223
vn -0.3385 -0.3904 -0.8562
vn 0.0891 -0.8112 -0.5780
vn -0.6941 -0.3029 -0.6531
vn 0.2875 -0.1994 -0.9368
vn 0.2874 -0.1994 -0.9368
vn 0.2226 -0.5460 -0.8077
vn -0.6788 -0.1949 -0.7080
vn 0.2736 0.1757 -0.9457
vn -0.6647 -0.0947 -0.7411
vn -0.4359 -0.1392 -0.8892
vn -0.2987 -0.1588 -0.9410
vn 0.1833 0.5221 -0.8329
vn -0.6642 0.0114 -0.7475
vn -0.4389 0.0615 -0.8964
vn -0.3046 0.0908 -0.9482
vn -0.7331 0.1880 -0.6536
vn -0.5741 0.4030 -0.7127
vn -0.4843 0.2580 -0.8360
vn -0.6632 0.1330 -0.7365
vn -0.3629 0.3263 -0.8728
vn -0.7903 0.2246 -0.5701
vn -0.6800 0.4760 -0.5576
vn -0.4686 0.5040 -0.7255
vn 0.0302 0.7874 -0.6158
vn 0.0302 0.7873 -0.6158
vn -0.5991 0.5971 -0.5335
vn -0.7820 0.0248 -0.6227
vn -0.7897 -0.0609 -0.6105
vn -0.7941 -0.1454 -0.5902
vn -0.8311 0.0455 -0.5542
vn -0.8409 -0.0437 -0.5394
vn -0.8437 -0.1326 -0.5202
vn -0.8750 0.0585 -0.4805
vn -0.8854 -0.0262 -0.4641
vn -0.8871 -0.1116 -0.4480
vn -0.8880 0.4046 -0.2185
vn -0.9023 0.2198 -0.3708
vn -0.7871 0.4803 -0.3871
vn -0.8548 0.5048 -0.1207
vn -0.9797 -0.1576 0.1244
vn -0.7317 -0.1995 0.6518
vn -0.6413 -0.5460 0.5391
vn -0.8547 -0.4774 -0.2039
vn -0.8151 -0.5709 -0.0980
vn -0.7686 -0.3136 -0.5577
vn -0.3385 -0.3904 -0.8561
vn -0.6940 -0.3029 -0.6531
vn 0.2875 -0.1995 -0.9368
vn 0.2227 -0.5460 -0.8077
vn -0.2987 -0.1589 -0.9410
vn 0.1833 0.5222 -0.8329
vn -0.7332 0.1880 -0.6536
vn -0.4686 0.5041 -0.7255
vn -0.8311 0.0454 -0.5542
vn -0.0333 -0.9691 -0.2444
vn -0.2360 -0.9691 0.0716
vn -0.9123 -0.2643 -0.3127
vn -0.8622 -0.3708 -0.3451
vn -0.8239 -0.5382 -0.1775
vn -0.9197 -0.3868 -0.0668
vn -0.8058 -0.3823 -0.4523
vn -0.7127 -0.6139 -0.3394
vn -0.6429 -0.7189 -0.2645
vn -0.7780 -0.6241 -0.0715
vn -0.9427 -0.1650 -0.2901
vn -0.9794 -0.2011 -0.0188
vn -0.8935 -0.4442 0.0658
vn -0.6070 -0.5627 0.5611
vn -0.4375 -0.8264 0.3544
vn -0.6070 -0.5628 0.5611
vn -0.9548 -0.0594 -0.2911
vn -0.9996 -0.0014 -0.0264
vn -0.9683 -0.2142 0.1281
vn -0.7187 -0.2183 0.6602
vn -0.9520 0.0624 -0.2996
vn -0.9758 0.1942 -0.1007
vn -0.9927 0.0340 0.1159
vn -0.7556 0.1546 0.6365
vn -0.7556 0.1545 0.6365
vn -0.9631 0.2683 0.0221
vn -0.7122 0.4991 0.4936
vn -0.9091 0.1162 -0.3999
vn -0.9101 0.3382 -0.2395
vn -0.8842 0.4449 -0.1424
vn -0.5951 0.7627 0.2534
vn -0.8593 0.1525 -0.4882
vn -0.8178 0.4106 -0.4032
vn -0.7698 0.5372 -0.3447
vn -0.4215 0.9056 -0.0479
vn -0.4220 0.9053 -0.0477
vn -0.7077 0.4150 -0.5718
vn -0.6334 0.5401 -0.5542
vn -0.5920 0.3399 -0.7308
vn -0.4955 0.4458 -0.7455
vn -0.2193 0.9053 -0.3637
vn -0.8005 0.1574 -0.5782
vn -0.5012 0.1878 -0.8447
vn -0.3831 0.2655 -0.8847
vn -0.0177 0.7627 -0.6465
vn -0.7247 0.1487 -0.6729
vn 0.2635 0.1546 -0.9522
vn 0.1518 0.4991 -0.8532
vn -0.6947 0.0393 -0.7183
vn 0.3004 -0.2183 -0.9285
vn -0.6670 -0.0604 -0.7426
vn -0.4455 0.0016 -0.8953
vn -0.3119 0.0350 -0.9495
vn 0.2570 -0.5628 -0.7857
vn -0.6521 -0.1656 -0.7398
vn -0.4213 -0.1976 -0.8851
vn -0.2840 -0.2128 -0.9349
vn -0.6971 -0.3412 -0.6305
vn -0.6348 -0.2847 -0.7183
vn -0.4401 -0.3925 -0.8076
vn -0.5103 -0.5370 -0.6717
vn -0.3105 -0.4466 -0.8391
vn -0.7493 -0.3778 -0.5438
vn -0.6062 -0.6100 -0.5104
vn -0.3921 -0.6236 -0.6763
vn 0.1397 -0.8264 -0.5454
vn -0.5098 -0.7164 -0.4762
vn -0.7678 -0.1839 -0.6137
vn -0.7871 -0.0992 -0.6089
vn -0.8029 -0.0149 -0.5959
vn -0.8142 -0.2050 -0.5433
vn -0.8359 -0.1170 -0.5362
vn -0.8508 -0.0282 -0.5248
vn -0.8563 -0.2174 -0.4685
vn -0.8781 -0.1339 -0.4594
vn -0.8913 -0.0485 -0.4507
vn 0.1492 0.9691 -0.1964
vn -0.2176 0.9691 -0.1161
vn -0.4243 0.2644 -0.8661
vn -0.6033 0.3868 -0.6974
vn -0.4573 0.5381 -0.7080
vn -0.3658 0.3710 -0.8536
vn -0.2642 0.6138 -0.7439
vn -0.2502 0.3824 -0.8895
vn -0.4998 0.6241 -0.6005
vn -0.2677 0.7188 -0.6416
vn -0.4618 0.1649 -0.8715
vn -0.6795 0.2011 -0.7056
vn -0.6785 0.4443 -0.5850
vn -0.8260 0.5628 -0.0321
vn -0.5601 0.8264 -0.0585
vn -0.5600 0.8264 -0.0585
vn -0.4696 0.0593 -0.8809
vn -0.6884 0.0013 -0.7253
vn -0.7756 0.2142 -0.5938
vn -0.9750 0.2183 -0.0410
vn -0.4616 -0.0624 -0.8849
vn -0.6191 -0.1942 -0.7609
vn -0.7841 -0.0341 -0.6197
vn -0.9844 -0.1546 -0.0840
vn -0.6969 -0.2683 -0.6651
vn -0.8527 -0.4990 -0.1544
vn -0.3604 -0.1162 -0.9256
vn -0.4745 -0.3381 -0.8128
vn -0.5247 -0.4449 -0.7258
vn -0.6000 -0.7627 -0.2415
vn -0.2627 -0.1525 -0.9527
vn -0.2934 -0.4106 -0.8633
vn -0.3009 -0.5372 -0.7879
vn -0.2647 -0.9054 -0.3319
vn -0.0964 -0.4150 -0.9047
vn -0.0563 -0.5401 -0.8397
vn 0.0979 -0.3399 -0.9354
vn 0.1765 -0.4457 -0.8776
vn 0.1020 -0.9054 -0.4122
vn -0.1575 -0.1575 -0.9749
vn 0.2425 -0.1878 -0.9518
vn 0.3543 -0.2654 -0.8967
vn 0.4444 -0.7627 -0.4699
vn -0.0369 -0.1488 -0.9882
vn 0.8595 -0.1545 -0.4873
vn 0.7104 -0.4990 -0.4962
vn 0.7104 -0.4991 -0.4962
vn 0.0164 -0.0394 -0.9991
vn 0.8688 0.2183 -0.4444
vn 0.0531 0.0604 -0.9968
vn 0.3177 -0.0016 -0.9482
vn 0.4505 -0.0349 -0.8921
vn 0.7372 0.5627 -0.3741
vn 0.0616 0.1656 -0.9843
vn 0.3277 0.1976 -0.9239
vn 0.4600 0.2129 -0.8620
vn -0.0475 0.3411 -0.9388
vn 0.1139 0.5370 -0.8359
vn 0.2597 0.3924 -0.8824
vn 0.0587 0.2846 -0.9569
vn 0.3736 0.4465 -0.8130
vn -0.1457 0.3777 -0.9144
vn -0.0681 0.6100 -0.7895
vn 0.2007 0.6235 -0.7556
vn 0.4845 0.8264 -0.2870
vn -0.0240 0.7164 -0.6973
vn -0.1094 0.1839 -0.9768
vn -0.1263 0.0994 -0.9870
vn -0.1467 0.0148 -0.9891
vn -0.1917 0.2050 -0.9598
vn -0.2121 0.1171 -0.9702
vn -0.2308 0.0281 -0.9726
vn -0.2744 0.2176 -0.9367
vn -0.2964 0.1338 -0.9457
vn -0.3119 0.0483 -0.9489
vn 0.1164 0.9309 -0.3462
vn -0.2503 0.9309 -0.2660
vn 0.1165 0.9309 -0.3462
vn -0.4307 0.1108 -0.8957
vn -0.6143 0.2519 -0.7478
vn -0.4736 0.4046 -0.7823
vn -0.3761 0.2199 -0.9001
vn -0.2831 0.4803 -0.8302
vn -0.2609 0.2295 -0.9377
vn -0.5193 0.5048 -0.6896
vn -0.2905 0.5998 -0.7456
vn -0.4648 0.0105 -0.8854
vn -0.6841 0.0647 -0.7265
vn -0.6917 0.3236 -0.6456
vn -0.8447 0.5222 -0.1176
vn -0.5878 0.7874 -0.1857
vn -0.4689 -0.0955 -0.8780
vn -0.6861 -0.1359 -0.7147
vn -0.7809 0.0919 -0.6179
vn -0.9818 0.1757 -0.0721
vn -0.4568 -0.2160 -0.8630
vn -0.6100 -0.3321 -0.7195
vn -0.7809 -0.1576 -0.6045
vn -0.9783 -0.1995 -0.0561
vn -0.6855 -0.3929 -0.6129
vn -0.8347 -0.5460 -0.0720
vn -0.3536 -0.2720 -0.8950
vn -0.4604 -0.4774 -0.7484
vn -0.5072 -0.5708 -0.6457
vn -0.5729 -0.8112 -0.1174
vn -0.2547 -0.3088 -0.9164
vn -0.2768 -0.5506 -0.7875
vn -0.2801 -0.6640 -0.6932
vn -0.2327 -0.9547 -0.1853
vn -0.0797 -0.5547 -0.8283
vn -0.0354 -0.6666 -0.7445
vn 0.1121 -0.4787 -0.8708
vn 0.1942 -0.5716 -0.7973
vn 0.1341 -0.9547 -0.2656
vn -0.1494 -0.3135 -0.9378
vn 0.2515 -0.3262 -0.9112
vn 0.3654 -0.3904 -0.8450
vn 0.4716 -0.8112 -0.3459
vn -0.0292 -0.3028 -0.9526
vn 0.8655 -0.1994 -0.4594
vn 0.8655 -0.1995 -0.4594
vn 0.7284 -0.5459 -0.4140
vn 0.0204 -0.1949 -0.9806
vn 0.8621 0.1756 -0.4754
vn 0.0537 -0.0948 -0.9940
vn 0.3203 -0.1393 -0.9370
vn 0.4540 -0.1589 -0.8767
vn 0.7185 0.5222 -0.4595
vn 0.0586 0.0114 -0.9982
vn 0.3232 0.0615 -0.9443
vn 0.4548 0.0907 -0.8860
vn -0.0565 0.1880 -0.9805
vn 0.0974 0.4029 -0.9101
vn 0.2484 0.2580 -0.9337
vn 0.0515 0.1329 -0.9898
vn 0.3602 0.3263 -0.8740
vn -0.1561 0.2246 -0.9619
vn -0.0868 0.4761 -0.8751
vn 0.1813 0.5041 -0.8444
vn 0.4566 0.7874 -0.4142
vn -0.0466 0.5971 -0.8008
vn -0.1129 0.0247 -0.9933
vn -0.1270 -0.0610 -0.9900
vn -0.1444 -0.1454 -0.9788
vn -0.1961 0.0454 -0.9795
vn -0.2135 -0.0438 -0.9760
vn -0.2290 -0.1325 -0.9644
vn -0.2793 0.0586 -0.9584
vn -0.2982 -0.0263 -0.9541
vn -0.3107 -0.1116 -0.9439
vn 0.1164 0.9309 -0.3463
vn 0.1165 0.9309 -0.3463
vn -0.4307 0.1108 -0.8956
vn -0.2608 0.2295 -0.9377
vn -0.8447 0.5222 -0.1177
vn -0.5879 0.7873 -0.1857
vn -0.5879 0.7874 -0.1857
vn -0.4689 -0.0955 -0.8781
vn -0.7808 0.0919 -0.6179
vn -0.4567 -0.2161 -0.8630
vn -0.3536 -0.2721 -0.8949
vn -0.5072 -0.5707 -0.6459
vn -0.2548 -0.3088 -0.9164
vn -0.2769 -0.5506 -0.7875
vn -0.2801 -0.6641 -0.6932
vn 0.3653 -0.3902 -0.8452
vn -0.0292 -0.3029 -0.9526
vn 0.7284 -0.5460 -0.4139
vn 0.3202 -0.1393 -0.9370
vn 0.7185 0.5221 -0.4596
vn 0.7184 0.5222 -0.4596
vn 0.4548 0.0908 -0.8860
vn -0.0566 0.1879 -0.9806
vn 0.0977 0.4031 -0.9099
vn 0.0516 0.1330 -0.9898
vn 0.3603 0.3263 -0.8739
vn -0.1560 0.2246 -0.9619
vn 0.1814 0.5041 -0.8444
vn 0.4566 0.7873 -0.4143
vn -0.1130 0.0248 -0.9933
vn -0.2135 -0.0437 -0.9760
vn -0.2291 -0.1326 -0.9643
vn -0.2792 0.0585 -0.9584
vn -0.2982 -0.0262 -0.9541
vn 0.1492 -0.9691 -0.1964
vn -0.2176 -0.9691 -0.1162
vn -0.4243 -0.2645 -0.8660
vn -0.3659 -0.3709 -0.8535
vn -0.4574 -0.5381 -0.7080
vn -0.6033 -0.3868 -0.6975
vn -0.2503 -0.3823 -0.8895
vn -0.2642 -0.6139 -0.7439
vn -0.2677 -0.7188 -0.6416
vn -0.4998 -0.6241 -0.6006
vn -0.4618 -0.1650 -0.8715
vn -0.6795 -0.2011 -0.7056
vn -0.6785 -0.4443 -0.5851
vn -0.8260 -0.5628 -0.0322
vn -0.5600 -0.8264 -0.0586
vn -0.4696 -0.0593 -0.8809
vn -0.6884 -0.0014 -0.7253
vn -0.7756 -0.2142 -0.5938
vn -0.9750 -0.2183 -0.0410
vn -0.4616 0.0624 -0.8849
vn -0.6191 0.1942 -0.7609
vn -0.7841 0.0341 -0.6197
vn -0.9844 0.1546 -0.0839
vn -0.6969 0.2683 -0.6650
vn -0.8527 0.4990 -0.1544
vn -0.3604 0.1162 -0.9256
vn -0.4745 0.3382 -0.8127
vn -0.5248 0.4450 -0.7257
vn -0.6000 0.7626 -0.2415
vn -0.6000 0.7627 -0.2415
vn -0.2626 0.1525 -0.9528
vn -0.2934 0.4106 -0.8633
vn -0.3009 0.5369 -0.7882
vn -0.2648 0.9053 -0.3321
vn -0.0964 0.4150 -0.9047
vn -0.0563 0.5401 -0.8397
vn 0.0979 0.3399 -0.9354
vn 0.1765 0.4458 -0.8776
vn 0.1020 0.9055 -0.4119
vn 0.1020 0.9053 -0.4123
vn -0.1575 0.1574 -0.9749
vn 0.2426 0.1879 -0.9518
vn 0.3544 0.2654 -0.8966
vn 0.4445 0.7627 -0.4699
vn 0.4444 0.7627 -0.4699
vn -0.0370 0.1487 -0.9882
vn 0.8594 0.1546 -0.4873
vn 0.7104 0.4991 -0.4962
vn 0.7104 0.4990 -0.4962
vn 0.8595 0.1545 -0.4873
vn 0.0163 0.0394 -0.9991
vn 0.8688 -0.2183 -0.4444
vn 0.0530 -0.0604 -0.9968
vn 0.3178 0.0016 -0.9481
vn 0.4506 0.0350 -0.8920
vn 0.7372 -0.5627 -0.3741
vn 0.7371 -0.5628 -0.3740
vn 0.0616 -0.1656 -0.9843
vn 0.3277 -0.1976 -0.9239
vn 0.4601 -0.2128 -0.8620
vn -0.0474 -0.3411 -0.9388
vn 0.0587 -0.2846 -0.9569
vn 0.2597 -0.3925 -0.8824
vn 0.1139 -0.5371 -0.8358
vn 0.3736 -0.4466 -0.8130
vn -0.1456 -0.3777 -0.9144
vn -0.0680 -0.6100 -0.7895
vn 0.2007 -0.6236 -0.7555
vn 0.4844 -0.8264 -0.2870
vn -0.0239 -0.7164 -0.6973
vn -0.1091 -0.1840 -0.9769
vn -0.1264 -0.0993 -0.9870
vn -0.1467 -0.0148 -0.9891
vn -0.1917 -0.2050 -0.9598
vn -0.2121 -0.1171 -0.9702
vn -0.2308 -0.0281 -0.9726
vn -0.2745 -0.2176 -0.9367
vn -0.2964 -0.1339 -0.9456
vn -0.3119 -0.0483 -0.9489
vn 0.2287 0.9691 -0.0923
vn -0.1275 0.9691 -0.2111
vn -0.1275 0.9691 -0.2112
vn 0.0787 0.2644 -0.9612
vn -0.1614 0.3868 -0.9079
vn -0.0306 0.5381 -0.8423
vn 0.1225 0.3709 -0.9206
vn 0.1537 0.6138 -0.7743
vn 0.2402 0.3823 -0.8923
vn -0.1220 0.6241 -0.7718
vn 0.0984 0.7188 -0.6883
vn 0.0493 0.1650 -0.9851
vn -0.2227 0.2011 -0.9539
vn -0.2835 0.4442 -0.8499
vn -0.6932 0.5628 -0.4503
vn -0.4512 0.8264 -0.3368
vn 0.0474 0.0594 -0.9971
vn -0.2203 0.0014 -0.9754
vn -0.3624 0.2142 -0.9071
vn -0.8166 0.2183 -0.5343
vn 0.0564 -0.0625 -0.9964
vn -0.1424 -0.1941 -0.9706
vn -0.3566 -0.0341 -0.9336
vn -0.8027 -0.1545 -0.5760
vn -0.8027 -0.1546 -0.5760
vn -0.2583 -0.2683 -0.9281
vn -0.6536 -0.4991 -0.5690
vn -0.6536 -0.4990 -0.5690
vn 0.1640 -0.1162 -0.9796
vn 0.0084 -0.3381 -0.9411
vn -0.0796 -0.4450 -0.8920
vn -0.3919 -0.7627 -0.5144
vn 0.2618 -0.1525 -0.9530
vn 0.1897 -0.4105 -0.8919
vn 0.1448 -0.5372 -0.8310
vn -0.0576 -0.9054 -0.4206
vn 0.3802 -0.4150 -0.8266
vn 0.3814 -0.5401 -0.7502
vn 0.5628 -0.3399 -0.7535
vn 0.6008 -0.4458 -0.6636
vn 0.2986 -0.9054 -0.3019
vn 0.3636 -0.1574 -0.9181
vn 0.6955 -0.1879 -0.6936
vn 0.7633 -0.2655 -0.5890
vn 0.6223 -0.7627 -0.1762
vn 0.4740 -0.1487 -0.8679
vn 0.9878 -0.1545 0.0212
vn 0.8643 -0.4991 -0.0628
vn 0.5253 -0.0394 -0.8500
vn 0.9738 0.2183 0.0628
vn 0.5557 0.0604 -0.8292
vn 0.7582 -0.0016 -0.6520
vn 0.8436 -0.0350 -0.5359
vn 0.8247 0.5628 0.0559
vn 0.5566 0.1656 -0.8141
vn 0.7544 0.1976 -0.6260
vn 0.8364 0.2129 -0.5051
vn 0.4397 0.3411 -0.8308
vn 0.5256 0.5370 -0.6598
vn 0.6747 0.3925 -0.6252
vn 0.5401 0.2846 -0.7920
vn 0.7371 0.4467 -0.5072
vn 0.3428 0.3777 -0.8601
vn 0.3456 0.6099 -0.7131
vn 0.5592 0.6236 -0.5463
vn 0.5631 0.8264 0.0014
vn 0.3363 0.7164 -0.6113
vn 0.4059 0.1839 -0.8952
vn 0.3965 0.0993 -0.9126
vn 0.3802 0.0149 -0.9248
vn 0.3265 0.2050 -0.9227
vn 0.3143 0.1170 -0.9421
vn 0.2994 0.0281 -0.9537
vn 0.2435 0.2175 -0.9452
vn 0.2294 0.1338 -0.9641
vn 0.2177 0.0484 -0.9748
vn 0.2772 0.9309 -0.2378
vn -0.0789 0.9309 -0.3566
vn 0.0882 0.1107 -0.9899
vn -0.1451 0.2518 -0.9568
vn -0.0065 0.4046 -0.9145
vn 0.1376 0.2199 -0.9658
vn 0.1817 0.4803 -0.8581
vn 0.2559 0.2295 -0.9391
vn -0.0932 0.5048 -0.8582
vn 0.1320 0.5998 -0.7892
vn 0.0538 0.0105 -0.9985
vn -0.2159 0.0647 -0.9743
vn -0.2639 0.3235 -0.9087
vn -0.6655 0.5221 -0.5334
vn -0.4100 0.7874 -0.4604
vn -0.4099 0.7874 -0.4604
vn 0.0465 -0.0954 -0.9943
vn -0.2237 -0.1358 -0.9651
vn -0.3546 0.0919 -0.9305
vn -0.8066 0.1756 -0.5645
vn 0.0492 -0.2160 -0.9751
vn -0.1559 -0.3321 -0.9303
vn -0.3615 -0.1576 -0.9190
vn -0.8118 -0.1994 -0.5489
vn -0.8117 -0.1994 -0.5489
vn -0.2749 -0.3929 -0.8776
vn -0.6803 -0.5459 -0.4891
vn 0.1542 -0.2720 -0.9499
vn -0.0125 -0.4774 -0.8786
vn -0.1054 -0.5709 -0.8142
vn -0.4321 -0.8112 -0.3940
vn 0.2501 -0.3088 -0.9177
vn 0.1652 -0.5506 -0.8183
vn 0.1141 -0.6640 -0.7389
vn -0.1051 -0.9547 -0.2783
vn 0.3555 -0.5546 -0.7524
vn 0.3506 -0.6666 -0.6578
vn 0.5419 -0.4786 -0.6908
vn 0.5748 -0.5714 -0.5858
vn 0.2511 -0.9547 -0.1595
vn 0.3516 -0.3136 -0.8821
vn 0.6823 -0.3262 -0.6542
vn 0.7465 -0.3903 -0.5389
vn 0.5821 -0.8112 -0.0558
vn 0.4624 -0.3030 -0.8333
vn 0.9787 -0.1995 0.0483
vn 0.8376 -0.5460 0.0172
vn 0.5194 -0.1949 -0.8320
vn 0.9839 0.1757 0.0327
vn 0.5548 -0.0947 -0.8265
vn 0.7546 -0.1393 -0.6412
vn 0.8386 -0.1588 -0.5211
vn 0.8524 0.5222 -0.0271
vn 0.5611 0.0114 -0.8276
vn 0.7610 0.0615 -0.6459
vn 0.8441 0.0908 -0.5284
vn 0.4532 0.1880 -0.8714
vn 0.5496 0.4030 -0.7318
vn 0.6912 0.2580 -0.6750
vn 0.5507 0.1330 -0.8240
vn 0.7568 0.3263 -0.5664
vn 0.3583 0.2246 -0.9062
vn 0.3733 0.4760 -0.7963
vn 0.5879 0.5040 -0.6327
vn 0.6043 0.7874 -0.1221
vn 0.6043 0.7873 -0.1221
vn 0.3698 0.5970 -0.7119
vn 0.4113 0.0248 -0.9112
vn 0.3975 -0.0609 -0.9156
vn 0.3768 -0.1454 -0.9148
vn 0.3329 0.0454 -0.9419
vn 0.3161 -0.0437 -0.9477
vn 0.2968 -0.1325 -0.9457
vn 0.2506 0.0585 -0.9663
vn 0.2321 -0.0262 -0.9723
vn 0.2161 -0.1115 -0.9700
vn 0.2773 0.9309 -0.2379
vn -0.0789 0.9309 -0.3567
vn 0.2772 0.9309 -0.2379
vn 0.0883 0.1107 -0.9899
vn 0.1376 0.2197 -0.9658
vn 0.2559 0.2294 -0.9391
vn -0.0933 0.5049 -0.8582
vn 0.0538 0.0106 -0.9985
vn -0.2640 0.3236 -0.9086
vn -0.6656 0.5223 -0.5331
vn -0.4099 0.7873 -0.4605
vn -0.3547 0.0919 -0.9305
vn -0.8065 0.1756 -0.5645
vn -0.2753 -0.3929 -0.8774
vn -0.6803 -0.5460 -0.4890
vn 0.1543 -0.2721 -0.9498
vn 0.2501 -0.3088 -0.9176
vn 0.3554 -0.5546 -0.7524
vn 0.5748 -0.5714 -0.5857
vn 0.3515 -0.3136 -0.8821
vn 0.6824 -0.3262 -0.6542
vn 0.7466 -0.3903 -0.5388
vn 0.9787 -0.1995 0.0484
vn 0.8386 -0.1589 -0.5211
vn 0.8524 0.5222 -0.0272
vn 0.8441 0.0907 -0.5284
vn 0.5496 0.4031 -0.7318
vn 0.3582 0.2245 -0.9062
vn 0.5880 0.5041 -0.6326
vn 0.6043 0.7873 -0.1222
vn 0.4112 0.0248 -0.9112
vn 0.3768 -0.1455 -0.9148
vn 0.3328 0.0454 -0.9419
vn 0.2967 -0.1326 -0.9457
vn 0.2321 -0.0261 -0.9723
vn 0.2161 -0.1116 -0.9700
vn 0.2287 -0.9691 -0.0923
vn -0.1274 -0.9691 -0.2112
vn 0.0787 -0.2644 -0.9612
vn 0.1225 -0.3709 -0.9206
vn -0.0306 -0.5381 -0.8423
vn -0.1614 -0.3868 -0.9079
vn 0.2403 -0.3823 -0.8922
vn 0.1538 -0.6139 -0.7743
vn 0.0984 -0.7188 -0.6882
vn -0.1220 -0.6241 -0.7717
vn 0.0493 -0.1650 -0.9851
vn -0.2226 -0.2011 -0.9539
vn -0.2834 -0.4442 -0.8499
vn -0.6932 -0.5628 -0.4504
vn -0.4511 -0.8264 -0.3369
vn -0.6932 -0.5628 -0.4503
vn 0.0474 -0.0593 -0.9971
vn -0.2202 -0.0014 -0.9755
vn -0.3624 -0.2142 -0.9071
vn -0.8166 -0.2183 -0.5343
vn 0.0563 0.0624 -0.9965
vn -0.1424 0.1941 -0.9706
vn -0.3565 0.0341 -0.9337
vn -0.8027 0.1546 -0.5760
vn -0.2582 0.2682 -0.9281
vn -0.6536 0.4991 -0.5690
vn 0.1643 0.1162 -0.9795
vn 0.0083 0.3381 -0.9411
vn -0.0793 0.4448 -0.8921
vn -0.3919 0.7627 -0.5145
vn 0.2619 0.1525 -0.9530
vn 0.1897 0.4106 -0.8919
vn 0.1448 0.5373 -0.8309
vn -0.0576 0.9053 -0.4208
vn 0.3802 0.4150 -0.8265
vn 0.3814 0.5402 -0.7502
vn 0.5628 0.3399 -0.7535
vn 0.6008 0.4458 -0.6636
vn 0.2986 0.9053 -0.3020
vn 0.3636 0.1574 -0.9181
vn 0.6955 0.1879 -0.6935
vn 0.7633 0.2655 -0.5889
vn 0.6223 0.7627 -0.1763
vn 0.4739 0.1487 -0.8679
vn 0.9878 0.1545 0.0212
vn 0.8643 0.4991 -0.0628
vn 0.5253 0.0394 -0.8500
vn 0.9739 -0.2183 0.0628
vn 0.5557 -0.0604 -0.8292
vn 0.7583 0.0016 -0.6520
vn 0.8436 0.0350 -0.5358
vn 0.8247 -0.5628 0.0559
vn 0.5566 -0.1657 -0.8141
vn 0.7544 -0.1976 -0.6260
vn 0.8364 -0.2129 -0.5051
vn 0.4397 -0.3412 -0.8308
vn 0.5401 -0.2847 -0.7920
vn 0.6746 -0.3925 -0.6252
vn 0.5256 -0.5370 -0.6598
vn 0.7370 -0.4467 -0.5072
vn 0.3429 -0.3778 -0.8601
vn 0.3456 -0.6100 -0.7131
vn 0.5591 -0.6236 -0.5464
vn 0.5630 -0.8264 0.0014
vn 0.3363 -0.7164 -0.6113
vn 0.4059 -0.1840 -0.8952
vn 0.3965 -0.0993 -0.9126
vn 0.3802 -0.0148 -0.9248
vn 0.3265 -0.2050 -0.9227
vn 0.3143 -0.1170 -0.9421
vn 0.2994 -0.0281 -0.9537
vn 0.2436 -0.2175 -0.9452
vn 0.2293 -0.1338 -0.9641
vn 0.2176 -0.0484 -0.9748
vn 0.2276 0.9691 0.0951
vn 0.0577 0.9691 -0.2398
vn 0.7316 0.2645 -0.6283
vn 0.5234 0.3868 -0.7592
vn 0.5703 0.5381 -0.6206
vn 0.7342 0.3709 -0.5686
vn 0.6537 0.6138 -0.4427
vn 0.7980 0.3824 -0.4658
vn 0.4557 0.6241 -0.6347
vn 0.5537 0.7188 -0.4204
vn 0.7275 0.1650 -0.6660
vn 0.5121 0.2011 -0.8350
vn 0.3957 0.4442 -0.8038
vn -0.1764 0.5627 -0.8076
vn -0.0841 0.8264 -0.5568
vn -0.0841 0.8264 -0.5567
vn 0.7346 0.0593 -0.6759
vn 0.5291 0.0014 -0.8486
vn 0.3798 0.2143 -0.8999
vn -0.2052 0.2183 -0.9541
vn 0.7405 -0.0624 -0.6691
vn 0.5810 -0.1942 -0.7904
vn 0.4028 -0.0340 -0.9147
vn -0.1660 -0.1545 -0.9739
vn 0.4687 -0.2682 -0.8416
vn -0.0649 -0.4991 -0.8641
vn 0.8053 -0.1162 -0.5814
vn 0.6675 -0.3381 -0.6635
vn 0.5708 -0.4447 -0.6903
vn 0.0828 -0.7627 -0.6414
vn 0.8561 -0.1525 -0.4938
vn 0.7619 -0.4105 -0.5010
vn 0.6871 -0.5371 -0.4892
vn 0.2547 -0.9054 -0.3397
vn 0.8514 -0.4150 -0.3207
vn 0.7986 -0.5402 -0.2655
vn 0.9299 -0.3399 -0.1403
vn 0.8937 -0.4459 -0.0496
vn 0.4246 -0.9054 -0.0049
vn 0.9040 -0.1574 -0.3975
vn 0.9822 -0.1878 -0.0043
vn 0.9569 -0.2655 0.1177
vn 0.5665 -0.7627 0.3120
vn 0.9472 -0.1487 -0.2842
vn 0.6876 -0.1546 0.7094
vn 0.6589 -0.4990 0.5629
vn 0.9711 -0.0394 -0.2353
vn 0.6484 0.2183 0.7293
vn 0.9781 0.0604 -0.1991
vn 0.9976 -0.0016 0.0693
vn 0.9767 -0.0350 0.2119
vn 0.5472 0.5628 0.6196
vn 0.5472 0.5628 0.6195
vn 0.9682 0.1657 -0.1877
vn 0.9766 0.1975 0.0850
vn 0.9500 0.2128 0.2286
vn 0.8968 0.3412 -0.2818
vn 0.8376 0.5370 -0.0999
vn 0.9193 0.3924 0.0295
vn 0.9409 0.2846 -0.1836
vn 0.8808 0.4466 0.1573
vn 0.8484 0.3778 -0.3708
vn 0.7471 0.6099 -0.2643
vn 0.7817 0.6236 0.0044
vn 0.3994 0.8264 0.3969
vn 0.6689 0.7164 -0.1985
vn 0.9180 0.1840 -0.3513
vn 0.9235 0.0993 -0.3704
vn 0.9204 0.0148 -0.3906
vn 0.8808 0.2051 -0.4269
vn 0.8857 0.1170 -0.4492
vn 0.8833 0.0281 -0.4679
vn 0.8376 0.2176 -0.5011
vn 0.8408 0.1338 -0.5245
vn 0.8401 0.0484 -0.5403
vn 0.3644 0.9309 0.0257
vn 0.1946 0.9309 -0.3091
vn 0.7587 0.1107 -0.6420
vn 0.5694 0.2518 -0.7825
vn 0.6382 0.4046 -0.6550
vn 0.7768 0.2199 -0.5902
vn 0.7324 0.4803 -0.4826
vn 0.8420 0.2295 -0.4882
vn 0.5370 0.5048 -0.6759
vn 0.6486 0.5998 -0.4685
vn 0.7402 0.0105 -0.6724
vn 0.5313 0.0647 -0.8447
vn 0.4510 0.3235 -0.8318
vn -0.0984 0.5221 -0.8472
vn 0.0320 0.7874 -0.6157
vn 0.7321 -0.0955 -0.6745
vn 0.5193 -0.1359 -0.8437
vn 0.4018 0.0919 -0.9111
vn -0.1769 0.1756 -0.9684
vn 0.7205 -0.2161 -0.6589
vn 0.5430 -0.3321 -0.7712
vn 0.3888 -0.1576 -0.9077
vn -0.1915 -0.1994 -0.9610
vn -0.1915 -0.1995 -0.9610
vn 0.4209 -0.3930 -0.8176
vn -0.1400 -0.5460 -0.8260
vn 0.7773 -0.2721 -0.5672
vn 0.6087 -0.4774 -0.6337
vn 0.4974 -0.5709 -0.6532
vn -0.0304 -0.8112 -0.5840
vn 0.8229 -0.3088 -0.4769
vn 0.6927 -0.5506 -0.4659
vn 0.6006 -0.6640 -0.4454
vn 0.1209 -0.9547 -0.2718
vn 0.7817 -0.5546 -0.2853
vn 0.7118 -0.6666 -0.2215
vn 0.8710 -0.4787 -0.1104
vn 0.8206 -0.5714 -0.0125
vn 0.2907 -0.9547 0.0631
vn 0.8701 -0.3135 -0.3803
vn 0.9452 -0.3262 0.0144
vn 0.9097 -0.3904 0.1416
vn 0.4532 -0.8112 0.3696
vn 0.4532 -0.8112 0.3695
vn 0.9147 -0.3028 -0.2676
vn 0.6622 -0.1994 0.7223
vn 0.6621 -0.1995 0.7223
vn 0.5837 -0.5460 0.6010
vn 0.5837 -0.5460 0.6011
vn 0.9543 -0.1949 -0.2267
vn 0.6768 0.1756 0.7149
vn 0.9756 -0.0948 -0.1978
vn 0.9875 -0.1393 0.0744
vn 0.9627 -0.1589 0.2189
vn 0.6253 0.5222 0.5799
vn 0.9809 0.0114 -0.1942
vn 0.9952 0.0615 0.0755
vn 0.9718 0.0908 0.2175
vn 0.9349 0.1880 -0.3012
vn 0.9053 0.4030 -0.1342
vn 0.9661 0.2580 0.0058
vn 0.9710 0.1330 -0.1989
vn 0.9364 0.3263 0.1290
vn 0.8918 0.2246 -0.3928
vn 0.8252 0.4761 -0.3039
vn 0.8629 0.5040 -0.0368
vn 0.5156 0.7874 0.3379
vn 0.7634 0.5971 -0.2464
vn 0.9330 0.0247 -0.3590
vn 0.9263 -0.0610 -0.3717
vn 0.9111 -0.1453 -0.3858
vn 0.8988 0.0454 -0.4361
vn 0.8910 -0.0437 -0.4519
vn 0.8758 -0.1325 -0.4641
vn 0.8575 0.0585 -0.5112
vn 0.8486 -0.0261 -0.5284
vn 0.8355 -0.1116 -0.5380
vn 0.1946 0.9309 -0.3092
vn 0.7586 0.1107 -0.6420
vn 0.7767 0.2199 -0.5902
vn 0.7323 0.4803 -0.4827
vn 0.6486 0.5999 -0.4685
vn 0.7402 0.0106 -0.6724
vn 0.4511 0.3235 -0.8318
vn -0.0983 0.5222 -0.8472
vn 0.0321 0.7873 -0.6157
vn 0.7321 -0.0954 -0.6745
vn 0.4019 0.0919 -0.9111
vn 0.6005 -0.6641 -0.4454
vn 0.7118 -0.6666 -0.2214
vn 0.8206 -0.5714 -0.0126
vn 0.9452 -0.3262 0.0143
vn 0.6621 -0.1995 0.7224
vn 0.5836 -0.5460 0.6011
vn 0.6254 0.5222 0.5798
vn 0.9349 0.1879 -0.3012
vn 0.9053 0.4031 -0.1341
vn 0.9364 0.3263 0.1291
vn 0.8630 0.5038 -0.0371
vn 0.5157 0.7873 0.3379
vn 0.5157 0.7874 0.3378
vn 0.7634 0.5972 -0.2464
vn 0.9111 -0.1454 -0.3858
vn 0.8988 0.0453 -0.4361
vn 0.2276 -0.9691 0.0950
vn 0.0578 -0.9691 -0.2398
vn 0.7316 -0.2644 -0.6283
vn 0.7342 -0.3709 -0.5686
vn 0.5703 -0.5381 -0.6206
vn 0.5234 -0.3868 -0.7592
vn 0.7980 -0.3824 -0.4658
vn 0.6536 -0.6139 -0.4427
vn 0.5537 -0.7188 -0.4204
vn 0.4557 -0.6241 -0.6347
vn 0.7275 -0.1650 -0.6660
vn 0.5121 -0.2011 -0.8350
vn 0.3958 -0.4442 -0.8038
vn -0.1765 -0.5627 -0.8076
vn -0.0840 -0.8264 -0.5567
vn -0.0841 -0.8264 -0.5568
vn -0.1765 -0.5628 -0.8076
vn 0.7346 -0.0593 -0.6759
vn 0.5291 -0.0014 -0.8486
vn 0.3798 -0.2143 -0.8999
vn -0.2053 -0.2183 -0.9540
vn 0.7405 0.0624 -0.6691
vn 0.5810 0.1942 -0.7904
vn 0.4028 0.0340 -0.9147
vn -0.1662 0.1546 -0.9739
vn 0.4687 0.2682 -0.8416
vn -0.0650 0.4991 -0.8641
vn -0.0650 0.4990 -0.8641
vn 0.8053 0.1162 -0.5814
vn 0.6674 0.3381 -0.6635
vn 0.5707 0.4448 -0.6903
vn 0.0829 0.7627 -0.6415
vn 0.8561 0.1525 -0.4938
vn 0.7618 0.4106 -0.5010
vn 0.6872 0.5370 -0.4892
vn 0.2549 0.9053 -0.3398
vn 0.8514 0.4150 -0.3207
vn 0.7985 0.5402 -0.2655
vn 0.9299 0.3399 -0.1403
vn 0.8938 0.4456 -0.0498
vn 0.4247 0.9053 -0.0049
vn 0.9040 0.1574 -0.3975
vn 0.9822 0.1879 -0.0043
vn 0.9569 0.2655 0.1178
vn 0.5666 0.7626 0.3120
vn 0.9472 0.1488 -0.2842
vn 0.6876 0.1546 0.7094
vn 0.6589 0.4990 0.5629
vn 0.9711 0.0394 -0.2353
vn 0.6484 -0.2183 0.7293
vn 0.6484 -0.2182 0.7293
vn 0.9781 -0.0604 -0.1991
vn 0.9976 0.0016 0.0694
vn 0.9767 0.0350 0.2120
vn 0.5473 -0.5628 0.6195
vn 0.5472 -0.5628 0.6195
vn 0.9682 -0.1653 -0.1877
vn 0.9766 -0.1976 0.0850
vn 0.9500 -0.2128 0.2287
vn 0.8968 -0.3411 -0.2818
vn 0.9409 -0.2846 -0.1836
vn 0.9193 -0.3924 0.0295
vn 0.8376 -0.5370 -0.0999
vn 0.8808 -0.4466 0.1572
vn 0.8484 -0.3778 -0.3708
vn 0.7471 -0.6100 -0.2643
vn 0.7817 -0.6236 0.0043
vn 0.3995 -0.8264 0.3967
vn 0.6689 -0.7164 -0.1985
vn 0.9180 -0.1840 -0.3513
vn 0.9235 -0.0993 -0.3704
vn 0.9204 -0.0148 -0.3906
vn 0.8808 -0.2050 -0.4269
vn 0.8857 -0.1170 -0.4492
vn 0.8833 -0.0281 -0.4679
vn 0.8376 -0.2176 -0.5011
vn 0.8408 -0.1338 -0.5245
vn 0.8401 -0.0484 -0.5403
vn 0.0938 0.9691 0.2281
vn 0.2103 0.9691 -0.1288
vn 0.9617 0.2644 0.0728
vn 0.9069 0.3868 -0.1671
vn 0.8421 0.5381 -0.0358
vn 0.9213 0.3709 0.1169
vn 0.7753 0.6138 0.1490
vn 0.8937 0.3824 0.2347
vn 0.7710 0.6241 -0.1269
vn 0.6889 0.7188 0.0941
vn 0.9853 0.1650 0.0432
vn 0.9525 0.2011 -0.2286
vn 0.8481 0.4443 -0.2889
vn 0.4461 0.5628 -0.6959
vn 0.3340 0.8264 -0.4533
vn 0.9974 0.0593 0.0412
vn 0.9741 0.0014 -0.2263
vn 0.9048 0.2143 -0.3680
vn 0.5293 0.2183 -0.8199
vn 0.9968 -0.0625 0.0501
vn 0.9697 -0.1941 -0.1484
vn 0.9314 -0.0341 -0.3623
vn 0.5710 -0.1546 -0.8063
vn 0.9265 -0.2682 -0.2640
vn 0.5649 -0.4991 -0.6571
vn 0.9806 -0.1163 0.1580
vn 0.9411 -0.3381 0.0025
vn 0.8916 -0.4448 -0.0848
vn 0.5120 -0.7627 -0.3951
vn 0.9546 -0.1525 0.2559
vn 0.8931 -0.4105 0.1841
vn 0.8318 -0.5372 0.1396
vn 0.4203 -0.9054 -0.0602
vn 0.4202 -0.9054 -0.0602
vn 0.8289 -0.4150 0.3751
vn 0.7526 -0.5401 0.3768
vn 0.7570 -0.3399 0.5581
vn 0.6674 -0.4457 0.5966
vn 0.3037 -0.9054 0.2967
vn 0.9204 -0.1573 0.3579
vn 0.6979 -0.1878 0.6911
vn 0.5937 -0.2655 0.7596
vn 0.1801 -0.7627 0.6212
vn 0.8708 -0.1486 0.4686
vn -0.0151 -0.1546 0.9879
vn 0.0681 -0.4990 0.8639
vn 0.8532 -0.0394 0.5201
vn -0.0569 0.2183 0.9742
vn 0.8326 0.0603 0.5506
vn 0.6567 -0.0016 0.7542
vn 0.5411 -0.0350 0.8402
vn -0.0508 0.5628 0.8251
vn 0.8175 0.1657 0.5516
vn 0.6307 0.1976 0.7504
vn 0.5104 0.2128 0.8332
vn 0.8335 0.3412 0.4345
vn 0.6631 0.5370 0.5215
vn 0.6294 0.3924 0.6707
vn 0.7953 0.2846 0.5352
vn 0.5119 0.4466 0.7339
vn 0.8622 0.3778 0.3375
vn 0.7153 0.6099 0.3411
vn 0.5499 0.6236 0.5557
vn 0.0021 0.8264 0.5631
vn 0.6135 0.7163 0.3324
vn 0.8977 0.1840 0.4004
vn 0.9151 0.0993 0.3909
vn 0.9272 0.0148 0.3743
vn 0.9247 0.2051 0.3207
vn 0.9440 0.1170 0.3084
vn 0.9556 0.0280 0.2935
vn 0.9467 0.2176 0.2377
vn 0.9655 0.1338 0.2234
vn 0.9762 0.0483 0.2117
vn 0.2396 0.9309 0.2757
vn 0.3562 0.9309 -0.0811
vn 0.9905 0.1108 0.0821
vn 0.9559 0.2519 -0.1511
vn 0.9144 0.4046 -0.0122
vn 0.9666 0.2199 0.1316
vn 0.8592 0.4803 0.1764
vn 0.9406 0.2295 0.2501
vn 0.8576 0.5048 -0.0985
vn 0.7900 0.5998 0.1271
vn 0.9988 0.0105 0.0476
vn 0.9729 0.0647 -0.2220
vn 0.9070 0.3236 -0.2695
vn 0.5293 0.5222 -0.6687
vn 0.5293 0.5221 -0.6688
vn 0.4579 0.7874 -0.4128
vn 0.9946 -0.0955 0.0403
vn 0.9637 -0.1359 -0.2297
vn 0.9283 0.0919 -0.3604
vn 0.5595 0.1757 -0.8100
vn 0.9754 -0.2161 0.0433
vn 0.9293 -0.3321 -0.1616
vn 0.9167 -0.1575 -0.3672
vn 0.5439 -0.1995 -0.8151
vn 0.8757 -0.3929 -0.2807
vn 0.4848 -0.5460 -0.6833
vn 0.9508 -0.2721 0.1483
vn 0.8785 -0.4774 -0.0179
vn 0.8136 -0.5708 -0.1104
vn 0.3914 -0.8112 -0.4345
vn 0.9192 -0.3088 0.2444
vn 0.8193 -0.5505 0.1601
vn 0.7397 -0.6640 0.1095
vn 0.2777 -0.9547 -0.1068
vn 0.7546 -0.5546 0.3508
vn 0.6600 -0.6665 0.3465
vn 0.6941 -0.4787 0.5376
vn 0.5893 -0.5714 0.5712
vn 0.1610 -0.9547 0.2501
vn 0.8843 -0.3135 0.3461
vn 0.6584 -0.3263 0.6783
vn 0.5433 -0.3904 0.7432
vn 0.0593 -0.8112 0.5818
vn 0.8362 -0.3029 0.4573
vn -0.0422 -0.1994 0.9790
vn -0.0422 -0.1995 0.9790
vn -0.0120 -0.5460 0.8377
vn 0.8353 -0.1949 0.5141
vn -0.0266 0.1757 0.9841
vn -0.0266 0.1756 0.9841
vn 0.8300 -0.0948 0.5497
vn 0.6458 -0.1393 0.7507
vn 0.5261 -0.1589 0.8355
vn 0.0324 0.5222 0.8522
vn 0.0324 0.5221 0.8522
vn 0.8311 0.0114 0.5559
vn 0.6505 0.0615 0.7570
vn 0.5335 0.0908 0.8409
vn 0.8742 0.1880 0.4478
vn 0.7352 0.4030 0.5450
vn 0.6793 0.2580 0.6870
vn 0.8274 0.1331 0.5456
vn 0.5712 0.3262 0.7532
vn 0.9084 0.2246 0.3526
vn 0.7985 0.4761 0.3683
vn 0.6364 0.5040 0.5839
vn 0.1259 0.7874 0.6035
vn 0.7142 0.5971 0.3653
vn 0.9137 0.0248 0.4056
vn 0.9180 -0.0610 0.3919
vn 0.9171 -0.1454 0.3711
vn 0.9439 0.0455 0.3270
vn 0.9496 -0.0438 0.3103
vn 0.9475 -0.1326 0.2909
vn 0.9678 0.0586 0.2446
vn 0.9738 -0.0262 0.2260
vn 0.9713 -0.1116 0.2101
vn 0.9559 0.2518 -0.1510
vn 0.9070 0.3235 -0.2695
vn 0.5292 0.5222 -0.6688
vn 0.4578 0.7874 -0.4128
vn 0.5592 0.1755 -0.8103
vn 0.7546 -0.5546 0.3507
vn 0.6600 -0.6666 0.3465
vn 0.5892 -0.5715 0.5712
vn 0.1611 -0.9547 0.2501
vn 0.6584 -0.3262 0.6783
vn 0.0594 -0.8112 0.5818
vn 0.9439 0.0455 0.3271
vn 0.0938 -0.9691 0.2281
vn 0.2104 -0.9691 -0.1287
vn 0.2104 -0.9691 -0.1288
vn 0.9617 -0.2644 0.0727
vn 0.9213 -0.3709 0.1169
vn 0.8421 -0.5381 -0.0358
vn 0.9069 -0.3868 -0.1671
vn 0.8937 -0.3824 0.2347
vn 0.7752 -0.6139 0.1490
vn 0.6888 -0.7188 0.0941
vn 0.7709 -0.6241 -0.1269
vn 0.9853 -0.1650 0.0432
vn 0.9525 -0.2011 -0.2286
vn 0.8481 -0.4443 -0.2888
vn 0.4461 -0.5628 -0.6959
vn 0.3341 -0.8264 -0.4532
vn 0.9974 -0.0593 0.0412
vn 0.9741 -0.0014 -0.2263
vn 0.9048 -0.2143 -0.3680
vn 0.5292 -0.2183 -0.8199
vn 0.9968 0.0624 0.0502
vn 0.9697 0.1942 -0.1484
vn 0.9314 0.0341 -0.3623
vn 0.5710 0.1546 -0.8063
vn 0.9265 0.2682 -0.2641
vn 0.5649 0.4991 -0.6571
vn 0.9806 0.1162 0.1580
vn 0.9411 0.3381 0.0025
vn 0.8915 0.4449 -0.0849
vn 0.5121 0.7627 -0.3951
vn 0.9546 0.1524 0.2559
vn 0.8930 0.4106 0.1842
vn 0.8318 0.5373 0.1396
vn 0.4201 0.9055 -0.0603
vn 0.4204 0.9053 -0.0602
vn 0.8289 0.4150 0.3751
vn 0.7526 0.5401 0.3768
vn 0.7569 0.3399 0.5581
vn 0.6673 0.4458 0.5966
vn 0.3038 0.9053 0.2967
vn 0.3038 0.9053 0.2968
vn 0.9204 0.1573 0.3579
vn 0.6978 0.1879 0.6912
vn 0.5936 0.2655 0.7597
vn 0.1801 0.7627 0.6212
vn 0.8708 0.1487 0.4686
vn -0.0151 0.1546 0.9879
vn 0.0681 0.4991 0.8639
vn 0.8532 0.0394 0.5200
vn -0.0569 -0.2183 0.9742
vn 0.8326 -0.0604 0.5506
vn 0.6566 0.0016 0.7542
vn 0.5410 0.0350 0.8403
vn -0.0508 -0.5628 0.8251
vn 0.8175 -0.1657 0.5516
vn 0.6307 -0.1976 0.7504
vn 0.5104 -0.2128 0.8332
vn 0.8335 -0.3412 0.4346
vn 0.7953 -0.2846 0.5352
vn 0.6294 -0.3924 0.6707
vn 0.6631 -0.5370 0.5215
vn 0.5119 -0.4466 0.7338
vn 0.8622 -0.3778 0.3375
vn 0.7152 -0.6100 0.3412
vn 0.5499 -0.6236 0.5557
vn 0.0022 -0.8264 0.5631
vn 0.0022 -0.8264 0.5630
vn 0.6134 -0.7164 0.3325
vn 0.8977 -0.1840 0.4004
vn 0.9151 -0.0992 0.3909
vn 0.9272 -0.0148 0.3743
vn 0.9247 -0.2051 0.3207
vn 0.9441 -0.1170 0.3083
vn 0.9556 -0.0281 0.2934
vn 0.9467 -0.2175 0.2377
vn 0.9655 -0.1338 0.2234
vn 0.9761 -0.0483 0.2117
vn -0.0919 0.9691 0.2289
vn 0.2406 0.9691 0.0544
vn 0.6384 0.2644 0.7228
vn 0.7664 0.3868 0.5128
vn 0.6284 0.5381 0.5617
vn 0.5787 0.3708 0.7263
vn 0.4517 0.6138 0.6475
vn 0.4768 0.3823 0.7915
vn 0.6410 0.6241 0.4469
vn 0.4280 0.7188 0.5478
vn 0.6760 0.1650 0.7182
vn 0.8420 0.2011 0.5006
vn 0.8092 0.4442 0.3846
vn 0.8050 0.5628 -0.1877
vn 0.5555 0.8264 -0.0919
vn 0.6860 0.0594 0.7251
vn 0.8558 0.0014 0.5172
vn 0.9051 0.2142 0.3674
vn 0.9511 0.2183 -0.2185
vn 0.6794 -0.0623 0.7311
vn 0.7984 -0.1941 0.5699
vn 0.9202 -0.0341 0.3900
vn 0.9715 -0.1545 -0.1796
vn 0.9715 -0.1546 -0.1796
vn 0.8481 -0.2683 0.4569
vn 0.8632 -0.4990 -0.0775
vn 0.8632 -0.4990 -0.0768
vn 0.5925 -0.1161 0.7971
vn 0.6727 -0.3381 0.6582
vn 0.6981 -0.4448 0.5610
vn 0.6425 -0.7627 0.0740
vn 0.5056 -0.1525 0.8492
vn 0.5115 -0.4105 0.7548
vn 0.4988 -0.5371 0.6802
vn 0.3432 -0.9054 0.2500
vn 0.3325 -0.4150 0.8469
vn 0.2766 -0.5401 0.7949
vn 0.1532 -0.3399 0.9279
vn 0.0620 -0.4458 0.8930
vn 0.0107 -0.9054 0.4244
vn 0.0107 -0.9054 0.4245
vn 0.4100 -0.1575 0.8984
vn 0.0180 -0.1879 0.9820
vn -0.1045 -0.2655 0.9584
vn -0.3042 -0.7627 0.5708
vn 0.2973 -0.1487 0.9431
vn -0.6998 -0.1546 0.6975
vn -0.5537 -0.4991 0.6666
vn -0.5537 -0.4990 0.6666
vn 0.2487 -0.0394 0.9678
vn -0.7202 0.2183 0.6586
vn 0.2126 0.0604 0.9753
vn -0.0555 -0.0016 0.9985
vn -0.1984 -0.0350 0.9795
vn -0.6118 0.5628 0.5558
vn 0.2012 0.1657 0.9654
vn -0.0715 0.1976 0.9777
vn -0.2155 0.2128 0.9530
vn 0.2943 0.3412 0.8927
vn 0.1115 0.5370 0.8362
vn -0.0168 0.3924 0.9196
vn 0.1966 0.2846 0.9383
vn -0.1450 0.4466 0.8829
vn 0.3825 0.3778 0.8432
vn 0.2746 0.6100 0.7433
vn 0.0065 0.6236 0.7818
vn -0.3912 0.8264 0.4050
vn 0.2078 0.7164 0.6660
vn 0.3641 0.1839 0.9130
vn 0.3832 0.0993 0.9183
vn 0.4033 0.0148 0.9149
vn 0.4391 0.2051 0.8747
vn 0.4615 0.1170 0.8794
vn 0.4801 0.0281 0.8768
vn 0.5127 0.2175 0.8306
vn 0.5361 0.1338 0.8334
vn 0.5519 0.0484 0.8325
vn -0.0206 0.9309 0.3647
vn 0.3118 0.9309 0.1902
vn 0.6525 0.1108 0.7497
vn 0.7903 0.2519 0.5585
vn 0.6638 0.4046 0.6290
vn 0.6009 0.2199 0.7685
vn 0.4928 0.4803 0.7256
vn 0.4998 0.2295 0.8352
vn 0.6833 0.5048 0.5275
vn 0.4775 0.5998 0.6421
vn 0.6826 0.0105 0.7307
vn 0.8520 0.0646 0.5195
vn 0.8380 0.3236 0.4394
vn 0.8457 0.5222 -0.1101
vn 0.8457 0.5221 -0.1101
vn 0.6160 0.7874 0.0235
vn 0.6847 -0.0955 0.7225
vn 0.8508 -0.1359 0.5076
vn 0.9166 0.0919 0.3892
vn 0.9659 0.1756 -0.1903
vn 0.6689 -0.2161 0.7112
vn 0.7787 -0.3321 0.5323
vn 0.9130 -0.1576 0.3764
vn 0.9582 -0.1994 -0.2049
vn 0.8233 -0.3928 0.4097
vn 0.8240 -0.5459 -0.1516
vn 0.5779 -0.2721 0.7694
vn 0.6421 -0.4774 0.5999
vn 0.6600 -0.5708 0.4884
vn 0.5835 -0.8112 -0.0384
vn 0.4883 -0.3088 0.8162
vn 0.4755 -0.5506 0.6861
vn 0.4537 -0.6640 0.5944
vn 0.2734 -0.9547 0.1171
vn 0.2735 -0.9547 0.1171
vn 0.2961 -0.5546 0.7776
vn 0.2313 -0.6666 0.7086
vn 0.1225 -0.4787 0.8694
vn 0.0239 -0.5715 0.8202
vn -0.0590 -0.9547 0.2916
vn 0.3924 -0.3135 0.8647
vn -0.0012 -0.3262 0.9453
vn -0.1290 -0.3904 0.9116
vn -0.3632 -0.8112 0.4584
vn 0.2803 -0.3029 0.9109
vn -0.7131 -0.1994 0.6721
vn -0.5929 -0.5460 0.5920
vn 0.2399 -0.1948 0.9510
vn -0.7054 0.1756 0.6867
vn 0.2113 -0.0947 0.9728
vn -0.0607 -0.1392 0.9884
vn -0.2056 -0.1588 0.9657
vn -0.5711 0.5222 0.6334
vn -0.5712 0.5221 0.6334
vn 0.2077 0.0113 0.9781
vn -0.0617 0.0615 0.9962
vn -0.2041 0.0908 0.9747
vn 0.3141 0.1880 0.9306
vn 0.1467 0.4031 0.9033
vn 0.0076 0.2580 0.9661
vn 0.2123 0.1330 0.9681
vn -0.1161 0.3263 0.9381
vn 0.4051 0.2246 0.8862
vn 0.3154 0.4760 0.8209
vn 0.0487 0.5040 0.8623
vn -0.3307 0.7874 0.5203
vn 0.2570 0.5970 0.7600
vn 0.3718 0.0247 0.9280
vn 0.3845 -0.0610 0.9211
vn 0.3984 -0.1454 0.9056
vn 0.4485 0.0454 0.8926
vn 0.4642 -0.0438 0.8846
vn 0.4762 -0.1326 0.8693
vn 0.5230 0.0586 0.8503
vn 0.5402 -0.0262 0.8411
vn 0.5496 -0.1116 0.8280
vn 0.8520 0.0647 0.5195
vn 0.8240 -0.5460 -0.1516
vn 0.2314 -0.6666 0.7086
vn 0.0240 -0.5714 0.8203
vn -0.1290 -0.3903 0.9116
vn -0.3632 -0.8112 0.4583
vn -0.5929 -0.5460 0.5919
vn 0.2399 -0.1949 0.9510
vn -0.7055 0.1757 0.6866
vn -0.7055 0.1756 0.6866
vn -0.2055 -0.1588 0.9657
vn -0.2039 0.0908 0.9748
vn -0.3307 0.7873 0.5203
vn -0.0919 -0.9691 0.2289
vn 0.2405 -0.9691 0.0545
vn 0.2406 -0.9691 0.0545
vn 0.6384 -0.2644 0.7228
vn 0.5788 -0.3708 0.7263
vn 0.6285 -0.5381 0.5617
vn 0.7664 -0.3868 0.5129
vn 0.4768 -0.3823 0.7915
vn 0.4517 -0.6139 0.6474
vn 0.4280 -0.7188 0.5478
vn 0.6410 -0.6241 0.4468
vn 0.6760 -0.1650 0.7182
vn 0.8420 -0.2011 0.5006
vn 0.8091 -0.4442 0.3847
vn 0.8050 -0.5628 -0.1877
vn 0.5555 -0.8264 -0.0918
vn 0.6860 -0.0594 0.7251
vn 0.8558 -0.0014 0.5172
vn 0.9051 -0.2142 0.3674
vn 0.9511 -0.2183 -0.2185
vn 0.6794 0.0623 0.7311
vn 0.7984 0.1941 0.5699
vn 0.9202 0.0341 0.3900
vn 0.9715 0.1546 -0.1796
vn 0.9715 0.1545 -0.1796
vn 0.8481 0.2683 0.4569
vn 0.8632 0.4990 -0.0768
vn 0.5925 0.1161 0.7971
vn 0.6727 0.3382 0.6581
vn 0.6981 0.4449 0.5609
vn 0.6426 0.7626 0.0741
vn 0.5056 0.1525 0.8492
vn 0.5115 0.4106 0.7548
vn 0.4987 0.5372 0.6802
vn 0.3433 0.9053 0.2501
vn 0.3432 0.9053 0.2501
vn 0.3324 0.4150 0.8469
vn 0.2765 0.5401 0.7949
vn 0.1532 0.3399 0.9279
vn 0.0620 0.4458 0.8930
vn 0.0109 0.9053 0.4246
vn 0.0108 0.9053 0.4246
vn 0.4100 0.1575 0.8984
vn 0.0180 0.1879 0.9820
vn -0.1045 0.2655 0.9584
vn -0.3041 0.7626 0.5709
vn -0.3043 0.7628 0.5706
vn 0.2973 0.1488 0.9431
vn -0.6998 0.1546 0.6974
vn -0.5537 0.4990 0.6666
vn 0.2487 0.0395 0.9678
vn -0.7202 -0.2183 0.6585
vn 0.2127 -0.0604 0.9753
vn -0.0555 0.0016 0.9985
vn -0.1983 0.0350 0.9795
vn -0.6118 -0.5628 0.5558
vn 0.2012 -0.1657 0.9654
vn -0.0714 -0.1976 0.9777
vn -0.2154 -0.2128 0.9531
vn 0.2943 -0.3412 0.8928
vn 0.1967 -0.2846 0.9382
vn -0.0167 -0.3924 0.9196
vn 0.1115 -0.5370 0.8362
vn -0.1449 -0.4466 0.8829
vn 0.3825 -0.3778 0.8432
vn 0.2746 -0.6099 0.7433
vn 0.0065 -0.6235 0.7818
vn -0.3912 -0.8264 0.4049
vn 0.2077 -0.7164 0.6661
vn 0.3641 -0.1839 0.9130
vn 0.3832 -0.0993 0.9183
vn 0.4034 -0.0148 0.9149
vn 0.4391 -0.2050 0.8747
vn 0.4615 -0.1170 0.8794
vn 0.4801 -0.0281 0.8768
vn 0.5127 -0.2175 0.8306
vn 0.5361 -0.1338 0.8334
vn 0.5519 -0.0484 0.8325
vn 0.1942 0.0980 -0.9761
vn 0.3808 0.0999 -0.9193
vn 0.3808 -0.0999 -0.9193
vn 0.1942 -0.0980 -0.9761
vn 0.5529 0.0980 -0.8275
vn 0.5529 -0.0980 -0.8275
vn 0.8275 0.0980 -0.5529
vn 0.9193 0.0999 -0.3808
vn 0.9193 -0.0999 -0.3808
vn 0.8275 -0.0980 -0.5529
vn 0.9761 0.0980 -0.1942
vn 0.9761 -0.0980 -0.1942
vn 0.9761 0.0980 0.1942
vn 0.9193 0.0999 0.3808
vn 0.9193 -0.0999 0.3808
vn 0.9761 -0.0980 0.1942
vn 0.8275 0.0980 0.5529
vn 0.8275 -0.0980 0.5529
vn 0.5529 0.0980 0.8275
vn 0.3808 0.0999 0.9193
vn 0.3808 -0.0999 0.9193
vn 0.5529 -0.0980 0.8275
vn 0.1942 0.0980 0.9761
vn 0.1942 -0.0980 0.9761
vn -0.1942 0.0980 0.9761
vn -0.3808 0.0999 0.9193
vn -0.3808 -0.0999 0.9193
vn -0.1942 -0.0980 0.9761
vn -0.5529 0.0980 0.8275
vn -0.5529 -0.0980 0.8275
vn -0.8275 0.0981 0.5529
vn -0.9193 0.0999 0.3808
vn -0.9193 -0.0999 0.3808
vn -0.8275 -0.0981 0.5529
vn -0.9761 0.0980 0.1942
vn -0.9761 -0.0980 0.1942
vn -0.9761 0.0980 -0.1942
vn -0.9193 0.0999 -0.3808
vn -0.9193 -0.0999 -0.3808
vn -0.9761 -0.0980 -0.1942
vn -0.8275 0.0980 -0.5529
vn -0.8275 -0.0980 -0.5529
vn -0.5529 0.0980 -0.8275
vn -0.3808 0.0999 -0.9193
vn -0.3808 -0.0999 -0.9193
vn -0.5529 -0.0980 -0.8275
vn -0.1942 0.0980 -0.9761
vn -0.1942 -0.0980 -0.9761
vn -0.1902 -0.0984 0.9768
vn -0.1903 0.0984 0.9768
vn -0.3808 0.1003 0.9192
vn -0.3808 -0.1003 0.9192
vn 0.1913 0.1974 -0.9615
vn 0.3833 0.2011 -0.9015
vn -0.1913 -0.1974 -0.9615
vn -0.3749 -0.2012 -0.9050
vn -0.3749 0.2011 -0.9050
vn -0.1913 0.1974 -0.9615
vn -0.5446 -0.1974 -0.8151
vn -0.5446 0.1974 -0.8151
vn -0.8151 -0.1974 -0.5446
vn -0.9050 -0.2012 -0.3749
vn -0.9066 0.2011 -0.3710
vn -0.8151 0.1974 -0.5446
vn -0.9615 -0.1974 -0.1913
vn -0.9615 0.1974 -0.1913
vn -0.9615 -0.1974 0.1913
vn -0.9050 -0.2012 0.3749
vn -0.9066 0.2011 0.3709
vn -0.9615 0.1974 0.1913
vn -0.8151 -0.1974 0.5446
vn -0.8151 0.1974 0.5446
vn -0.5446 -0.1974 0.8151
vn -0.3749 -0.2011 0.9050
vn -0.3821 0.2011 0.9020
vn -0.5446 0.1974 0.8151
vn -0.1913 -0.1974 0.9615
vn -0.1913 0.1974 0.9615
vn 0.1913 -0.1974 0.9615
vn 0.3749 -0.2011 0.9050
vn 0.3749 0.2012 0.9050
vn 0.1913 0.1974 0.9615
vn 0.5446 -0.1974 0.8151
vn 0.5446 0.1974 0.8151
vn 0.8151 -0.1974 0.5446
vn 0.9050 -0.2012 0.3749
vn 0.9050 0.2011 0.3749
vn 0.8151 0.1974 0.5446
vn 0.9615 -0.1974 0.1913
vn 0.9615 0.1974 0.1912
vn 0.9615 -0.1974 -0.1913
vn 0.9050 -0.2011 -0.3749
vn 0.9050 0.2011 -0.3748
vn 0.9615 0.1974 -0.1913
vn 0.8151 -0.1974 -0.5446
vn 0.8151 0.1974 -0.5446
vn 0.5446 -0.1974 -0.8151
vn 0.3749 -0.2012 -0.9050
vn 0.5446 0.1974 -0.8151
vn 0.1913 -0.1974 -0.9615
vn -0.5563 0.0985 0.8251
vn -0.5562 -0.0985 0.8252
vn -0.8252 -0.0985 0.5561
vn -0.8252 0.0984 0.5562
vn -0.9192 0.1003 0.3807
vn -0.9192 -0.1003 0.3807
vn -0.9768 0.0985 0.1901
vn -0.9768 -0.0985 0.1902
vn -0.9768 -0.0985 -0.1903
vn -0.9768 0.0984 -0.1903
vn -0.9192 0.1003 -0.3808
vn -0.9192 -0.1003 -0.3808
vn -0.8251 0.0985 -0.5563
vn -0.8252 -0.0985 -0.5562
vn -0.5562 -0.0985 -0.8252
vn -0.5562 0.0984 -0.8252
vn -0.3807 0.1003 -0.9192
vn -0.3807 -0.1003 -0.9192
vn -0.1901 0.0985 -0.9768
vn -0.1901 -0.0985 -0.9768
vn 0.1902 -0.0984 -0.9768
vn 0.1903 0.0984 -0.9768
vn 0.3808 0.1003 -0.9192
vn 0.3807 -0.1003 -0.9192
vn 0.5562 0.0984 -0.8252
vn 0.5561 -0.0985 -0.8253
vn 0.8251 -0.0985 -0.5563
vn 0.8251 0.0985 -0.5563
vn 0.9192 0.1003 -0.3808
vn 0.9192 -0.1003 -0.3809
vn 0.9768 0.0979 -0.1903
vn 0.9769 -0.0976 -0.1903
vn 0.9768 -0.0989 0.1902
vn 0.9767 0.0995 0.1901
vn 0.9192 0.1003 0.3807
vn 0.9192 -0.1003 0.3808
vn 0.8252 0.0985 0.5562
vn 0.8251 -0.0985 0.5563
vn 0.5562 -0.0984 0.8252
vn 0.5562 0.0984 0.8252
vn 0.3807 0.1003 0.9192
vn 0.3807 -0.1003 0.9192
vn 0.1901 0.0985 0.9768
vn 0.1901 -0.0985 0.9768
vn -0.3836 -0.2022 0.9011
vn -0.1871 -0.1983 0.9621
vn 0.3747 0.2022 0.9048
vn 0.1872 0.1983 0.9621
vn 0.1872 -0.1983 0.9621
vn 0.3747 -0.2022 0.9048
vn 0.5478 0.1983 0.8127
vn 0.5478 -0.1983 0.8127
vn 0.9048 0.2022 0.3748
vn 0.8127 0.1983 0.5479
vn 0.8126 -0.1983 0.5480
vn 0.9064 -0.2022 0.3708
vn 0.9621 0.1983 0.1872
vn 0.9621 -0.1984 0.1873
vn 0.9048 0.2022 -0.3749
vn 0.9621 0.1983 -0.1873
vn 0.9621 -0.1984 -0.1874
vn 0.9065 -0.2022 -0.3707
vn 0.8126 0.1983 -0.5480
vn 0.8126 -0.1983 -0.5481
vn 0.3748 0.2022 -0.9048
vn 0.5478 0.1983 -0.8127
vn 0.5477 -0.1984 -0.8128
vn 0.3823 -0.2023 -0.9016
vn 0.1873 0.1983 -0.9621
vn 0.1872 -0.1983 -0.9621
vn -0.3747 0.2022 -0.9048
vn -0.1872 0.1983 -0.9621
vn -0.1872 -0.1983 -0.9621
vn -0.3747 -0.2022 -0.9048
vn -0.5478 0.1983 -0.8127
vn -0.5478 -0.1983 -0.8127
vn -0.9048 0.2022 -0.3748
vn -0.8127 0.1983 -0.5480
vn -0.8127 -0.1984 -0.5479
vn -0.9048 -0.2023 -0.3748
vn -0.9621 0.1983 -0.1873
vn -0.9621 -0.1984 -0.1873
vn -0.9048 0.2022 0.3747
vn -0.9621 0.1983 0.1872
vn -0.9621 -0.1984 0.1872
vn -0.9049 -0.2023 0.3746
vn -0.8127 0.1983 0.5478
vn -0.8127 -0.1984 0.5478
vn -0.3748 0.2022 0.9048
vn -0.5480 0.1983 0.8127
vn -0.5478 -0.1984 0.8127
vn -0.1873 0.1983 0.9621
vn -0.5595 -0.0189 0.8286
vn -0.5592 -0.0174 0.8288
vn -0.5630 -0.0362 0.8257
vn -0.8284 0.0201 -0.5598
vn -0.8287 0.0184 -0.5594
vn -0.8287 -0.0184 -0.5594
vn -0.8284 -0.0201 -0.5598
vn -0.3048 0.9440 -0.1263
vn -0.2785 0.9419 -0.1879
vn 0.8284 -0.0201 -0.5598
vn 0.8287 -0.0184 -0.5594
vn 0.8287 0.0184 -0.5594
vn 0.8284 0.0201 -0.5598
vn 0.1878 0.9419 0.2785
vn 0.1262 0.9440 0.3048
vn 0.8253 -0.0384 -0.5634
vn -0.5630 0.0362 0.8257
vn -0.5592 0.0174 0.8288
vn -0.5595 0.0189 0.8286
vn -0.1262 -0.9440 -0.3048
vn -0.1878 -0.9419 -0.2785
vn -0.3298 -0.9419 0.0641
vn -0.3048 -0.9440 0.1262
vn 0.0676 -0.0092 0.9977
vn 0.0692 -0.0082 0.9976
vn 0.0480 -0.0213 0.9986
vn -0.1878 0.9419 -0.2785
vn -0.1262 0.9440 -0.3048
vn 0.1903 -0.0189 0.9815
vn 0.1907 -0.0173 0.9815
vn 0.1858 -0.0361 0.9819
vn -0.0190 0.0008 -0.9998
vn -0.0249 0.0013 -0.9997
vn -0.0687 -0.0074 -0.9976
vn -0.0662 -0.0087 -0.9978
vn 0.0641 0.9419 0.3297
vn 0.1900 -0.0201 -0.9816
vn 0.1904 -0.0184 -0.9815
vn 0.1904 0.0184 -0.9815
vn 0.1900 0.0201 -0.9816
vn 0.9816 -0.0190 -0.1902
vn 0.9815 -0.0174 -0.1906
vn 0.9819 -0.0363 -0.1858
vn 0.1858 0.0362 0.9819
vn 0.1907 0.0173 0.9815
vn 0.1903 0.0189 0.9815
vn -0.9816 -0.0201 -0.1900
vn -0.9815 -0.0184 -0.1904
vn -0.9815 0.0184 -0.1904
vn -0.9816 0.0201 -0.1900
vn -0.0641 0.9419 -0.3297
vn 0.8286 -0.0189 0.5595
vn 0.8288 -0.0173 0.5592
vn 0.8257 -0.0361 0.5629
vn -0.8284 0.0201 0.5598
vn -0.8287 0.0184 0.5594
vn -0.8253 0.0384 0.5634
vn 0.9819 -0.0384 0.1852
vn 0.9815 -0.0184 0.1904
vn 0.9816 -0.0201 0.1900
vn -0.5598 -0.0201 -0.8284
vn -0.5594 -0.0184 -0.8287
vn -0.5594 0.0184 -0.8287
vn -0.5598 0.0201 -0.8284
vn 0.5596 0.0192 -0.8286
vn 0.5592 0.0176 -0.8288
vn 0.5592 -0.0176 -0.8288
vn 0.5596 -0.0192 -0.8286
vn 0.1263 -0.9440 -0.3048
vn 0.0641 -0.9419 -0.3298
vn -0.2785 -0.9419 0.1878
vn -0.5634 0.0384 -0.8253
vn 0.1204 0.9421 -0.3128
vn 0.1859 0.9423 -0.2785
vn 0.1873 0.9422 -0.2778
vn 0.8257 0.0361 0.5629
vn 0.8288 0.0173 0.5592
vn 0.8286 0.0189 0.5595
vn -0.9819 0.0384 -0.1852
vn 0.9819 0.0363 -0.1857
vn 0.9815 0.0174 -0.1906
vn 0.9816 0.0190 -0.1902
vn -0.1263 -0.9440 0.3048
vn -0.0641 -0.9419 0.3298
vn -0.2040 0.9365 0.2850
vn -0.1960 0.9393 0.2817
vn -0.1958 0.9393 0.2817
vn 0.2516 0.9371 -0.2420
vn 0.0641 -0.9419 0.3298
vn 0.1262 -0.9440 0.3048
vn 0.1852 0.0384 -0.9819
vn 0.5628 -0.0354 0.8258
vn 0.5591 -0.0170 0.8289
vn 0.5594 -0.0185 0.8287
vn -0.9819 -0.0384 -0.1852
vn -0.1879 -0.9419 0.2785
vn 0.3049 -0.9440 -0.1263
vn 0.2785 -0.9419 -0.1879
vn 0.5630 -0.0366 -0.8256
vn -0.1877 0.9420 0.2783
vn 0.3128 0.9417 -0.1235
vn 0.3212 0.9422 -0.0949
vn 0.3213 0.9422 -0.0946
vn -0.8284 -0.0201 0.5598
vn -0.8287 -0.0184 0.5594
vn -0.5634 -0.0384 -0.8253
vn 0.1878 -0.9419 0.2785
vn 0.1878 -0.9419 -0.2785
vn 0.8253 0.0384 -0.5634
vn 0.3300 -0.9418 -0.0642
vn 0.5630 0.0366 -0.8256
vn -0.2478 0.9380 0.2423
vn -0.3000 0.9460 0.1232
vn -0.8253 -0.0384 -0.5634
vn 0.3294 0.9419 -0.0659
vn -0.0386 -0.0233 -0.9990
vn 0.5591 0.0170 0.8289
vn 0.5594 0.0185 0.8287
vn -0.0765 -0.0020 0.9971
vn 0.0094 0.0011 1.0000
vn 0.0027 0.0009 1.0000
vn -0.8253 0.0384 -0.5634
vn 0.3048 -0.9440 0.1263
vn 0.3298 -0.9419 0.0641
vn -0.3471 0.9378 0.0020
vn -0.0641 -0.9419 -0.3298
vn 0.9816 0.0201 0.1900
vn 0.9815 0.0184 0.1904
vn 0.9819 0.0384 0.1852
vn 0.3488 0.9372 -0.0041
vn 0.3151 0.9445 0.0929
vn 0.3155 0.9445 0.0918
vn 0.0522 -0.0053 -0.9986
vn 0.1852 -0.0384 -0.9819
vn -0.9816 -0.0190 0.1902
vn -0.9815 -0.0174 0.1907
vn -0.9819 -0.0362 0.1858
vn -0.9816 0.0190 0.1903
vn -0.9815 0.0174 0.1907
vn -0.3048 -0.9440 -0.1263
vn -0.3298 -0.9419 -0.0641
vn 0.2785 -0.9419 0.1879
vn -0.3298 0.9419 -0.0641
vn -0.9819 0.0363 0.1858
vn 0.2786 0.9418 0.1879
vn -0.2785 -0.9419 -0.1879
vn 0.5628 0.0354 0.8258
vn -0.8253 -0.0384 0.5634
usemtl Material
s 1
f 1/1/1 2/2/1 3/3/1
f 4/4/1 3/3/1 2/2/1 5/5/1
f 6/6/1 7/7/1 8/8/1 9/9/1
f 10/10/1 11/11/1 12/12/1 13/13/1
f 14/14/1 15/15/1 16/16/1 17/17/1
f 18/18/1 19/19/1 20/20/1 21/21/1
f 22/22/1 23/23/1 24/24/1 25/25/1
f 22/22/1 25/25/1 26/26/1
f 27/27/2 28/28/2 29/29/2
f 30/30/2 31/31/2 29/29/2 28/28/2
f 32/32/2 33/33/2 34/34/2 35/35/2
f 36/36/2 37/37/2 38/38/2 39/39/2
f 40/40/2 41/41/2 42/42/2 43/43/2
f 44/44/2 45/45/2 46/46/2 47/47/2
f 48/48/2 49/49/2 50/50/2 51/51/2
f 48/48/2 52/52/2 49/49/2
f 14/53/3 40/40/3 43/43/3 15/54/3
f 26/55/4 52/52/4 48/48/4 22/56/4
f 16/57/5 42/42/5 41/41/5 17/58/5
f 1/59/6 27/27/6 29/29/6 2/60/6
f 6/61/7 32/32/7 35/35/7 7/62/7
f 18/63/8 44/44/8 47/47/8 19/64/8
f 7/62/9 35/35/9 34/34/9 8/65/9
f 12/66/10 38/38/10 37/37/10 13/67/10
f 4/68/11 30/30/11 28/28/11 3/69/11
f 2/60/12 29/29/12 31/31/12 5/70/12
f 11/71/13 39/39/13 38/38/13 12/66/13
f 5/70/14 31/31/14 30/30/14 4/68/14
f 20/72/15 46/46/15 45/45/15 21/73/15
f 15/54/16 43/43/16 42/42/16 16/57/16
f 9/74/17 33/33/17 32/32/17 6/61/17
f 3/69/18 28/28/18 27/27/18 1/59/18
f 19/64/19 47/47/19 46/46/19 20/72/19
f 13/67/20 37/37/20 36/36/20 10/75/20
f 22/56/21 48/48/21 51/51/21 23/76/21
f 23/76/22 51/51/22 50/50/22 24/77/22
f 10/75/23 36/36/23 39/39/23 11/71/23
f 17/58/24 41/41/24 40/40/24 14/53/24
f 25/78/25 49/49/25 52/52/25 26/55/25
f 24/77/26 50/50/26 49/49/26 25/78/26
f 8/65/27 34/34/27 33/33/27 9/74/27
f 21/73/28 45/45/28 44/44/28 18/63/28
f 53/79/2 54/80/2 55/81/2
f 56/82/2 55/81/2 54/80/2 57/83/2
f 58/84/2 59/85/2 60/86/2 61/87/2
f 62/88/2 63/89/2 64/90/2 65/91/2
f 66/92/2 67/93/2 68/94/2 69/95/2
f 70/96/2 71/97/2 72/98/2 73/99/2
f 74/100/2 75/101/2 76/102/2 77/103/2
f 74/100/2 77/103/2 78/104/2
f 79/105/1 80/106/1 81/107/1
f 82/108/1 83/109/1 81/107/1 80/106/1
f 84/110/1 85/111/1 86/112/1 87/113/1
f 88/114/1 89/115/1 90/116/1 91/117/1
f 92/118/1 93/119/1 94/120/1 95/121/1
f 96/122/1 97/123/1 98/124/1 99/125/1
f 100/126/1 101/127/1 102/128/1 103/129/1
f 100/126/1 104/130/1 101/127/1
f 66/131/29 92/118/29 95/121/29 67/132/29
f 78/133/30 104/130/30 100/126/30 74/134/30
f 68/135/31 94/120/31 93/119/31 69/136/31
f 53/137/32 79/105/32 81/107/32 54/138/32
f 58/139/33 84/110/33 87/113/33 59/140/33
f 70/141/34 96/122/34 99/125/34 71/142/34
f 59/140/35 87/113/35 86/112/35 60/143/35
f 64/144/36 90/116/36 89/115/36 65/145/36
f 56/146/37 82/108/37 80/106/37 55/147/37
f 54/138/38 81/107/38 83/109/38 57/148/38
f 63/149/39 91/117/39 90/116/39 64/144/39
f 57/148/40 83/109/40 82/108/40 56/146/40
f 72/150/41 98/124/41 97/123/41 73/151/41
f 67/132/42 95/121/42 94/120/42 68/135/42
f 61/152/43 85/111/43 84/110/43 58/139/43
f 55/147/44 80/106/44 79/105/44 53/137/44
f 71/142/45 99/125/45 98/124/45 72/150/45
f 65/145/46 89/115/46 88/114/46 62/153/46
f 74/134/47 100/126/47 103/129/47 75/154/47
f 75/154/48 103/129/48 102/128/48 76/155/48
f 62/153/49 88/114/49 91/117/49 63/149/49
f 69/136/43 93/119/43 92/118/43 66/131/43
f 77/156/50 101/127/50 104/130/50 78/133/50
f 76/155/51 102/128/51 101/127/51 77/156/51
f 60/143/52 86/112/52 85/111/52 61/152/52
f 73/151/53 97/123/53 96/122/53 70/141/53
f 105/157/2 106/158/2 107/159/2 108/160/2
f 109/161/2 110/162/2 111/163/2 112/164/2
f 113/165/2 114/166/2 115/167/2 116/168/2
f 117/169/2 118/170/2 119/171/2 120/172/2
f 118/170/2 121/173/2 122/174/2 119/171/2
f 123/175/2 124/176/2 125/177/2 126/178/2
f 110/162/2 117/169/2 120/172/2 111/163/2
f 127/179/2 128/180/2 129/181/2 130/182/2
f 124/183/2 109/161/2 112/164/2 125/184/2
f 128/180/2 123/175/2 126/178/2 129/181/2
f 114/166/2 105/185/2 108/186/2 115/167/2
f 106/158/2 131/187/2 132/188/2 107/159/2
f 133/189/2 127/179/2 130/182/2 134/190/2
f 121/173/2 113/165/2 116/168/2 122/174/2
f 131/187/2 135/191/2 136/192/2 132/188/2
f 135/191/2 133/189/2 134/190/2 136/192/2
f 137/193/1 138/194/1 139/195/1 140/196/1
f 141/197/1 142/198/1 143/199/1 144/200/1
f 145/201/1 146/202/1 147/203/1 148/204/1
f 149/205/1 150/206/1 151/207/1 152/208/1
f 152/208/1 151/207/1 153/209/1 154/210/1
f 155/211/1 156/212/1 157/213/1 158/214/1
f 144/200/1 143/199/1 150/206/1 149/205/1
f 159/215/1 160/216/1 161/217/1 162/218/1
f 158/219/1 157/220/1 142/198/1 141/197/1
f 162/218/1 161/217/1 156/212/1 155/211/1
f 148/204/1 147/203/1 138/221/1 137/222/1
f 140/196/1 139/195/1 163/223/1 164/224/1
f 165/225/1 166/226/1 160/216/1 159/215/1
f 154/210/1 153/209/1 146/202/1 145/201/1
f 164/224/1 163/223/1 167/227/1 168/228/1
f 168/228/1 167/227/1 166/226/1 165/225/1
f 129/181/54 161/229/55 160/230/56 130/182/57
f 130/182/57 160/230/56 166/231/58 134/190/58
f 113/165/59 145/201/60 148/204/61 114/166/62
f 108/186/63 138/232/64 147/233/65 115/167/66
f 136/192/67 167/234/68 163/235/69 132/188/70
f 118/170/71 152/208/72 154/210/73 121/173/74
f 107/159/75 139/236/76 138/237/64 108/160/63
f 110/162/77 144/200/78 149/205/79 117/169/80
f 115/167/66 147/233/65 146/238/81 116/168/82
f 124/183/83 158/219/84 141/197/85 109/161/86
f 122/174/87 153/239/87 151/240/88 119/171/89
f 106/158/90 140/196/91 164/224/92 131/187/93
f 120/172/94 150/241/95 143/242/96 111/163/97
f 121/173/74 154/210/73 145/201/60 113/165/59
f 112/164/98 142/243/99 157/244/100 125/184/101
f 135/191/102 168/228/103 165/225/104 133/189/104
f 132/188/70 163/235/69 139/236/76 107/159/75
f 109/161/86 141/197/85 144/200/78 110/162/77
f 116/168/82 146/238/81 153/239/87 122/174/87
f 117/169/80 149/205/79 152/208/72 118/170/71
f 134/190/58 166/231/58 167/234/68 136/192/67
f 123/175/105 155/211/105 158/214/84 124/176/83
f 128/180/106 162/218/107 155/211/105 123/175/105
f 111/163/97 143/242/96 142/243/99 112/164/98
f 127/179/108 159/215/109 162/218/107 128/180/106
f 133/189/104 165/225/104 159/215/109 127/179/108
f 119/171/89 151/240/88 150/241/95 120/172/94
f 114/166/62 148/204/61 137/222/110 105/185/111
f 131/187/93 164/224/92 168/228/103 135/191/102
f 125/177/101 157/245/100 156/246/112 126/178/112
f 126/178/112 156/246/112 161/229/55 129/181/54
f 169/247/113 170/248/113 140/196/91 106/158/90
f 106/158/114 105/157/111 171/249/114
f 172/250/114 137/193/110 140/196/115
f 171/249/114 105/157/111 137/193/110 172/250/114
f 169/247/116 171/249/116 172/250/116 170/248/116
f 170/248/117 172/250/117 140/196/117
f 106/158/118 171/249/118 169/247/118
f 173/251/1 174/252/1 175/253/1 176/254/1
f 177/255/1 178/256/1 179/257/1 180/258/1
f 181/259/1 182/260/1 183/261/1 184/262/1
f 185/263/1 186/264/1 187/265/1 188/266/1
f 188/266/1 187/265/1 189/267/1 190/268/1
f 191/269/1 192/270/1 193/271/1 194/272/1
f 180/258/1 179/257/1 186/264/1 185/263/1
f 195/273/1 196/274/1 197/275/1 198/276/1
f 194/277/1 193/278/1 178/256/1 177/255/1
f 198/276/1 197/275/1 192/270/1 191/269/1
f 184/262/1 183/261/1 174/279/1 173/280/1
f 176/254/1 175/253/1 199/281/1 200/282/1
f 201/283/1 202/284/1 196/274/1 195/273/1
f 190/268/1 189/267/1 182/260/1 181/259/1
f 200/282/1 199/281/1 203/285/1 204/286/1
f 204/286/1 203/285/1 202/284/1 201/283/1
f 205/287/2 206/288/2 207/289/2 208/290/2
f 209/291/2 210/292/2 211/293/2 212/294/2
f 213/295/2 214/296/2 215/297/2 216/298/2
f 217/299/2 218/300/2 219/301/2 220/302/2
f 218/300/2 221/303/2 222/304/2 219/301/2
f 223/305/2 224/306/2 225/307/2 226/308/2
f 210/292/2 217/299/2 220/302/2 211/293/2
f 227/309/2 228/310/2 229/311/2 230/312/2
f 224/313/2 209/291/2 212/294/2 225/314/2
f 228/310/2 223/305/2 226/308/2 229/311/2
f 214/296/2 205/315/2 208/316/2 215/297/2
f 206/288/2 231/317/2 232/318/2 207/289/2
f 233/319/2 227/309/2 230/312/2 234/320/2
f 221/303/2 213/295/2 216/298/2 222/304/2
f 231/317/2 235/321/2 236/322/2 232/318/2
f 235/321/2 233/319/2 234/320/2 236/322/2
f 197/323/119 196/324/120 230/312/121 229/311/122
f 196/324/120 202/325/123 234/320/123 230/312/121
f 181/259/124 184/262/125 214/296/126 213/295/127
f 174/326/128 183/327/129 215/297/130 208/316/131
f 203/328/132 199/329/133 232/318/134 236/322/135
f 188/266/136 190/268/137 221/303/138 218/300/139
f 175/330/140 174/331/128 208/290/131 207/289/141
f 180/258/142 185/263/143 217/299/144 210/292/145
f 183/327/129 182/332/146 216/298/147 215/297/130
f 194/277/148 177/255/149 209/291/150 224/313/151
f 189/333/152 187/334/153 219/301/154 222/304/152
f 176/254/155 200/282/156 231/317/157 206/288/158
f 186/335/159 179/336/160 211/293/161 220/302/162
f 190/268/137 181/259/124 213/295/127 221/303/138
f 178/337/163 193/338/164 225/314/165 212/294/166
f 204/286/167 201/283/168 233/319/168 235/321/169
f 199/329/133 175/330/140 207/289/141 232/318/134
f 177/255/149 180/258/142 210/292/145 209/291/150
f 182/332/146 189/333/152 222/304/152 216/298/147
f 185/263/143 188/266/136 218/300/139 217/299/144
f 202/325/123 203/328/132 236/322/135 234/320/123
f 191/269/170 194/272/148 224/306/151 223/305/170
f 198/276/171 191/269/170 223/305/170 228/310/172
f 179/336/160 178/337/163 212/294/166 211/293/161
f 195/273/173 198/276/171 228/310/172 227/309/174
f 201/283/168 195/273/173 227/309/174 233/319/168
f 187/334/153 186/335/159 220/302/162 219/301/154
f 184/262/125 173/280/175 205/315/176 214/296/126
f 200/282/156 204/286/167 235/321/169 231/317/157
f 193/339/164 192/340/177 226/308/177 225/307/165
f 192/340/177 197/323/119 229/311/122 226/308/177
f 237/341/178 176/254/155 206/288/158 238/342/178
f 176/254/179 239/343/179 173/251/175
f 240/344/179 206/288/180 205/287/176
f 239/343/179 240/344/179 205/287/176 173/251/175
f 237/341/181 238/342/181 240/344/181 239/343/181
f 238/342/182 206/288/182 240/344/182
f 176/254/183 237/341/183 239/343/183
f 241/345/1 242/346/1 243/347/1 244/348/1
f 245/349/1 246/350/1 247/351/1 248/352/1
f 242/346/1 249/353/1 250/354/1 243/347/1
f 251/355/1 252/356/1 253/357/1 254/358/1
f 255/359/1 256/360/1 257/361/1 258/362/1
f 259/363/1 241/345/1 244/348/1 260/364/1
f 261/365/1 262/366/1 263/367/1 264/368/1
f 256/360/1 265/369/1 266/370/1 257/361/1
f 265/369/1 259/363/1 260/364/1 266/370/1
f 252/371/1 255/359/1 258/362/1 253/372/1
f 246/350/1 267/373/1 268/374/1 247/351/1
f 262/366/1 251/355/1 254/358/1 263/367/1
f 269/375/1 270/376/1 271/377/1 272/378/1
f 270/376/1 261/365/1 264/368/1 271/377/1
f 249/353/1 245/379/1 248/380/1 250/354/1
f 267/373/1 269/375/1 272/378/1 268/374/1
f 273/381/2 274/382/2 275/383/2 276/384/2
f 277/385/2 278/386/2 279/387/2 280/388/2
f 276/384/2 275/383/2 281/389/2 282/390/2
f 283/391/2 284/392/2 285/393/2 286/394/2
f 287/395/2 288/396/2 289/397/2 290/398/2
f 291/399/2 292/400/2 274/382/2 273/381/2
f 293/401/2 294/402/2 295/403/2 296/404/2
f 290/398/2 289/397/2 297/405/2 298/406/2
f 298/406/2 297/405/2 292/400/2 291/399/2
f 286/407/2 285/408/2 288/396/2 287/395/2
f 280/388/2 279/387/2 299/409/2 300/410/2
f 296/404/2 295/403/2 284/392/2 283/391/2
f 301/411/2 302/412/2 303/413/2 304/414/2
f 304/414/2 303/413/2 294/402/2 293/401/2
f 282/390/2 281/389/2 278/415/2 277/416/2
f 300/410/2 299/409/2 302/412/2 301/411/2
f 265/417/184 298/406/184 291/399/185 259/418/185
f 257/361/186 289/397/186 288/396/187 258/362/187
f 246/419/188 280/388/188 300/410/189 267/420/189
f 263/367/190 295/403/190 294/402/191 264/368/191
f 269/421/192 301/411/192 304/414/193 270/422/193
f 260/364/194 292/400/194 297/405/195 266/370/195
f 249/423/196 282/390/196 277/416/197 245/424/197
f 242/425/198 276/384/198 282/390/196 249/423/196
f 268/374/199 299/409/199 279/387/200 247/351/200
f 241/426/201 273/381/201 276/384/198 242/425/198
f 259/418/185 291/399/185 273/381/201 241/426/201
f 271/377/202 303/413/202 302/412/203 272/378/203
f 251/427/204 283/391/204 286/394/205 252/428/205
f 256/429/206 290/398/206 298/406/184 265/417/184
f 248/380/207 278/415/207 281/389/208 250/354/208
f 250/354/208 281/389/208 275/383/209 243/347/209
f 252/430/205 286/407/205 287/395/210 255/431/210
f 243/347/209 275/383/209 274/382/211 244/348/211
f 244/348/211 274/382/211 292/400/194 260/364/194
f 262/432/212 296/404/212 283/391/204 251/427/204
f 253/357/213 285/393/213 284/392/214 254/358/214
f 266/370/195 297/405/195 289/397/186 257/361/186
f 270/422/193 304/414/193 293/401/215 261/433/215
f 258/362/187 288/396/187 305/434/216 306/435/216
f 267/420/189 300/410/189 301/411/192 269/421/192
f 254/358/214 284/392/214 295/403/190 263/367/190
f 245/436/197 277/385/197 280/388/188 246/419/188
f 264/368/191 294/402/191 303/413/202 271/377/202
f 255/431/210 287/395/210 290/398/206 256/429/206
f 272/378/203 302/412/203 299/409/199 268/374/199
f 261/433/215 293/401/215 296/404/212 262/432/212
f 247/351/200 279/387/200 278/386/207 248/352/207
f 307/437/217 253/372/213 258/362/218
f 288/396/219 285/408/213 308/438/220
f 308/438/220 285/408/213 253/372/213 307/437/217
f 306/435/221 307/437/221 258/362/221
f 288/396/222 308/438/222 305/434/222
f 305/434/223 308/438/223 307/437/223 306/435/223
f 309/439/1 310/440/1 311/441/1 312/442/1
f 313/443/1 314/444/1 315/445/1 316/446/1
f 310/440/1 317/447/1 318/448/1 311/441/1
f 319/449/1 320/450/1 321/451/1 322/452/1
f 323/453/1 324/454/1 325/455/1 326/456/1
f 327/457/1 309/439/1 312/442/1 328/458/1
f 329/459/1 330/460/1 331/461/1 332/462/1
f 324/454/1 333/463/1 334/464/1 325/455/1
f 333/463/1 327/457/1 328/458/1 334/464/1
f 320/465/1 323/453/1 326/456/1 321/466/1
f 314/444/1 335/467/1 336/468/1 315/445/1
f 330/460/1 319/449/1 322/452/1 331/461/1
f 337/469/1 338/470/1 339/471/1 340/472/1
f 338/470/1 329/459/1 332/462/1 339/471/1
f 317/447/1 313/473/1 316/474/1 318/448/1
f 335/467/1 337/469/1 340/472/1 336/468/1
f 341/475/2 342/476/2 343/477/2 344/478/2
f 345/479/2 346/480/2 347/481/2 348/482/2
f 344/478/2 343/477/2 349/483/2 350/484/2
f 351/485/2 352/486/2 353/487/2 354/488/2
f 355/489/2 356/490/2 357/491/2 358/492/2
f 359/493/2 360/494/2 342/476/2 341/475/2
f 361/495/2 362/496/2 363/497/2 364/498/2
f 358/492/2 357/491/2 365/499/2 366/500/2
f 366/500/2 365/499/2 360/494/2 359/493/2
f 354/501/2 353/502/2 356/490/2 355/489/2
f 348/482/2 347/481/2 367/503/2 368/504/2
f 364/498/2 363/497/2 352/486/2 351/485/2
f 369/505/2 370/506/2 371/507/2 372/508/2
f 372/508/2 371/507/2 362/496/2 361/495/2
f 350/484/2 349/483/2 346/509/2 345/510/2
f 368/504/2 367/503/2 370/506/2 369/505/2
f 333/511/184 366/500/184 359/493/185 327/512/185
f 325/455/186 357/491/186 356/490/187 326/456/187
f 314/513/188 348/482/188 368/504/189 335/514/189
f 331/461/190 363/497/190 362/496/191 332/462/191
f 337/515/192 369/505/192 372/508/193 338/516/193
f 328/458/194 360/494/194 365/499/195 334/464/195
f 317/517/196 350/484/196 345/510/197 313/518/197
f 310/519/198 344/478/198 350/484/196 317/517/196
f 336/468/199 367/503/199 347/481/200 315/445/200
f 309/520/201 341/475/201 344/478/198 310/519/198
f 327/512/185 359/493/185 341/475/201 309/520/201
f 339/471/202 371/507/202 370/506/203 340/472/203
f 319/521/204 351/485/204 354/488/205 320/522/205
f 324/523/206 358/492/206 366/500/184 333/511/184
f 316/474/207 346/509/207 349/483/208 318/448/208
f 318/448/208 349/483/208 343/477/209 311/441/209
f 320/524/205 354/501/205 355/489/210 323/525/210
f 311/441/209 343/477/209 342/476/211 312/442/211
f 312/442/211 342/476/211 360/494/194 328/458/194
f 330/526/212 364/498/212 351/485/204 319/521/204
f 321/451/213 353/487/213 352/486/214 322/452/214
f 334/464/195 365/499/195 357/491/186 325/455/186
f 338/516/193 372/508/193 361/495/215 329/527/215
f 326/456/187 356/490/187 373/528/216 374/529/216
f 335/514/189 368/504/189 369/505/192 337/515/192
f 322/452/214 352/486/214 363/497/190 331/461/190
f 313/530/197 345/479/197 348/482/188 314/513/188
f 332/462/191 362/496/191 371/507/202 339/471/202
f 323/525/210 355/489/210 358/492/206 324/523/206
f 340/472/203 370/506/203 367/503/199 336/468/199
f 329/527/215 361/495/215 364/498/212 330/526/212
f 315/445/200 347/481/200 346/480/207 316/446/207
f 375/531/217 321/466/213 326/456/224
f 356/490/225 353/502/213 376/532/220
f 376/532/220 353/502/213 321/466/213 375/531/217
f 374/529/221 375/531/221 326/456/221
f 356/490/222 376/532/222 373/528/222
f 373/528/223 376/532/223 375/531/223 374/529/223
f 377/533/226 378/534/227 379/535/227 380/536/226
f 381/537/228 382/538/229 383/539/230 384/540/231
f 384/540/231 383/539/230 385/541/232 386/542/233
f 383/539/230 387/543/234 378/534/235 385/541/232
f 388/544/236 389/545/237 382/538/229 381/537/228
f 382/538/229 390/546/238 387/543/234 383/539/230
f 390/546/239 391/547/240 392/548/241 387/543/242
f 393/549/243 394/550/244 389/545/237 388/544/236
f 389/545/237 395/551/245 390/546/238 382/538/229
f 395/551/246 396/552/246 391/547/240 390/546/239
f 397/553/247 398/554/248 394/550/244 393/549/243
f 394/550/244 399/555/249 395/551/245 389/545/237
f 399/555/250 400/556/250 396/552/246 395/551/246
f 398/554/248 401/557/251 399/555/249 394/550/244
f 401/557/252 402/558/252 400/556/250 399/555/250
f 403/559/253 404/560/254 398/554/248 397/553/247
f 404/560/254 405/561/255 401/557/251 398/554/248
f 405/561/256 406/562/256 402/558/252 401/557/252
f 407/563/257 408/564/258 404/560/254 403/559/253
f 408/564/258 409/565/259 405/561/255 404/560/254
f 409/565/260 410/566/260 406/562/256 405/561/256
f 411/567/261 412/568/262 409/565/259 408/564/258
f 413/569/263 414/570/264 412/568/262 411/567/261
f 412/568/265 415/571/265 410/566/260 409/565/260
f 416/572/266 411/567/261 408/564/258 407/563/257
f 417/573/267 418/574/268 414/570/264 413/569/263
f 414/570/269 419/575/269 415/571/265 412/568/265
f 420/576/270 413/569/263 411/567/261 416/572/266
f 421/577/271 422/578/271 423/579/272 418/574/273
f 418/574/273 423/579/272 419/575/269 414/570/269
f 424/580/274 417/573/267 413/569/263 420/576/270
f 425/581/275 426/582/275 422/578/271 421/577/271
f 427/583/276 428/584/277 417/573/267 424/580/274
f 428/584/277 421/577/278 418/574/268 417/573/267
f 429/585/279 430/586/279 426/582/275 425/581/275
f 431/587/280 432/588/281 428/584/277 427/583/276
f 432/588/281 425/581/282 421/577/278 428/584/277
f 433/589/283 434/590/284 435/591/285 436/592/286
f 436/592/286 435/591/285 432/588/281 431/587/280
f 435/591/285 429/585/287 425/581/282 432/588/281
f 437/593/288 438/594/289 434/590/284 433/589/283
f 387/543/242 392/548/241 379/535/227 378/534/227
f 434/590/284 439/595/290 429/585/287 435/591/285
f 439/595/291 440/596/291 430/586/279 429/585/279
f 377/533/292 438/594/289 385/541/232 378/534/235
f 438/594/289 377/533/292 439/595/290 434/590/284
f 377/533/226 380/536/226 440/596/291 439/595/291
f 438/594/289 437/593/288 386/542/233 385/541/232
f 436/592/286 431/587/280 441/597/293 433/589/283
f 431/587/280 427/583/276 442/598/294 441/597/293
f 427/583/276 424/580/274 443/599/295 442/598/294
f 424/580/274 420/576/270 416/572/266 443/599/295
f 433/589/283 441/597/293 444/600/296 437/593/288
f 441/597/293 442/598/294 445/601/297 444/600/296
f 442/598/294 443/599/295 446/602/298 445/601/297
f 443/599/295 416/572/266 407/563/257 446/602/298
f 437/593/288 444/600/296 447/603/299 386/542/233
f 444/600/296 445/601/297 448/604/300 447/603/299
f 445/601/297 446/602/298 449/605/301 448/604/300
f 446/602/298 407/563/257 403/559/253 449/605/301
f 386/542/233 447/603/299 381/537/228 384/540/231
f 447/603/299 448/604/300 388/544/236 381/537/228
f 448/604/300 449/605/301 393/549/243 388/544/236
f 449/605/301 403/559/253 397/553/247 393/549/243
f 450/606/302 451/607/303 452/608/303 453/609/302
f 454/610/304 455/611/305 456/612/306 457/613/307
f 457/613/307 456/612/306 458/614/308 459/615/309
f 456/612/306 460/616/310 451/607/311 458/614/308
f 461/617/312 462/618/313 455/611/305 454/610/304
f 455/611/305 463/619/314 460/616/310 456/612/306
f 463/619/315 464/620/315 465/621/316 460/616/316
f 466/622/317 467/623/318 462/618/313 461/617/312
f 462/618/313 468/624/319 463/619/314 455/611/305
f 468/624/320 469/625/320 464/620/315 463/619/315
f 470/626/321 471/627/322 467/623/318 466/622/317
f 467/623/318 472/628/323 468/624/319 462/618/313
f 472/628/324 473/629/325 469/625/320 468/624/320
f 471/627/322 474/630/326 472/628/323 467/623/318
f 474/630/327 475/631/327 473/629/325 472/628/324
f 476/632/328 477/633/329 471/627/322 470/626/321
f 477/633/329 478/634/330 474/630/326 471/627/322
f 478/634/331 479/635/331 475/631/327 474/630/327
f 480/636/332 481/637/333 477/633/329 476/632/328
f 481/637/333 482/638/334 478/634/330 477/633/329
f 482/638/335 483/639/336 479/635/331 478/634/331
f 484/640/337 485/641/338 482/638/334 481/637/333
f 486/642/339 487/643/340 485/641/338 484/640/337
f 485/641/341 488/644/342 483/639/336 482/638/335
f 489/645/343 484/640/337 481/637/333 480/636/332
f 490/646/344 491/647/345 487/643/340 486/642/339
f 487/643/346 492/648/346 488/644/342 485/641/341
f 493/649/347 486/642/339 484/640/337 489/645/343
f 494/650/348 495/651/349 496/652/350 491/647/350
f 491/647/350 496/652/350 492/648/346 487/643/346
f 497/653/351 490/646/344 486/642/339 493/649/347
f 498/654/352 499/655/352 495/651/349 494/650/348
f 500/656/353 501/657/354 490/646/344 497/653/351
f 501/657/354 494/650/355 491/647/345 490/646/344
f 502/658/356 503/659/357 499/655/352 498/654/352
f 504/660/358 505/661/359 501/657/354 500/656/353
f 505/661/359 498/654/360 494/650/355 501/657/354
f 506/662/361 507/663/362 508/664/363 509/665/364
f 509/665/364 508/664/363 505/661/359 504/660/358
f 508/664/363 502/658/365 498/654/360 505/661/359
f 510/666/366 511/667/367 507/663/362 506/662/361
f 460/616/316 465/621/316 452/608/303 451/607/303
f 507/663/362 512/668/368 502/658/365 508/664/363
f 512/668/369 513/669/369 503/659/357 502/658/356
f 450/606/370 511/667/367 458/614/308 451/607/311
f 511/667/367 450/606/370 512/668/368 507/663/362
f 450/606/302 453/609/302 513/669/369 512/668/369
f 511/667/367 510/666/366 459/615/309 458/614/308
f 509/665/364 504/660/358 514/670/371 506/662/361
f 504/660/358 500/656/353 515/671/372 514/670/371
f 500/656/353 497/653/351 516/672/373 515/671/372
f 497/653/351 493/649/347 489/645/343 516/672/373
f 506/662/361 514/670/371 517/673/374 510/666/366
f 514/670/371 515/671/372 518/674/375 517/673/374
f 515/671/372 516/672/373 519/675/376 518/674/375
f 516/672/373 489/645/343 480/636/332 519/675/376
f 510/666/366 517/673/374 520/676/377 459/615/309
f 517/673/374 518/674/375 521/677/378 520/676/377
f 518/674/375 519/675/376 522/678/379 521/677/378
f 519/675/376 480/636/332 476/632/328 522/678/379
f 459/615/309 520/676/377 454/610/304 457/613/307
f 520/676/377 521/677/378 461/617/312 454/610/304
f 521/677/378 522/678/379 466/622/317 461/617/312
f 522/678/379 476/632/328 470/626/321 466/622/317
f 523/679/302 524/680/380 525/681/303 526/682/302
f 527/683/304 528/684/381 529/685/306 530/686/307
f 530/686/307 529/685/306 531/687/382 532/688/309
f 529/685/306 533/689/310 524/680/311 531/687/382
f 534/690/312 535/691/313 528/684/381 527/683/304
f 528/684/381 536/692/314 533/689/310 529/685/306
f 536/692/383 537/693/384 538/694/316 533/689/316
f 539/695/317 540/696/318 535/691/313 534/690/312
f 535/691/313 541/697/385 536/692/314 528/684/381
f 541/697/386 542/698/386 537/693/384 536/692/383
f 543/699/321 544/700/322 540/696/318 539/695/317
f 540/696/318 545/701/323 541/697/385 535/691/313
f 545/701/324 546/702/325 542/698/386 541/697/386
f 544/700/322 547/703/326 545/701/323 540/696/318
f 547/703/327 548/704/327 546/702/325 545/701/324
f 549/705/328 550/706/387 544/700/322 543/699/321
f 550/706/387 551/707/388 547/703/326 544/700/322
f 551/707/331 552/708/331 548/704/327 547/703/327
f 553/709/332 554/710/389 550/706/387 549/705/328
f 554/710/389 555/711/390 551/707/388 550/706/387
f 555/711/335 556/712/336 552/708/331 551/707/331
f 557/713/391 558/714/392 555/711/390 554/710/389
f 559/715/339 560/716/340 558/714/392 557/713/391
f 558/714/341 561/717/342 556/712/336 555/711/335
f 562/718/343 557/713/391 554/710/389 553/709/332
f 563/719/344 564/720/345 560/716/340 559/715/339
f 560/716/346 565/721/346 561/717/342 558/714/341
f 566/722/347 559/715/339 557/713/391 562/718/343
f 567/723/348 568/724/349 569/725/350 564/720/350
f 564/720/350 569/725/350 565/721/346 560/716/346
f 570/726/351 563/719/344 559/715/339 566/722/347
f 571/727/352 572/728/352 568/724/349 567/723/348
f 573/729/393 574/730/394 563/719/344 570/726/351
f 574/730/394 567/723/355 564/720/345 563/719/344
f 575/731/395 576/732/395 572/728/352 571/727/352
f 577/733/396 578/734/359 574/730/394 573/729/393
f 578/734/359 571/727/360 567/723/355 574/730/394
f 579/735/361 580/736/397 581/737/398 582/738/364
f 582/738/364 581/737/398 578/734/359 577/733/396
f 581/737/398 575/731/399 571/727/360 578/734/359
f 583/739/366 584/740/367 580/736/397 579/735/361
f 533/689/316 538/694/316 525/681/303 524/680/380
f 580/736/397 585/741/400 575/731/399 581/737/398
f 585/741/401 586/742/402 576/732/395 575/731/395
f 523/679/370 584/740/367 531/687/382 524/680/311
f 584/740/367 523/679/370 585/741/400 580/736/397
f 523/679/302 526/682/302 586/742/402 585/741/401
f 584/740/367 583/739/366 532/688/309 531/687/382
f 582/738/364 577/733/396 587/743/403 579/735/361
f 577/733/396 573/729/393 588/744/372 587/743/403
f 573/729/393 570/726/351 589/745/404 588/744/372
f 570/726/351 566/722/347 562/718/343 589/745/404
f 579/735/361 587/743/403 590/746/405 583/739/366
f 587/743/403 588/744/372 591/747/375 590/746/405
f 588/744/372 589/745/404 592/748/376 591/747/375
f 589/745/404 562/718/343 553/709/332 592/748/376
f 583/739/366 590/746/405 593/749/377 532/688/309
f 590/746/405 591/747/375 594/750/378 593/749/377
f 591/747/375 592/748/376 595/751/379 594/750/378
f 592/748/376 553/709/332 549/705/328 595/751/379
f 532/688/309 593/749/377 527/683/304 530/686/307
f 593/749/377 594/750/378 534/690/312 527/683/304
f 594/750/378 595/751/379 539/695/317 534/690/312
f 595/751/379 549/705/328 543/699/321 539/695/317
f 596/752/406 597/753/406 598/754/407 599/755/407
f 600/756/408 601/757/409 602/758/410 603/759/411
f 601/757/409 604/760/412 605/761/413 602/758/410
f 602/758/410 605/761/413 599/755/414 606/762/415
f 607/763/416 600/756/408 603/759/411 608/764/417
f 603/759/411 602/758/410 606/762/415 609/765/418
f 609/765/419 606/762/420 610/766/421 611/767/419
f 612/768/422 607/763/416 608/764/417 613/769/423
f 608/764/417 603/759/411 609/765/418 614/770/424
f 614/770/425 609/765/419 611/767/419 615/771/425
f 616/772/426 612/768/422 613/769/423 617/773/427
f 613/769/423 608/764/417 614/770/424 618/774/428
f 618/774/429 614/770/425 615/771/425 619/775/430
f 617/773/427 613/769/423 618/774/428 620/776/431
f 620/776/432 618/774/429 619/775/430 621/777/432
f 622/778/433 616/772/426 617/773/427 623/779/434
f 623/779/434 617/773/427 620/776/431 624/780/435
f 624/780/436 620/776/432 621/777/432 625/781/436
f 626/782/437 622/778/433 623/779/434 627/783/438
f 627/783/438 623/779/434 624/780/435 628/784/439
f 628/784/440 624/780/436 625/781/436 629/785/440
f 630/786/441 627/783/438 628/784/439 631/787/442
f 632/788/443 630/786/441 631/787/442 633/789/444
f 631/787/445 628/784/440 629/785/440 634/790/445
f 635/791/446 626/782/437 627/783/438 630/786/441
f 636/792/447 632/788/443 633/789/444 637/793/448
f 633/789/449 631/787/445 634/790/445 638/794/449
f 639/795/450 635/791/446 630/786/441 632/788/443
f 640/796/451 637/793/452 641/797/453 642/798/451
f 637/793/452 633/789/449 638/794/449 641/797/453
f 643/799/454 639/795/450 632/788/443 636/792/447
f 644/800/455 640/796/451 642/798/451 645/801/455
f 646/802/456 643/799/454 636/792/447 647/803/457
f 647/803/457 636/792/447 637/793/448 640/796/458
f 648/804/459 644/800/455 645/801/455 649/805/459
f 650/806/460 646/802/456 647/803/457 651/807/461
f 651/807/461 647/803/457 640/796/458 644/800/462
f 652/808/463 653/809/464 654/810/465 655/811/466
f 653/809/464 650/806/460 651/807/461 654/810/465
f 654/810/465 651/807/461 644/800/462 648/804/467
f 656/812/468 652/808/463 655/811/466 657/813/469
f 606/762/420 599/755/407 598/754/407 610/766/421
f 655/811/466 654/810/465 648/804/467 658/814/470
f 658/814/471 648/804/459 649/805/459 659/815/471
f 596/752/472 599/755/414 605/761/413 657/813/469
f 657/813/469 655/811/466 658/814/470 596/752/472
f 596/752/406 658/814/471 659/815/471 597/753/406
f 657/813/469 605/761/413 604/760/412 656/812/468
f 653/809/464 652/808/463 660/816/473 650/806/460
f 650/806/460 660/816/473 661/817/474 646/802/456
f 646/802/456 661/817/474 662/818/475 643/799/454
f 643/799/454 662/818/475 635/791/446 639/795/450
f 652/808/463 656/812/468 663/819/476 660/816/473
f 660/816/473 663/819/476 664/820/477 661/817/474
f 661/817/474 664/820/477 665/821/478 662/818/475
f 662/818/475 665/821/478 626/782/437 635/791/446
f 656/812/468 604/760/412 666/822/479 663/819/476
f 663/819/476 666/822/479 667/823/480 664/820/477
f 664/820/477 667/823/480 668/824/481 665/821/478
f 665/821/478 668/824/481 622/778/433 626/782/437
f 604/760/412 601/757/409 600/756/408 666/822/479
f 666/822/479 600/756/408 607/763/416 667/823/480
f 667/823/480 607/763/416 612/768/422 668/824/481
f 668/824/481 612/768/422 616/772/426 622/778/433
f 669/825/482 670/826/483 671/827/483 672/828/482
f 673/829/484 674/830/485 675/831/486 676/832/487
f 676/832/487 675/831/486 677/833/488 678/834/489
f 675/831/486 679/835/490 670/826/491 677/833/488
f 680/836/492 681/837/493 674/830/485 673/829/484
f 674/830/485 682/838/494 679/835/490 675/831/486
f 682/838/495 683/839/496 684/840/497 679/835/497
f 685/841/498 686/842/499 681/837/493 680/836/492
f 681/837/493 687/843/500 682/838/494 674/830/485
f 687/843/501 688/844/501 683/839/496 682/838/495
f 689/845/502 690/846/503 686/842/499 685/841/498
f 686/842/499 691/847/504 687/843/500 681/837/493
f 691/847/505 692/848/506 688/844/501 687/843/501
f 690/846/503 693/849/507 691/847/504 686/842/499
f 693/849/508 694/850/509 692/848/506 691/847/505
f 695/851/510 696/852/511 690/846/503 689/845/502
f 696/852/511 697/853/512 693/849/507 690/846/503
f 697/853/513 698/854/514 694/850/509 693/849/508
f 699/855/515 700/856/516 696/852/511 695/851/510
f 700/856/516 701/857/517 697/853/512 696/852/511
f 701/857/518 702/858/518 698/854/514 697/853/513
f 703/859/519 704/860/520 701/857/517 700/856/516
f 705/861/521 706/862/522 704/860/520 703/859/519
f 704/860/523 707/863/523 702/858/518 701/857/518
f 708/864/524 703/859/519 700/856/516 699/855/515
f 709/865/525 710/866/526 706/862/522 705/861/521
f 706/862/527 711/867/528 707/863/523 704/860/523
f 712/868/529 705/861/521 703/859/519 708/864/524
f 713/869/530 714/870/530 715/871/531 710/866/531
f 710/866/531 715/871/531 711/867/528 706/862/527
f 716/872/532 709/865/525 705/861/521 712/868/529
f 717/873/533 718/874/533 714/870/530 713/869/530
f 719/875/534 720/876/535 709/865/525 716/872/532
f 720/876/535 713/869/536 710/866/526 709/865/525
f 721/877/537 722/878/538 718/874/533 717/873/533
f 723/879/539 724/880/540 720/876/535 719/875/534
f 724/880/540 717/873/541 713/869/536 720/876/535
f 725/881/542 726/882/543 727/883/544 728/884/545
f 728/884/545 727/883/544 724/880/540 723/879/539
f 727/883/544 721/877/546 717/873/541 724/880/540
f 729/885/547 730/886/548 726/882/543 725/881/542
f 679/835/497 684/840/497 671/827/483 670/826/483
f 726/882/543 731/887/549 721/877/546 727/883/544
f 731/887/550 732/888/550 722/878/538 721/877/537
f 669/825/551 730/886/548 677/833/488 670/826/491
f 730/886/548 669/825/551 731/887/549 726/882/543
f 669/825/482 672/828/482 732/888/550 731/887/550
f 730/886/548 729/885/547 678/834/489 677/833/488
f 728/884/545 723/879/539 733/889/552 725/881/542
f 723/879/539 719/875/534 734/890/553 733/889/552
f 719/875/534 716/872/532 735/891/554 734/890/553
f 716/872/532 712/868/529 708/864/524 735/891/554
f 725/881/542 733/889/552 736/892/555 729/885/547
f 733/889/552 734/890/553 737/893/556 736/892/555
f 734/890/553 735/891/554 738/894/557 737/893/556
f 735/891/554 708/864/524 699/855/515 738/894/557
f 729/885/547 736/892/555 739/895/558 678/834/489
f 736/892/555 737/893/556 740/896/559 739/895/558
f 737/893/556 738/894/557 741/897/560 740/896/559
f 738/894/557 699/855/515 695/851/510 741/897/560
f 678/834/489 739/895/558 673/829/484 676/832/487
f 739/895/558 740/896/559 680/836/492 673/829/484
f 740/896/559 741/897/560 685/841/498 680/836/492
f 741/897/560 695/851/510 689/845/502 685/841/498
f 742/898/561 743/899/562 744/900/562 745/901/561
f 746/902/563 747/903/564 748/904/565 749/905/566
f 749/905/566 748/904/565 750/906/567 751/907/568
f 748/904/565 752/908/569 743/899/570 750/906/567
f 753/909/571 754/910/572 747/903/564 746/902/563
f 747/903/564 755/911/573 752/908/569 748/904/565
f 755/911/574 756/912/575 757/913/576 752/908/576
f 758/914/577 759/915/578 754/910/572 753/909/571
f 754/910/572 760/916/579 755/911/573 747/903/564
f 760/916/580 761/917/580 756/912/575 755/911/574
f 762/918/581 763/919/582 759/915/578 758/914/577
f 759/915/578 764/920/583 760/916/579 754/910/572
f 764/920/584 765/921/584 761/917/580 760/916/580
f 763/919/582 766/922/585 764/920/583 759/915/578
f 766/922/586 767/923/586 765/921/584 764/920/584
f 768/924/587 769/925/588 763/919/582 762/918/581
f 769/925/588 770/926/589 766/922/585 763/919/582
f 770/926/590 771/927/590 767/923/586 766/922/586
f 772/928/591 773/929/592 769/925/588 768/924/587
f 773/929/592 774/930/593 770/926/589 769/925/588
f 774/930/594 775/931/594 771/927/590 770/926/590
f 776/932/595 777/933/596 774/930/593 773/929/592
f 778/934/597 779/935/598 777/933/596 776/932/595
f 777/933/599 780/936/599 775/931/594 774/930/594
f 781/937/600 776/932/595 773/929/592 772/928/591
f 782/938/601 783/939/602 779/935/598 778/934/597
f 779/935/603 784/940/604 780/936/599 777/933/599
f 785/941/605 778/934/597 776/932/595 781/937/600
f 786/942/606 787/943/606 788/944/607 783/939/607
f 783/939/607 788/944/607 784/940/604 779/935/603
f 789/945/608 782/938/601 778/934/597 785/941/605
f 790/946/609 791/947/609 787/943/606 786/942/606
f 792/948/610 793/949/611 782/938/601 789/945/608
f 793/949/611 786/942/612 783/939/602 782/938/601
f 794/950/613 795/951/613 791/947/609 790/946/609
f 796/952/614 797/953/615 793/949/611 792/948/610
f 797/953/615 790/946/616 786/942/612 793/949/611
f 798/954/617 799/955/618 800/956/619 801/957/620
f 801/957/620 800/956/619 797/953/615 796/952/614
f 800/956/619 794/950/621 790/946/616 797/953/615
f 802/958/622 803/959/623 799/955/618 798/954/617
f 752/908/576 757/913/576 744/900/562 743/899/562
f 799/955/618 804/960/624 794/950/621 800/956/619
f 804/960/625 805/961/625 795/951/613 794/950/613
f 742/898/626 803/959/623 750/906/567 743/899/570
f 803/959/623 742/898/626 804/960/624 799/955/618
f 742/898/561 745/901/561 805/961/625 804/960/625
f 803/959/623 802/958/622 751/907/568 750/906/567
f 801/957/620 796/952/614 806/962/627 798/954/617
f 796/952/614 792/948/610 807/963/628 806/962/627
f 792/948/610 789/945/608 808/964/629 807/963/628
f 789/945/608 785/941/605 781/937/600 808/964/629
f 798/954/617 806/962/627 809/965/630 802/958/622
f 806/962/627 807/963/628 810/966/631 809/965/630
f 807/963/628 808/964/629 811/967/632 810/966/631
f 808/964/629 781/937/600 772/928/591 811/967/632
f 802/958/622 809/965/630 812/968/633 751/907/568
f 809/965/630 810/966/631 813/969/634 812/968/633
f 810/966/631 811/967/632 814/970/635 813/969/634
f 811/967/632 772/928/591 768/924/587 814/970/635
f 751/907/568 812/968/633 746/902/563 749/905/566
f 812/968/633 813/969/634 753/909/571 746/902/563
f 813/969/634 814/970/635 758/914/577 753/909/571
f 814/970/635 768/924/587 762/918/581 758/914/577
f 815/971/561 816/972/562 817/973/562 818/974/561
f 819/975/563 820/976/564 821/977/565 822/978/566
f 822/978/566 821/977/565 823/979/567 824/980/636
f 821/977/565 825/981/637 816/972/638 823/979/567
f 826/982/571 827/983/572 820/976/564 819/975/563
f 820/976/564 828/984/573 825/981/637 821/977/565
f 828/984/574 829/985/575 830/986/576 825/981/576
f 831/987/577 832/988/578 827/983/572 826/982/571
f 827/983/572 833/989/579 828/984/573 820/976/564
f 833/989/580 834/990/580 829/985/575 828/984/574
f 835/991/581 836/992/582 832/988/578 831/987/577
f 832/988/578 837/993/583 833/989/579 827/983/572
f 837/993/584 838/994/584 834/990/580 833/989/580
f 836/992/582 839/995/585 837/993/583 832/988/578
f 839/995/586 840/996/586 838/994/584 837/993/584
f 841/997/587 842/998/588 836/992/582 835/991/581
f 842/998/588 843/999/589 839/995/585 836/992/582
f 843/999/590 844/1000/590 840/996/586 839/995/586
f 845/1001/591 846/1002/592 842/998/588 841/997/587
f 846/1002/592 847/1003/593 843/999/589 842/998/588
f 847/1003/594 848/1004/594 844/1000/590 843/999/590
f 849/1005/595 850/1006/596 847/1003/593 846/1002/592
f 851/1007/597 852/1008/598 850/1006/596 849/1005/595
f 850/1006/639 853/1009/599 848/1004/594 847/1003/594
f 854/1010/600 849/1005/595 846/1002/592 845/1001/591
f 855/1011/601 856/1012/640 852/1008/598 851/1007/597
f 852/1008/641 857/1013/641 853/1009/599 850/1006/639
f 858/1014/642 851/1007/597 849/1005/595 854/1010/600
f 859/1015/606 860/1016/606 861/1017/607 856/1012/607
f 856/1012/607 861/1017/607 857/1013/641 852/1008/641
f 862/1018/608 855/1011/601 851/1007/597 858/1014/642
f 863/1019/609 864/1020/609 860/1016/606 859/1015/606
f 865/1021/643 866/1022/611 855/1011/601 862/1018/608
f 866/1022/611 859/1015/612 856/1012/640 855/1011/601
f 867/1023/613 868/1024/613 864/1020/609 863/1019/609
f 869/1025/644 870/1026/615 866/1022/611 865/1021/643
f 870/1026/615 863/1019/616 859/1015/612 866/1022/611
f 871/1027/617 872/1028/618 873/1029/619 874/1030/620
f 874/1030/620 873/1029/619 870/1026/615 869/1025/644
f 873/1029/619 867/1023/621 863/1019/616 870/1026/615
f 875/1031/645 876/1032/646 872/1028/618 871/1027/617
f 825/981/576 830/986/576 817/973/562 816/972/562
f 872/1028/618 877/1033/624 867/1023/621 873/1029/619
f 877/1033/625 878/1034/625 868/1024/613 867/1023/613
f 815/971/626 876/1032/646 823/979/567 816/972/638
f 876/1032/646 815/971/626 877/1033/624 872/1028/618
f 815/971/561 818/974/561 878/1034/625 877/1033/625
f 876/1032/646 875/1031/645 824/980/636 823/979/567
f 874/1030/620 869/1025/644 879/1035/627 871/1027/617
f 869/1025/644 865/1021/643 880/1036/628 879/1035/627
f 865/1021/643 862/1018/608 881/1037/629 880/1036/628
f 862/1018/608 858/1014/642 854/1010/600 881/1037/629
f 871/1027/617 879/1035/627 882/1038/630 875/1031/645
f 879/1035/627 880/1036/628 883/1039/631 882/1038/630
f 880/1036/628 881/1037/629 884/1040/632 883/1039/631
f 881/1037/629 854/1010/600 845/1001/591 884/1040/632
f 875/1031/645 882/1038/630 885/1041/633 824/980/636
f 882/1038/630 883/1039/631 886/1042/634 885/1041/633
f 883/1039/631 884/1040/632 887/1043/635 886/1042/634
f 884/1040/632 845/1001/591 841/997/587 887/1043/635
f 824/980/636 885/1041/633 819/975/563 822/978/566
f 885/1041/633 886/1042/634 826/982/571 819/975/563
f 886/1042/634 887/1043/635 831/987/577 826/982/571
f 887/1043/635 841/997/587 835/991/581 831/987/577
f 888/1044/647 889/1045/648 890/1046/649 891/1047/649
f 892/1048/650 893/1049/651 894/1050/652 895/1051/653
f 893/1049/651 896/1052/654 897/1053/655 894/1050/652
f 894/1050/652 897/1053/655 891/1047/656 898/1054/657
f 899/1055/658 892/1048/650 895/1051/653 900/1056/659
f 895/1051/653 894/1050/652 898/1054/657 901/1057/660
f 901/1057/661 898/1054/662 902/1058/663 903/1059/664
f 904/1060/665 899/1055/658 900/1056/659 905/1061/666
f 900/1056/659 895/1051/653 901/1057/660 906/1062/667
f 906/1062/668 901/1057/661 903/1059/664 907/1063/668
f 908/1064/669 904/1060/665 905/1061/666 909/1065/670
f 905/1061/666 900/1056/659 906/1062/667 910/1066/671
f 910/1066/672 906/1062/668 907/1063/668 911/1067/673
f 909/1065/670 905/1061/666 910/1066/671 912/1068/674
f 912/1068/675 910/1066/672 911/1067/673 913/1069/676
f 914/1070/677 908/1064/669 909/1065/670 915/1071/678
f 915/1071/678 909/1065/670 912/1068/674 916/1072/679
f 916/1072/680 912/1068/675 913/1069/676 917/1073/681
f 918/1074/682 914/1070/677 915/1071/678 919/1075/683
f 919/1075/683 915/1071/678 916/1072/679 920/1076/684
f 920/1076/685 916/1072/680 917/1073/681 921/1077/685
f 922/1078/686 919/1075/683 920/1076/684 923/1079/687
f 924/1080/688 922/1078/686 923/1079/687 925/1081/689
f 923/1079/690 920/1076/685 921/1077/685 926/1082/690
f 927/1083/691 918/1074/682 919/1075/683 922/1078/686
f 928/1084/692 924/1080/688 925/1081/689 929/1085/693
f 925/1081/694 923/1079/690 926/1082/690 930/1086/694
f 931/1087/695 927/1083/691 922/1078/686 924/1080/688
f 932/1088/696 929/1085/697 933/1089/697 934/1090/696
f 929/1085/697 925/1081/694 930/1086/694 933/1089/697
f 935/1091/698 931/1087/695 924/1080/688 928/1084/692
f 936/1092/699 932/1088/696 934/1090/696 937/1093/699
f 938/1094/700 935/1091/698 928/1084/692 939/1095/701
f 939/1095/701 928/1084/692 929/1085/693 932/1088/702
f 940/1096/703 936/1092/699 937/1093/699 941/1097/703
f 942/1098/704 938/1094/700 939/1095/701 943/1099/705
f 943/1099/705 939/1095/701 932/1088/702 936/1092/706
f 944/1100/707 945/1101/708 946/1102/709 947/1103/710
f 945/1101/708 942/1098/704 943/1099/705 946/1102/709
f 946/1102/709 943/1099/705 936/1092/706 940/1096/711
f 948/1104/712 944/1100/707 947/1103/710 949/1105/713
f 898/1054/662 891/1047/649 890/1046/649 902/1058/663
f 947/1103/710 946/1102/709 940/1096/711 950/1106/714
f 950/1106/715 940/1096/703 941/1097/703 951/1107/715
f 888/1044/716 891/1047/656 897/1053/655 949/1105/713
f 949/1105/713 947/1103/710 950/1106/714 888/1044/716
f 888/1044/647 950/1106/715 951/1107/715 889/1045/648
f 949/1105/713 897/1053/655 896/1052/654 948/1104/712
f 945/1101/708 944/1100/707 952/1108/717 942/1098/704
f 942/1098/704 952/1108/717 953/1109/718 938/1094/700
f 938/1094/700 953/1109/718 954/1110/719 935/1091/698
f 935/1091/698 954/1110/719 927/1083/691 931/1087/695
f 944/1100/707 948/1104/712 955/1111/720 952/1108/717
f 952/1108/717 955/1111/720 956/1112/721 953/1109/718
f 953/1109/718 956/1112/721 957/1113/722 954/1110/719
f 954/1110/719 957/1113/722 918/1074/682 927/1083/691
f 948/1104/712 896/1052/654 958/1114/723 955/1111/720
f 955/1111/720 958/1114/723 959/1115/724 956/1112/721
f 956/1112/721 959/1115/724 960/1116/725 957/1113/722
f 957/1113/722 960/1116/725 914/1070/677 918/1074/682
f 896/1052/654 893/1049/651 892/1048/650 958/1114/723
f 958/1114/723 892/1048/650 899/1055/658 959/1115/724
f 959/1115/724 899/1055/658 904/1060/665 960/1116/725
f 960/1116/725 904/1060/665 908/1064/669 914/1070/677
f 961/1117/726 962/1118/727 963/1119/727 964/1120/728
f 965/1121/729 966/1122/730 967/1123/731 968/1124/732
f 968/1124/732 967/1123/731 969/1125/733 970/1126/734
f 967/1123/731 971/1127/735 962/1118/736 969/1125/733
f 972/1128/737 973/1129/738 966/1122/730 965/1121/729
f 966/1122/730 974/1130/739 971/1127/735 967/1123/731
f 974/1130/740 975/1131/740 976/1132/741 971/1127/741
f 977/1133/742 978/1134/743 973/1129/738 972/1128/737
f 973/1129/738 979/1135/744 974/1130/739 966/1122/730
f 979/1135/745 980/1136/745 975/1131/740 974/1130/740
f 981/1137/746 982/1138/747 978/1134/743 977/1133/742
f 978/1134/743 983/1139/748 979/1135/744 973/1129/738
f 983/1139/749 984/1140/749 980/1136/745 979/1135/745
f 982/1138/747 985/1141/750 983/1139/748 978/1134/743
f 985/1141/751 986/1142/752 984/1140/749 983/1139/749
f 987/1143/753 988/1144/754 982/1138/747 981/1137/746
f 988/1144/754 989/1145/755 985/1141/750 982/1138/747
f 989/1145/756 990/1146/756 986/1142/752 985/1141/751
f 991/1147/757 992/1148/758 988/1144/754 987/1143/753
f 992/1148/758 993/1149/759 989/1145/755 988/1144/754
f 993/1149/760 994/1150/760 990/1146/756 989/1145/756
f 995/1151/761 996/1152/762 993/1149/759 992/1148/758
f 997/1153/763 998/1154/764 996/1152/762 995/1151/761
f 996/1152/765 999/1155/765 994/1150/760 993/1149/760
f 1000/1156/766 995/1151/761 992/1148/758 991/1147/757
f 1001/1157/767 1002/1158/768 998/1154/764 997/1153/763
f 998/1154/769 1003/1159/769 999/1155/765 996/1152/765
f 1004/1160/770 997/1153/763 995/1151/761 1000/1156/766
f 1005/1161/771 1006/1162/772 1007/1163/773 1002/1158/773
f 1002/1158/773 1007/1163/773 1003/1159/769 998/1154/769
f 1008/1164/774 1001/1157/767 997/1153/763 1004/1160/770
f 1009/1165/775 1010/1166/775 1006/1162/772 1005/1161/771
f 1011/1167/776 1012/1168/777 1001/1157/767 1008/1164/774
f 1012/1168/777 1005/1161/778 1002/1158/768 1001/1157/767
f 1013/1169/779 1014/1170/779 1010/1166/775 1009/1165/775
f 1015/1171/780 1016/1172/781 1012/1168/777 1011/1167/776
f 1016/1172/781 1009/1165/782 1005/1161/778 1012/1168/777
f 1017/1173/783 1018/1174/784 1019/1175/785 1020/1176/786
f 1020/1176/786 1019/1175/785 1016/1172/781 1015/1171/780
f 1019/1175/785 1013/1169/787 1009/1165/782 1016/1172/781
f 1021/1177/788 1022/1178/789 1018/1174/784 1017/1173/783
f 971/1127/741 976/1132/741 963/1119/727 962/1118/727
f 1018/1174/784 1023/1179/790 1013/1169/787 1019/1175/785
f 1023/1179/791 1024/1180/791 1014/1170/779 1013/1169/779
f 961/1117/792 1022/1178/789 969/1125/733 962/1118/736
f 1022/1178/789 961/1117/792 1023/1179/790 1018/1174/784
f 961/1117/726 964/1120/728 1024/1180/791 1023/1179/791
f 1022/1178/789 1021/1177/788 970/1126/734 969/1125/733
f 1020/1176/786 1015/1171/780 1025/1181/793 1017/1173/783
f 1015/1171/780 1011/1167/776 1026/1182/794 1025/1181/793
f 1011/1167/776 1008/1164/774 1027/1183/795 1026/1182/794
f 1008/1164/774 1004/1160/770 1000/1156/766 1027/1183/795
f 1017/1173/783 1025/1181/793 1028/1184/796 1021/1177/788
f 1025/1181/793 1026/1182/794 1029/1185/797 1028/1184/796
f 1026/1182/794 1027/1183/795 1030/1186/798 1029/1185/797
f 1027/1183/795 1000/1156/766 991/1147/757 1030/1186/798
f 1021/1177/788 1028/1184/796 1031/1187/799 970/1126/734
f 1028/1184/796 1029/1185/797 1032/1188/800 1031/1187/799
f 1029/1185/797 1030/1186/798 1033/1189/801 1032/1188/800
f 1030/1186/798 991/1147/757 987/1143/753 1033/1189/801
f 970/1126/734 1031/1187/799 965/1121/729 968/1124/732
f 1031/1187/799 1032/1188/800 972/1128/737 965/1121/729
f 1032/1188/800 1033/1189/801 977/1133/742 972/1128/737
f 1033/1189/801 987/1143/753 981/1137/746 977/1133/742
f 1034/1190/802 1035/1191/803 1036/1192/803 1037/1193/804
f 1038/1194/805 1039/1195/806 1040/1196/807 1041/1197/808
f 1041/1197/808 1040/1196/807 1042/1198/809 1043/1199/810
f 1040/1196/807 1044/1200/811 1035/1191/812 1042/1198/809
f 1045/1201/813 1046/1202/814 1039/1195/806 1038/1194/805
f 1039/1195/806 1047/1203/815 1044/1200/811 1040/1196/807
f 1047/1203/816 1048/1204/817 1049/1205/818 1044/1200/818
f 1050/1206/819 1051/1207/820 1046/1202/814 1045/1201/813
f 1046/1202/814 1052/1208/821 1047/1203/815 1039/1195/806
f 1052/1208/822 1053/1209/822 1048/1204/817 1047/1203/816
f 1054/1210/823 1055/1211/824 1051/1207/820 1050/1206/819
f 1051/1207/820 1056/1212/825 1052/1208/821 1046/1202/814
f 1056/1212/826 1057/1213/826 1053/1209/822 1052/1208/822
f 1055/1211/824 1058/1214/827 1056/1212/825 1051/1207/820
f 1058/1214/828 1059/1215/828 1057/1213/826 1056/1212/826
f 1060/1216/829 1061/1217/830 1055/1211/824 1054/1210/823
f 1061/1217/830 1062/1218/831 1058/1214/827 1055/1211/824
f 1062/1218/832 1063/1219/833 1059/1215/828 1058/1214/828
f 1064/1220/834 1065/1221/835 1061/1217/830 1060/1216/829
f 1065/1221/835 1066/1222/836 1062/1218/831 1061/1217/830
f 1066/1222/837 1067/1223/837 1063/1219/833 1062/1218/832
f 1068/1224/838 1069/1225/839 1066/1222/836 1065/1221/835
f 1070/1226/840 1071/1227/841 1069/1225/839 1068/1224/838
f 1069/1225/842 1072/1228/843 1067/1223/837 1066/1222/837
f 1073/1229/844 1068/1224/838 1065/1221/835 1064/1220/834
f 1074/1230/845 1075/1231/846 1071/1227/841 1070/1226/840
f 1071/1227/847 1076/1232/847 1072/1228/843 1069/1225/842
f 1077/1233/848 1070/1226/840 1068/1224/838 1073/1229/844
f 1078/1234/849 1079/1235/849 1080/1236/850 1075/1231/850
f 1075/1231/850 1080/1236/850 1076/1232/847 1071/1227/847
f 1081/1237/851 1074/1230/845 1070/1226/840 1077/1233/848
f 1082/1238/852 1083/1239/852 1079/1235/849 1078/1234/849
f 1084/1240/853 1085/1241/854 1074/1230/845 1081/1237/851
f 1085/1241/854 1078/1234/855 1075/1231/846 1074/1230/845
f 1086/1242/856 1087/1243/856 1083/1239/852 1082/1238/852
f 1088/1244/857 1089/1245/858 1085/1241/854 1084/1240/853
f 1089/1245/858 1082/1238/859 1078/1234/855 1085/1241/854
f 1090/1246/860 1091/1247/861 1092/1248/862 1093/1249/863
f 1093/1249/863 1092/1248/862 1089/1245/858 1088/1244/857
f 1092/1248/862 1086/1242/864 1082/1238/859 1089/1245/858
f 1094/1250/865 1095/1251/866 1091/1247/861 1090/1246/860
f 1044/1200/818 1049/1205/818 1036/1192/803 1035/1191/803
f 1091/1247/861 1096/1252/867 1086/1242/864 1092/1248/862
f 1096/1252/868 1097/1253/868 1087/1243/856 1086/1242/856
f 1034/1190/869 1095/1251/866 1042/1198/809 1035/1191/812
f 1095/1251/866 1034/1190/869 1096/1252/867 1091/1247/861
f 1034/1190/802 1037/1193/804 1097/1253/868 1096/1252/868
f 1095/1251/866 1094/1250/865 1043/1199/810 1042/1198/809
f 1093/1249/863 1088/1244/857 1098/1254/870 1090/1246/860
f 1088/1244/857 1084/1240/853 1099/1255/871 1098/1254/870
f 1084/1240/853 1081/1237/851 1100/1256/872 1099/1255/871
f 1081/1237/851 1077/1233/848 1073/1229/844 1100/1256/872
f 1090/1246/860 1098/1254/870 1101/1257/873 1094/1250/865
f 1098/1254/870 1099/1255/871 1102/1258/874 1101/1257/873
f 1099/1255/871 1100/1256/872 1103/1259/875 1102/1258/874
f 1100/1256/872 1073/1229/844 1064/1220/834 1103/1259/875
f 1094/1250/865 1101/1257/873 1104/1260/876 1043/1199/810
f 1101/1257/873 1102/1258/874 1105/1261/877 1104/1260/876
f 1102/1258/874 1103/1259/875 1106/1262/878 1105/1261/877
f 1103/1259/875 1064/1220/834 1060/1216/829 1106/1262/878
f 1043/1199/810 1104/1260/876 1038/1194/805 1041/1197/808
f 1104/1260/876 1105/1261/877 1045/1201/813 1038/1194/805
f 1105/1261/877 1106/1262/878 1050/1206/819 1045/1201/813
f 1106/1262/878 1060/1216/829 1054/1210/823 1050/1206/819
f 1107/1263/804 1108/1264/879 1109/1265/803 1110/1266/804
f 1111/1267/880 1112/1268/806 1113/1269/807 1114/1270/808
f 1114/1270/808 1113/1269/807 1115/1271/809 1116/1272/810
f 1113/1269/807 1117/1273/811 1108/1264/881 1115/1271/809
f 1118/1274/813 1119/1275/882 1112/1268/806 1111/1267/880
f 1112/1268/806 1120/1276/815 1117/1273/811 1113/1269/807
f 1120/1276/883 1121/1277/883 1122/1278/818 1117/1273/818
f 1123/1279/819 1124/1280/884 1119/1275/882 1118/1274/813
f 1119/1275/882 1125/1281/885 1120/1276/815 1112/1268/806
f 1125/1281/886 1126/1282/886 1121/1277/883 1120/1276/883
f 1127/1283/887 1128/1284/824 1124/1280/884 1123/1279/819
f 1124/1280/884 1129/1285/888 1125/1281/885 1119/1275/882
f 1129/1285/826 1130/1286/889 1126/1282/886 1125/1281/886
f 1128/1284/824 1131/1287/827 1129/1285/888 1124/1280/884
f 1131/1287/828 1132/1288/828 1130/1286/889 1129/1285/826
f 1133/1289/890 1134/1290/891 1128/1284/824 1127/1283/887
f 1134/1290/891 1135/1291/892 1131/1287/827 1128/1284/824
f 1135/1291/832 1136/1292/833 1132/1288/828 1131/1287/828
f 1137/1293/834 1138/1294/893 1134/1290/891 1133/1289/890
f 1138/1294/893 1139/1295/836 1135/1291/892 1134/1290/891
f 1139/1295/837 1140/1296/837 1136/1292/833 1135/1291/832
f 1141/1297/838 1142/1298/839 1139/1295/836 1138/1294/893
f 1143/1299/840 1144/1300/841 1142/1298/839 1141/1297/838
f 1142/1298/843 1145/1301/843 1140/1296/837 1139/1295/837
f 1146/1302/894 1141/1297/838 1138/1294/893 1137/1293/834
f 1147/1303/845 1148/1304/846 1144/1300/841 1143/1299/840
f 1144/1300/847 1149/1305/847 1145/1301/843 1142/1298/843
f 1150/1306/848 1143/1299/840 1141/1297/838 1146/1302/894
f 1151/1307/895 1152/1308/849 1153/1309/850 1148/1304/896
f 1148/1304/896 1153/1309/850 1149/1305/847 1144/1300/847
f 1154/1310/851 1147/1303/845 1143/1299/840 1150/1306/848
f 1155/1311/852 1156/1312/852 1152/1308/849 1151/1307/895
f 1157/1313/853 1158/1314/854 1147/1303/845 1154/1310/851
f 1158/1314/854 1151/1307/855 1148/1304/846 1147/1303/845
f 1159/1315/897 1160/1316/898 1156/1312/852 1155/1311/852
f 1161/1317/857 1162/1318/858 1158/1314/854 1157/1313/853
f 1162/1318/858 1155/1311/899 1151/1307/855 1158/1314/854
f 1163/1319/860 1164/1320/900 1165/1321/901 1166/1322/863
f 1166/1322/863 1165/1321/901 1162/1318/858 1161/1317/857
f 1165/1321/901 1159/1315/902 1155/1311/899 1162/1318/858
f 1167/1323/865 1168/1324/866 1164/1320/900 1163/1319/860
f 1117/1273/818 1122/1278/818 1109/1265/803 1108/1264/879
f 1164/1320/900 1169/1325/903 1159/1315/902 1165/1321/901
f 1169/1325/868 1170/1326/868 1160/1316/898 1159/1315/897
f 1107/1263/869 1168/1324/866 1115/1271/809 1108/1264/881
f 1168/1324/866 1107/1263/869 1169/1325/903 1164/1320/900
f 1107/1263/804 1110/1266/804 1170/1326/868 1169/1325/868
f 1168/1324/866 1167/1323/865 1116/1272/810 1115/1271/809
f 1166/1322/863 1161/1317/857 1171/1327/870 1163/1319/860
f 1161/1317/857 1157/1313/853 1172/1328/871 1171/1327/870
f 1157/1313/853 1154/1310/851 1173/1329/904 1172/1328/871
f 1154/1310/851 1150/1306/848 1146/1302/894 1173/1329/904
f 1163/1319/860 1171/1327/870 1174/1330/873 1167/1323/865
f 1171/1327/870 1172/1328/871 1175/1331/874 1174/1330/873
f 1172/1328/871 1173/1329/904 1176/1332/875 1175/1331/874
f 1173/1329/904 1146/1302/894 1137/1293/834 1176/1332/875
f 1167/1323/865 1174/1330/873 1177/1333/876 1116/1272/810
f 1174/1330/873 1175/1331/874 1178/1334/877 1177/1333/876
f 1175/1331/874 1176/1332/875 1179/1335/878 1178/1334/877
f 1176/1332/875 1137/1293/834 1133/1289/890 1179/1335/878
f 1116/1272/810 1177/1333/876 1111/1267/880 1114/1270/808
f 1177/1333/876 1178/1334/877 1118/1274/813 1111/1267/880
f 1178/1334/877 1179/1335/878 1123/1279/819 1118/1274/813
f 1179/1335/878 1133/1289/890 1127/1283/887 1123/1279/819
f 1180/1336/905 1181/1337/906 1182/1338/907 1183/1339/907
f 1184/1340/908 1185/1341/909 1186/1342/910 1187/1343/911
f 1185/1341/909 1188/1344/912 1189/1345/913 1186/1342/910
f 1186/1342/910 1189/1345/913 1183/1339/914 1190/1346/915
f 1191/1347/916 1184/1340/908 1187/1343/911 1192/1348/917
f 1187/1343/911 1186/1342/910 1190/1346/915 1193/1349/918
f 1193/1349/919 1190/1346/920 1194/1350/920 1195/1351/919
f 1196/1352/921 1191/1347/916 1192/1348/917 1197/1353/922
f 1192/1348/917 1187/1343/911 1193/1349/918 1198/1354/923
f 1198/1354/924 1193/1349/919 1195/1351/919 1199/1355/924
f 1200/1356/925 1196/1352/921 1197/1353/922 1201/1357/926
f 1197/1353/922 1192/1348/917 1198/1354/923 1202/1358/927
f 1202/1358/928 1198/1354/924 1199/1355/924 1203/1359/928
f 1201/1357/926 1197/1353/922 1202/1358/927 1204/1360/929
f 1204/1360/930 1202/1358/928 1203/1359/928 1205/1361/930
f 1206/1362/931 1200/1356/925 1201/1357/926 1207/1363/932
f 1207/1363/932 1201/1357/926 1204/1360/929 1208/1364/933
f 1208/1364/934 1204/1360/930 1205/1361/930 1209/1365/934
f 1210/1366/935 1206/1362/931 1207/1363/932 1211/1367/936
f 1211/1367/936 1207/1363/932 1208/1364/933 1212/1368/937
f 1212/1368/938 1208/1364/934 1209/1365/934 1213/1369/938
f 1214/1370/939 1211/1367/936 1212/1368/937 1215/1371/940
f 1216/1372/941 1214/1370/939 1215/1371/940 1217/1373/942
f 1215/1371/943 1212/1368/938 1213/1369/938 1218/1374/943
f 1219/1375/944 1210/1366/935 1211/1367/936 1214/1370/939
f 1220/1376/945 1216/1372/941 1217/1373/942 1221/1377/946
f 1217/1373/947 1215/1371/943 1218/1374/943 1222/1378/948
f 1223/1379/949 1219/1375/944 1214/1370/939 1216/1372/941
f 1224/1380/950 1221/1377/951 1225/1381/951 1226/1382/952
f 1221/1377/951 1217/1373/947 1222/1378/948 1225/1381/951
f 1227/1383/953 1223/1379/949 1216/1372/941 1220/1376/945
f 1228/1384/954 1224/1380/950 1226/1382/952 1229/1385/954
f 1230/1386/955 1227/1383/953 1220/1376/945 1231/1387/956
f 1231/1387/956 1220/1376/945 1221/1377/946 1224/1380/957
f 1232/1388/958 1228/1384/954 1229/1385/954 1233/1389/958
f 1234/1390/959 1230/1386/955 1231/1387/956 1235/1391/960
f 1235/1391/960 1231/1387/956 1224/1380/957 1228/1384/961
f 1236/1392/962 1237/1393/963 1238/1394/964 1239/1395/965
f 1237/1393/963 1234/1390/959 1235/1391/960 1238/1394/964
f 1238/1394/964 1235/1391/960 1228/1384/961 1232/1388/966
f 1240/1396/967 1236/1392/962 1239/1395/965 1241/1397/968
f 1190/1346/920 1183/1339/907 1182/1338/907 1194/1350/920
f 1239/1395/965 1238/1394/964 1232/1388/966 1242/1398/969
f 1242/1398/970 1232/1388/958 1233/1389/958 1243/1399/970
f 1180/1336/971 1183/1339/914 1189/1345/913 1241/1397/968
f 1241/1397/968 1239/1395/965 1242/1398/969 1180/1336/971
f 1180/1336/905 1242/1398/970 1243/1399/970 1181/1337/906
f 1241/1397/968 1189/1345/913 1188/1344/912 1240/1396/967
f 1237/1393/963 1236/1392/962 1244/1400/972 1234/1390/959
f 1234/1390/959 1244/1400/972 1245/1401/973 1230/1386/955
f 1230/1386/955 1245/1401/973 1246/1402/974 1227/1383/953
f 1227/1383/953 1246/1402/974 1219/1375/944 1223/1379/949
f 1236/1392/962 1240/1396/967 1247/1403/975 1244/1400/972
f 1244/1400/972 1247/1403/975 1248/1404/976 1245/1401/973
f 1245/1401/973 1248/1404/976 1249/1405/977 1246/1402/974
f 1246/1402/974 1249/1405/977 1210/1366/935 1219/1375/944
f 1240/1396/967 1188/1344/912 1250/1406/978 1247/1403/975
f 1247/1403/975 1250/1406/978 1251/1407/979 1248/1404/976
f 1248/1404/976 1251/1407/979 1252/1408/980 1249/1405/977
f 1249/1405/977 1252/1408/980 1206/1362/931 1210/1366/935
f 1188/1344/912 1185/1341/909 1184/1340/908 1250/1406/978
f 1250/1406/978 1184/1340/908 1191/1347/916 1251/1407/979
f 1251/1407/979 1191/1347/916 1196/1352/921 1252/1408/980
f 1252/1408/980 1196/1352/921 1200/1356/925 1206/1362/931
f 1253/1409/981 1254/1410/982 1255/1411/982 1256/1412/981
f 1257/1413/983 1258/1414/984 1259/1415/985 1260/1416/986
f 1260/1416/986 1259/1415/985 1261/1417/987 1262/1418/988
f 1259/1415/985 1263/1419/989 1254/1410/990 1261/1417/987
f 1264/1420/991 1265/1421/992 1258/1414/984 1257/1413/983
f 1258/1414/984 1266/1422/993 1263/1419/989 1259/1415/985
f 1266/1422/994 1267/1423/995 1268/1424/996 1263/1419/996
f 1269/1425/997 1270/1426/998 1265/1421/992 1264/1420/991
f 1265/1421/992 1271/1427/999 1266/1422/993 1258/1414/984
f 1271/1427/1000 1272/1428/1000 1267/1423/995 1266/1422/994
f 1273/1429/1001 1274/1430/1002 1270/1426/998 1269/1425/997
f 1270/1426/998 1275/1431/1003 1271/1427/999 1265/1421/992
f 1275/1431/1004 1276/1432/1004 1272/1428/1000 1271/1427/1000
f 1274/1430/1002 1277/1433/1005 1275/1431/1003 1270/1426/998
f 1277/1433/1006 1278/1434/1007 1276/1432/1004 1275/1431/1004
f 1279/1435/1008 1280/1436/1009 1274/1430/1002 1273/1429/1001
f 1280/1436/1009 1281/1437/1010 1277/1433/1005 1274/1430/1002
f 1281/1437/1011 1282/1438/1011 1278/1434/1007 1277/1433/1006
f 1283/1439/1012 1284/1440/1013 1280/1436/1009 1279/1435/1008
f 1284/1440/1013 1285/1441/1014 1281/1437/1010 1280/1436/1009
f 1285/1441/1015 1286/1442/1016 1282/1438/1011 1281/1437/1011
f 1287/1443/1017 1288/1444/1018 1285/1441/1014 1284/1440/1013
f 1289/1445/1019 1290/1446/1020 1288/1444/1018 1287/1443/1017
f 1288/1444/1021 1291/1447/1021 1286/1442/1016 1285/1441/1015
f 1292/1448/1022 1287/1443/1017 1284/1440/1013 1283/1439/1012
f 1293/1449/1023 1294/1450/1024 1290/1446/1020 1289/1445/1019
f 1290/1446/1025 1295/1451/1025 1291/1447/1021 1288/1444/1021
f 1296/1452/1026 1289/1445/1019 1287/1443/1017 1292/1448/1022
f 1297/1453/1027 1298/1454/1027 1299/1455/1028 1294/1450/1028
f 1294/1450/1028 1299/1455/1028 1295/1451/1025 1290/1446/1025
f 1300/1456/1029 1293/1449/1023 1289/1445/1019 1296/1452/1026
f 1301/1457/1030 1302/1458/1030 1298/1454/1027 1297/1453/1027
f 1303/1459/1031 1304/1460/1032 1293/1449/1023 1300/1456/1029
f 1304/1460/1032 1297/1453/1033 1294/1450/1024 1293/1449/1023
f 1305/1461/1034 1306/1462/1034 1302/1458/1030 1301/1457/1030
f 1307/1463/1035 1308/1464/1036 1304/1460/1032 1303/1459/1031
f 1308/1464/1036 1301/1457/1037 1297/1453/1033 1304/1460/1032
f 1309/1465/1038 1310/1466/1039 1311/1467/1040 1312/1468/1041
f 1312/1468/1041 1311/1467/1040 1308/1464/1036 1307/1463/1035
f 1311/1467/1040 1305/1461/1042 1301/1457/1037 1308/1464/1036
f 1313/1469/1043 1314/1470/1044 1310/1466/1039 1309/1465/1038
f 1263/1419/996 1268/1424/996 1255/1411/982 1254/1410/982
f 1310/1466/1039 1315/1471/1045 1305/1461/1042 1311/1467/1040
f 1315/1471/1046 1316/1472/1046 1306/1462/1034 1305/1461/1034
f 1253/1409/1047 1314/1470/1044 1261/1417/987 1254/1410/990
f 1314/1470/1044 1253/1409/1047 1315/1471/1045 1310/1466/1039
f 1253/1409/981 1256/1412/981 1316/1472/1046 1315/1471/1046
f 1314/1470/1044 1313/1469/1043 1262/1418/988 1261/1417/987
f 1312/1468/1041 1307/1463/1035 1317/1473/1048 1309/1465/1038
f 1307/1463/1035 1303/1459/1031 1318/1474/1049 1317/1473/1048
f 1303/1459/1031 1300/1456/1029 1319/1475/1050 1318/1474/1049
f 1300/1456/1029 1296/1452/1026 1292/1448/1022 1319/1475/1050
f 1309/1465/1038 1317/1473/1048 1320/1476/1051 1313/1469/1043
f 1317/1473/1048 1318/1474/1049 1321/1477/1052 1320/1476/1051
f 1318/1474/1049 1319/1475/1050 1322/1478/1053 1321/1477/1052
f 1319/1475/1050 1292/1448/1022 1283/1439/1012 1322/1478/1053
f 1313/1469/1043 1320/1476/1051 1323/1479/1054 1262/1418/988
f 1320/1476/1051 1321/1477/1052 1324/1480/1055 1323/1479/1054
f 1321/1477/1052 1322/1478/1053 1325/1481/1056 1324/1480/1055
f 1322/1478/1053 1283/1439/1012 1279/1435/1008 1325/1481/1056
f 1262/1418/988 1323/1479/1054 1257/1413/983 1260/1416/986
f 1323/1479/1054 1324/1480/1055 1264/1420/991 1257/1413/983
f 1324/1480/1055 1325/1481/1056 1269/1425/997 1264/1420/991
f 1325/1481/1056 1279/1435/1008 1273/1429/1001 1269/1425/997
f 1326/1482/1057 1327/1483/1058 1328/1484/1058 1329/1485/1057
f 1330/1486/1059 1331/1487/1060 1332/1488/1061 1333/1489/1062
f 1333/1489/1062 1332/1488/1061 1334/1490/1063 1335/1491/1064
f 1332/1488/1061 1336/1492/1065 1327/1483/1066 1334/1490/1063
f 1337/1493/1067 1338/1494/1068 1331/1487/1060 1330/1486/1059
f 1331/1487/1060 1339/1495/1069 1336/1492/1065 1332/1488/1061
f 1339/1495/1070 1340/1496/1070 1341/1497/1071 1336/1492/1071
f 1342/1498/1072 1343/1499/1073 1338/1494/1068 1337/1493/1067
f 1338/1494/1068 1344/1500/1074 1339/1495/1069 1331/1487/1060
f 1344/1500/1075 1345/1501/1075 1340/1496/1070 1339/1495/1070
f 1346/1502/1076 1347/1503/1077 1343/1499/1073 1342/1498/1072
f 1343/1499/1073 1348/1504/1078 1344/1500/1074 1338/1494/1068
f 1348/1504/1079 1349/1505/1079 1345/1501/1075 1344/1500/1075
f 1347/1503/1077 1350/1506/1080 1348/1504/1078 1343/1499/1073
f 1350/1506/1081 1351/1507/1081 1349/1505/1079 1348/1504/1079
f 1352/1508/1082 1353/1509/1083 1347/1503/1077 1346/1502/1076
f 1353/1509/1083 1354/1510/1084 1350/1506/1080 1347/1503/1077
f 1354/1510/1085 1355/1511/1085 1351/1507/1081 1350/1506/1081
f 1356/1512/1086 1357/1513/1087 1353/1509/1083 1352/1508/1082
f 1357/1513/1087 1358/1514/1088 1354/1510/1084 1353/1509/1083
f 1358/1514/1089 1359/1515/1089 1355/1511/1085 1354/1510/1085
f 1360/1516/1090 1361/1517/1091 1358/1514/1088 1357/1513/1087
f 1362/1518/1092 1363/1519/1093 1361/1517/1091 1360/1516/1090
f 1361/1517/1094 1364/1520/1094 1359/1515/1089 1358/1514/1089
f 1365/1521/1095 1360/1516/1090 1357/1513/1087 1356/1512/1086
f 1366/1522/1096 1367/1523/1097 1363/1519/1093 1362/1518/1092
f 1363/1519/1098 1368/1524/1098 1364/1520/1094 1361/1517/1094
f 1369/1525/1099 1362/1518/1092 1360/1516/1090 1365/1521/1095
f 1370/1526/1100 1371/1527/1101 1372/1528/1102 1367/1523/1102
f 1367/1523/1102 1372/1528/1102 1368/1524/1098 1363/1519/1098
f 1373/1529/1103 1366/1522/1096 1362/1518/1092 1369/1525/1099
f 1374/1530/1104 1375/1531/1104 1371/1527/1101 1370/1526/1100
f 1376/1532/1105 1377/1533/1106 1366/1522/1096 1373/1529/1103
f 1377/1533/1106 1370/1526/1107 1367/1523/1097 1366/1522/1096
f 1378/1534/1108 1379/1535/1108 1375/1531/1104 1374/1530/1104
f 1380/1536/1109 1381/1537/1110 1377/1533/1106 1376/1532/1105
f 1381/1537/1110 1374/1530/1111 1370/1526/1107 1377/1533/1106
f 1382/1538/1112 1383/1539/1113 1384/1540/1114 1385/1541/1115
f 1385/1541/1115 1384/1540/1114 1381/1537/1110 1380/1536/1109
f 1384/1540/1114 1378/1534/1116 1374/1530/1111 1381/1537/1110
f 1386/1542/1117 1387/1543/1118 1383/1539/1113 1382/1538/1112
f 1336/1492/1071 1341/1497/1071 1328/1484/1058 1327/1483/1058
f 1383/1539/1113 1388/1544/1119 1378/1534/1116 1384/1540/1114
f 1388/1544/1120 1389/1545/1121 1379/1535/1108 1378/1534/1108
f 1326/1482/1122 1387/1543/1118 1334/1490/1063 1327/1483/1066
f 1387/1543/1118 1326/1482/1122 1388/1544/1119 1383/1539/1113
f 1326/1482/1057 1329/1485/1057 1389/1545/1121 1388/1544/1120
f 1387/1543/1118 1386/1542/1117 1335/1491/1064 1334/1490/1063
f 1385/1541/1115 1380/1536/1109 1390/1546/1123 1382/1538/1112
f 1380/1536/1109 1376/1532/1105 1391/1547/1124 1390/1546/1123
f 1376/1532/1105 1373/1529/1103 1392/1548/1125 1391/1547/1124
f 1373/1529/1103 1369/1525/1099 1365/1521/1095 1392/1548/1125
f 1382/1538/1112 1390/1546/1123 1393/1549/1126 1386/1542/1117
f 1390/1546/1123 1391/1547/1124 1394/1550/1127 1393/1549/1126
f 1391/1547/1124 1392/1548/1125 1395/1551/1128 1394/1550/1127
f 1392/1548/1125 1365/1521/1095 1356/1512/1086 1395/1551/1128
f 1386/1542/1117 1393/1549/1126 1396/1552/1129 1335/1491/1064
f 1393/1549/1126 1394/1550/1127 1397/1553/1130 1396/1552/1129
f 1394/1550/1127 1395/1551/1128 1398/1554/1131 1397/1553/1130
f 1395/1551/1128 1356/1512/1086 1352/1508/1082 1398/1554/1131
f 1335/1491/1064 1396/1552/1129 1330/1486/1059 1333/1489/1062
f 1396/1552/1129 1397/1553/1130 1337/1493/1067 1330/1486/1059
f 1397/1553/1130 1398/1554/1131 1342/1498/1072 1337/1493/1067
f 1398/1554/1131 1352/1508/1082 1346/1502/1076 1342/1498/1072
f 1399/1555/1057 1400/1556/1058 1401/1557/1058 1402/1558/1057
f 1403/1559/1059 1404/1560/1060 1405/1561/1132 1406/1562/1133
f 1406/1562/1133 1405/1561/1132 1407/1563/1134 1408/1564/1064
f 1405/1561/1132 1409/1565/1135 1400/1556/1066 1407/1563/1134
f 1410/1566/1067 1411/1567/1068 1404/1560/1060 1403/1559/1059
f 1404/1560/1060 1412/1568/1069 1409/1565/1135 1405/1561/1132
f 1412/1568/1070 1413/1569/1070 1414/1570/1071 1409/1565/1071
f 1415/1571/1072 1416/1572/1073 1411/1567/1068 1410/1566/1067
f 1411/1567/1068 1417/1573/1074 1412/1568/1069 1404/1560/1060
f 1417/1573/1075 1418/1574/1075 1413/1569/1070 1412/1568/1070
f 1419/1575/1076 1420/1576/1077 1416/1572/1073 1415/1571/1072
f 1416/1572/1073 1421/1577/1136 1417/1573/1074 1411/1567/1068
f 1421/1577/1137 1422/1578/1079 1418/1574/1075 1417/1573/1075
f 1420/1576/1077 1423/1579/1080 1421/1577/1136 1416/1572/1073
f 1423/1579/1138 1424/1580/1138 1422/1578/1079 1421/1577/1137
f 1425/1581/1082 1426/1582/1139 1420/1576/1077 1419/1575/1076
f 1426/1582/1139 1427/1583/1140 1423/1579/1080 1420/1576/1077
f 1427/1583/1085 1428/1584/1085 1424/1580/1138 1423/1579/1138
f 1429/1585/1086 1430/1586/1087 1426/1582/1139 1425/1581/1082
f 1430/1586/1087 1431/1587/1088 1427/1583/1140 1426/1582/1139
f 1431/1587/1089 1432/1588/1089 1428/1584/1085 1427/1583/1085
f 1433/1589/1090 1434/1590/1091 1431/1587/1088 1430/1586/1087
f 1435/1591/1092 1436/1592/1093 1434/1590/1091 1433/1589/1090
f 1434/1590/1094 1437/1593/1094 1432/1588/1089 1431/1587/1089
f 1438/1594/1141 1433/1589/1090 1430/1586/1087 1429/1585/1086
f 1439/1595/1096 1440/1596/1142 1436/1592/1093 1435/1591/1092
f 1436/1592/1098 1441/1597/1098 1437/1593/1094 1434/1590/1094
f 1442/1598/1143 1435/1591/1092 1433/1589/1090 1438/1594/1141
f 1443/1599/1144 1444/1600/1100 1445/1601/1145 1440/1596/1145
f 1440/1596/1145 1445/1601/1145 1441/1597/1098 1436/1592/1098
f 1446/1602/1103 1439/1595/1096 1435/1591/1092 1442/1598/1143
f 1447/1603/1104 1448/1604/1104 1444/1600/1100 1443/1599/1144
f 1449/1605/1105 1450/1606/1106 1439/1595/1096 1446/1602/1103
f 1450/1606/1106 1443/1599/1146 1440/1596/1142 1439/1595/1096
f 1451/1607/1147 1452/1608/1147 1448/1604/1104 1447/1603/1104
f 1453/1609/1109 1454/1610/1110 1450/1606/1106 1449/1605/1105
f 1454/1610/1110 1447/1603/1111 1443/1599/1146 1450/1606/1106
f 1455/1611/1148 1456/1612/1113 1457/1613/1114 1458/1614/1115
f 1458/1614/1115 1457/1613/1114 1454/1610/1110 1453/1609/1109
f 1457/1613/1114 1451/1607/1116 1447/1603/1111 1454/1610/1110
f 1459/1615/1117 1460/1616/1118 1456/1612/1113 1455/1611/1148
f 1409/1565/1071 1414/1570/1071 1401/1557/1058 1400/1556/1058
f 1456/1612/1113 1461/1617/1149 1451/1607/1116 1457/1613/1114
f 1461/1617/1121 1462/1618/1120 1452/1608/1147 1451/1607/1147
f 1399/1555/1122 1460/1616/1118 1407/1563/1134 1400/1556/1066
f 1460/1616/1118 1399/1555/1122 1461/1617/1149 1456/1612/1113
f 1399/1555/1057 1402/1558/1057 1462/1618/1120 1461/1617/1121
f 1460/1616/1118 1459/1615/1117 1408/1564/1064 1407/1563/1134
f 1458/1614/1115 1453/1609/1109 1463/1619/1123 1455/1611/1148
f 1453/1609/1109 1449/1605/1105 1464/1620/1124 1463/1619/1123
f 1449/1605/1105 1446/1602/1103 1465/1621/1125 1464/1620/1124
f 1446/1602/1103 1442/1598/1143 1438/1594/1141 1465/1621/1125
f 1455/1611/1148 1463/1619/1123 1466/1622/1150 1459/1615/1117
f 1463/1619/1123 1464/1620/1124 1467/1623/1127 1466/1622/1150
f 1464/1620/1124 1465/1621/1125 1468/1624/1128 1467/1623/1127
f 1465/1621/1125 1438/1594/1141 1429/1585/1086 1468/1624/1128
f 1459/1615/1117 1466/1622/1150 1469/1625/1129 1408/1564/1064
f 1466/1622/1150 1467/1623/1127 1470/1626/1130 1469/1625/1129
f 1467/1623/1127 1468/1624/1128 1471/1627/1131 1470/1626/1130
f 1468/1624/1128 1429/1585/1086 1425/1581/1082 1471/1627/1131
f 1408/1564/1064 1469/1625/1129 1403/1559/1059 1406/1562/1133
f 1469/1625/1129 1470/1626/1130 1410/1566/1067 1403/1559/1059
f 1470/1626/1130 1471/1627/1131 1415/1571/1072 1410/1566/1067
f 1471/1627/1131 1425/1581/1082 1419/1575/1076 1415/1571/1072
f 1472/1628/1151 1473/1629/1151 1474/1630/1152 1475/1631/1152
f 1476/1632/1153 1477/1633/1154 1478/1634/1155 1479/1635/1156
f 1477/1633/1154 1480/1636/1157 1481/1637/1158 1478/1634/1155
f 1478/1634/1155 1481/1637/1158 1475/1631/1159 1482/1638/1160
f 1483/1639/1161 1476/1632/1153 1479/1635/1156 1484/1640/1162
f 1479/1635/1156 1478/1634/1155 1482/1638/1160 1485/1641/1163
f 1485/1641/1164 1482/1638/1165 1486/1642/1165 1487/1643/1166
f 1488/1644/1167 1483/1639/1161 1484/1640/1162 1489/1645/1168
f 1484/1640/1162 1479/1635/1156 1485/1641/1163 1490/1646/1169
f 1490/1646/1170 1485/1641/1164 1487/1643/1166 1491/1647/1170
f 1492/1648/1171 1488/1644/1167 1489/1645/1168 1493/1649/1172
f 1489/1645/1168 1484/1640/1162 1490/1646/1169 1494/1650/1173
f 1494/1650/1174 1490/1646/1170 1491/1647/1170 1495/1651/1175
f 1493/1649/1172 1489/1645/1168 1494/1650/1173 1496/1652/1176
f 1496/1652/1177 1494/1650/1174 1495/1651/1175 1497/1653/1177
f 1498/1654/1178 1492/1648/1171 1493/1649/1172 1499/1655/1179
f 1499/1655/1179 1493/1649/1172 1496/1652/1176 1500/1656/1180
f 1500/1656/1181 1496/1652/1177 1497/1653/1177 1501/1657/1181
f 1502/1658/1182 1498/1654/1178 1499/1655/1179 1503/1659/1183
f 1503/1659/1183 1499/1655/1179 1500/1656/1180 1504/1660/1184
f 1504/1660/1185 1500/1656/1181 1501/1657/1181 1505/1661/1186
f 1506/1662/1187 1503/1659/1183 1504/1660/1184 1507/1663/1188
f 1508/1664/1189 1506/1662/1187 1507/1663/1188 1509/1665/1190
f 1507/1663/1191 1504/1660/1185 1505/1661/1186 1510/1666/1191
f 1511/1667/1192 1502/1658/1182 1503/1659/1183 1506/1662/1187
f 1512/1668/1193 1508/1664/1189 1509/1665/1190 1513/1669/1194
f 1509/1665/1195 1507/1663/1191 1510/1666/1191 1514/1670/1195
f 1515/1671/1196 1511/1667/1192 1506/1662/1187 1508/1664/1189
f 1516/1672/1197 1513/1669/1198 1517/1673/1198 1518/1674/1197
f 1513/1669/1198 1509/1665/1195 1514/1670/1195 1517/1673/1198
f 1519/1675/1199 1515/1671/1196 1508/1664/1189 1512/1668/1193
f 1520/1676/1200 1516/1672/1197 1518/1674/1197 1521/1677/1200
f 1522/1678/1201 1519/1675/1199 1512/1668/1193 1523/1679/1202
f 1523/1679/1202 1512/1668/1193 1513/1669/1194 1516/1672/1203
f 1524/1680/1204 1520/1676/1200 1521/1677/1200 1525/1681/1204
f 1526/1682/1205 1522/1678/1201 1523/1679/1202 1527/1683/1206
f 1527/1683/1206 1523/1679/1202 1516/1672/1203 1520/1676/1207
f 1528/1684/1208 1529/1685/1209 1530/1686/1210 1531/1687/1211
f 1529/1685/1209 1526/1682/1205 1527/1683/1206 1530/1686/1210
f 1530/1686/1210 1527/1683/1206 1520/1676/1207 1524/1680/1212
f 1532/1688/1213 1528/1684/1208 1531/1687/1211 1533/1689/1214
f 1482/1638/1165 1475/1631/1152 1474/1630/1152 1486/1642/1165
f 1531/1687/1211 1530/1686/1210 1524/1680/1212 1534/1690/1215
f 1534/1690/1216 1524/1680/1204 1525/1681/1204 1535/1691/1216
f 1472/1628/1217 1475/1631/1159 1481/1637/1158 1533/1689/1214
f 1533/1689/1214 1531/1687/1211 1534/1690/1215 1472/1628/1217
f 1472/1628/1151 1534/1690/1216 1535/1691/1216 1473/1629/1151
f 1533/1689/1214 1481/1637/1158 1480/1636/1157 1532/1688/1213
f 1529/1685/1209 1528/1684/1208 1536/1692/1218 1526/1682/1205
f 1526/1682/1205 1536/1692/1218 1537/1693/1219 1522/1678/1201
f 1522/1678/1201 1537/1693/1219 1538/1694/1220 1519/1675/1199
f 1519/1675/1199 1538/1694/1220 1511/1667/1192 1515/1671/1196
f 1528/1684/1208 1532/1688/1213 1539/1695/1221 1536/1692/1218
f 1536/1692/1218 1539/1695/1221 1540/1696/1222 1537/1693/1219
f 1537/1693/1219 1540/1696/1222 1541/1697/1223 1538/1694/1220
f 1538/1694/1220 1541/1697/1223 1502/1658/1182 1511/1667/1192
f 1532/1688/1213 1480/1636/1157 1542/1698/1224 1539/1695/1221
f 1539/1695/1221 1542/1698/1224 1543/1699/1225 1540/1696/1222
f 1540/1696/1222 1543/1699/1225 1544/1700/1226 1541/1697/1223
f 1541/1697/1223 1544/1700/1226 1498/1654/1178 1502/1658/1182
f 1480/1636/1157 1477/1633/1154 1476/1632/1153 1542/1698/1224
f 1542/1698/1224 1476/1632/1153 1483/1639/1161 1543/1699/1225
f 1543/1699/1225 1483/1639/1161 1488/1644/1167 1544/1700/1226
f 1544/1700/1226 1488/1644/1167 1492/1648/1171 1498/1654/1178
f 1545/1701/1227 1546/1702/1228 1547/1703/1228 1548/1704/1227
f 1549/1705/1229 1550/1706/1230 1551/1707/1231 1552/1708/1232
f 1552/1708/1232 1551/1707/1231 1553/1709/1233 1554/1710/1234
f 1551/1707/1231 1555/1711/1235 1546/1702/1236 1553/1709/1233
f 1556/1712/1237 1557/1713/1238 1550/1706/1230 1549/1705/1229
f 1550/1706/1230 1558/1714/1239 1555/1711/1235 1551/1707/1231
f 1558/1714/1240 1559/1715/1240 1560/1716/1241 1555/1711/1242
f 1561/1717/1243 1562/1718/1244 1557/1713/1238 1556/1712/1237
f 1557/1713/1238 1563/1719/1245 1558/1714/1239 1550/1706/1230
f 1563/1719/1246 1564/1720/1246 1559/1715/1240 1558/1714/1240
f 1565/1721/1247 1566/1722/1248 1562/1718/1244 1561/1717/1243
f 1562/1718/1244 1567/1723/1249 1563/1719/1245 1557/1713/1238
f 1567/1723/1250 1568/1724/1250 1564/1720/1246 1563/1719/1246
f 1566/1722/1248 1569/1725/1251 1567/1723/1249 1562/1718/1244
f 1569/1725/1252 1570/1726/1252 1568/1724/1250 1567/1723/1250
f 1571/1727/1253 1572/1728/1254 1566/1722/1248 1565/1721/1247
f 1572/1728/1254 1573/1729/1255 1569/1725/1251 1566/1722/1248
f 1573/1729/1256 1574/1730/1256 1570/1726/1252 1569/1725/1252
f 1575/1731/1257 1576/1732/1258 1572/1728/1254 1571/1727/1253
f 1576/1732/1258 1577/1733/1259 1573/1729/1255 1572/1728/1254
f 1577/1733/1260 1578/1734/1260 1574/1730/1256 1573/1729/1256
f 1579/1735/1261 1580/1736/1262 1577/1733/1259 1576/1732/1258
f 1581/1737/1263 1582/1738/1264 1580/1736/1262 1579/1735/1261
f 1580/1736/1265 1583/1739/1265 1578/1734/1260 1577/1733/1260
f 1584/1740/1266 1579/1735/1261 1576/1732/1258 1575/1731/1257
f 1585/1741/1267 1586/1742/1268 1582/1738/1264 1581/1737/1263
f 1582/1738/1269 1587/1743/1269 1583/1739/1265 1580/1736/1265
f 1588/1744/1270 1581/1737/1263 1579/1735/1261 1584/1740/1266
f 1589/1745/1271 1590/1746/1271 1591/1747/1272 1586/1742/1273
f 1586/1742/1273 1591/1747/1272 1587/1743/1269 1582/1738/1269
f 1592/1748/1274 1585/1741/1267 1581/1737/1263 1588/1744/1270
f 1593/1749/1275 1594/1750/1275 1590/1746/1271 1589/1745/1271
f 1595/1751/1276 1596/1752/1277 1585/1741/1267 1592/1748/1274
f 1596/1752/1277 1589/1745/1278 1586/1742/1268 1585/1741/1267
f 1597/1753/1279 1598/1754/1279 1594/1750/1275 1593/1749/1275
f 1599/1755/1280 1600/1756/1281 1596/1752/1277 1595/1751/1276
f 1600/1756/1281 1593/1749/1282 1589/1745/1278 1596/1752/1277
f 1601/1757/1283 1602/1758/1284 1603/1759/1285 1604/1760/1286
f 1604/1760/1286 1603/1759/1285 1600/1756/1281 1599/1755/1280
f 1603/1759/1285 1597/1753/1287 1593/1749/1282 1600/1756/1281
f 1605/1761/1288 1606/1762/1289 1602/1758/1284 1601/1757/1283
f 1555/1711/1242 1560/1716/1241 1547/1703/1228 1546/1702/1228
f 1602/1758/1284 1607/1763/1290 1597/1753/1287 1603/1759/1285
f 1607/1763/1291 1608/1764/1291 1598/1754/1279 1597/1753/1279
f 1545/1701/1292 1606/1762/1289 1553/1709/1233 1546/1702/1236
f 1606/1762/1289 1545/1701/1292 1607/1763/1290 1602/1758/1284
f 1545/1701/1227 1548/1704/1227 1608/1764/1291 1607/1763/1291
f 1606/1762/1289 1605/1761/1288 1554/1710/1234 1553/1709/1233
f 1604/1760/1286 1599/1755/1280 1609/1765/1293 1601/1757/1283
f 1599/1755/1280 1595/1751/1276 1610/1766/1294 1609/1765/1293
f 1595/1751/1276 1592/1748/1274 1611/1767/1295 1610/1766/1294
f 1592/1748/1274 1588/1744/1270 1584/1740/1266 1611/1767/1295
f 1601/1757/1283 1609/1765/1293 1612/1768/1296 1605/1761/1288
f 1609/1765/1293 1610/1766/1294 1613/1769/1297 1612/1768/1296
f 1610/1766/1294 1611/1767/1295 1614/1770/1298 1613/1769/1297
f 1611/1767/1295 1584/1740/1266 1575/1731/1257 1614/1770/1298
f 1605/1761/1288 1612/1768/1296 1615/1771/1299 1554/1710/1234
f 1612/1768/1296 1613/1769/1297 1616/1772/1300 1615/1771/1299
f 1613/1769/1297 1614/1770/1298 1617/1773/1301 1616/1772/1300
f 1614/1770/1298 1575/1731/1257 1571/1727/1253 1617/1773/1301
f 1554/1710/1234 1615/1771/1299 1549/1705/1229 1552/1708/1232
f 1615/1771/1299 1616/1772/1300 1556/1712/1237 1549/1705/1229
f 1616/1772/1300 1617/1773/1301 1561/1717/1243 1556/1712/1237
f 1617/1773/1301 1571/1727/1253 1565/1721/1247 1561/1717/1243
f 1618/1774/1302 1619/1775/1303 1620/1776/1303 1621/1777/1304
f 1622/1778/1305 1623/1779/1306 1624/1780/1307 1625/1781/1308
f 1625/1781/1308 1624/1780/1307 1626/1782/1309 1627/1783/1310
f 1624/1780/1307 1628/1784/1311 1619/1775/1312 1626/1782/1309
f 1629/1785/1313 1630/1786/1314 1623/1779/1306 1622/1778/1305
f 1623/1779/1306 1631/1787/1315 1628/1784/1311 1624/1780/1307
f 1631/1787/1316 1632/1788/1316 1633/1789/1317 1628/1784/1317
f 1634/1790/1318 1635/1791/1319 1630/1786/1314 1629/1785/1313
f 1630/1786/1314 1636/1792/1320 1631/1787/1315 1623/1779/1306
f 1636/1792/1321 1637/1793/1321 1632/1788/1316 1631/1787/1316
f 1638/1794/1322 1639/1795/1323 1635/1791/1319 1634/1790/1318
f 1635/1791/1319 1640/1796/1324 1636/1792/1320 1630/1786/1314
f 1640/1796/1325 1641/1797/1325 1637/1793/1321 1636/1792/1321
f 1639/1795/1323 1642/1798/1326 1640/1796/1324 1635/1791/1319
f 1642/1798/1327 1643/1799/1327 1641/1797/1325 1640/1796/1325
f 1644/1800/1328 1645/1801/1329 1639/1795/1323 1638/1794/1322
f 1645/1801/1329 1646/1802/1330 1642/1798/1326 1639/1795/1323
f 1646/1802/1331 1647/1803/1331 1643/1799/1327 1642/1798/1327
f 1648/1804/1332 1649/1805/1333 1645/1801/1329 1644/1800/1328
f 1649/1805/1333 1650/1806/1334 1646/1802/1330 1645/1801/1329
f 1650/1806/1335 1651/1807/1335 1647/1803/1331 1646/1802/1331
f 1652/1808/1336 1653/1809/1337 1650/1806/1334 1649/1805/1333
f 1654/1810/1338 1655/1811/1339 1653/1809/1337 1652/1808/1336
f 1653/1809/1340 1656/1812/1340 1651/1807/1335 1650/1806/1335
f 1657/1813/1341 1652/1808/1336 1649/1805/1333 1648/1804/1332
f 1658/1814/1342 1659/1815/1343 1655/1811/1339 1654/1810/1338
f 1655/1811/1344 1660/1816/1344 1656/1812/1340 1653/1809/1340
f 1661/1817/1345 1654/1810/1338 1652/1808/1336 1657/1813/1341
f 1662/1818/1346 1663/1819/1347 1664/1820/1348 1659/1815/1348
f 1659/1815/1348 1664/1820/1348 1660/1816/1344 1655/1811/1344
f 1665/1821/1349 1658/1814/1342 1654/1810/1338 1661/1817/1345
f 1666/1822/1350 1667/1823/1350 1663/1819/1347 1662/1818/1346
f 1668/1824/1351 1669/1825/1352 1658/1814/1342 1665/1821/1349
f 1669/1825/1352 1662/1818/1353 1659/1815/1343 1658/1814/1342
f 1670/1826/1354 1671/1827/1354 1667/1823/1350 1666/1822/1350
f 1672/1828/1355 1673/1829/1356 1669/1825/1352 1668/1824/1351
f 1673/1829/1356 1666/1822/1357 1662/1818/1353 1669/1825/1352
f 1674/1830/1358 1675/1831/1359 1676/1832/1360 1677/1833/1361
f 1677/1833/1361 1676/1832/1360 1673/1829/1356 1672/1828/1355
f 1676/1832/1360 1670/1826/1362 1666/1822/1357 1673/1829/1356
f 1678/1834/1363 1679/1835/1364 1675/1831/1359 1674/1830/1358
f 1628/1784/1317 1633/1789/1317 1620/1776/1303 1619/1775/1303
f 1675/1831/1359 1680/1836/1365 1670/1826/1362 1676/1832/1360
f 1680/1836/1366 1681/1837/1366 1671/1827/1354 1670/1826/1354
f 1618/1774/1367 1679/1835/1364 1626/1782/1309 1619/1775/1312
f 1679/1835/1364 1618/1774/1367 1680/1836/1365 1675/1831/1359
f 1618/1774/1302 1621/1777/1304 1681/1837/1366 1680/1836/1366
f 1679/1835/1364 1678/1834/1363 1627/1783/1310 1626/1782/1309
f 1677/1833/1361 1672/1828/1355 1682/1838/1368 1674/1830/1358
f 1672/1828/1355 1668/1824/1351 1683/1839/1369 1682/1838/1368
f 1668/1824/1351 1665/1821/1349 1684/1840/1370 1683/1839/1369
f 1665/1821/1349 1661/1817/1345 1657/1813/1341 1684/1840/1370
f 1674/1830/1358 1682/1838/1368 1685/1841/1371 1678/1834/1363
f 1682/1838/1368 1683/1839/1369 1686/1842/1372 1685/1841/1371
f 1683/1839/1369 1684/1840/1370 1687/1843/1373 1686/1842/1372
f 1684/1840/1370 1657/1813/1341 1648/1804/1332 1687/1843/1373
f 1678/1834/1363 1685/1841/1371 1688/1844/1374 1627/1783/1310
f 1685/1841/1371 1686/1842/1372 1689/1845/1375 1688/1844/1374
f 1686/1842/1372 1687/1843/1373 1690/1846/1376 1689/1845/1375
f 1687/1843/1373 1648/1804/1332 1644/1800/1328 1690/1846/1376
f 1627/1783/1310 1688/1844/1374 1622/1778/1305 1625/1781/1308
f 1688/1844/1374 1689/1845/1375 1629/1785/1313 1622/1778/1305
f 1689/1845/1375 1690/1846/1376 1634/1790/1318 1629/1785/1313
f 1690/1846/1376 1644/1800/1328 1638/1794/1322 1634/1790/1318
f 1691/1847/1377 1692/1848/1303 1693/1849/1303 1694/1850/1378
f 1695/1851/1379 1696/1852/1306 1697/1853/1307 1698/1854/1308
f 1698/1854/1308 1697/1853/1307 1699/1855/1309 1700/1856/1380
f 1697/1853/1307 1701/1857/1311 1692/1848/1312 1699/1855/1309
f 1702/1858/1313 1703/1859/1314 1696/1852/1306 1695/1851/1379
f 1696/1852/1306 1704/1860/1315 1701/1857/1311 1697/1853/1307
f 1704/1860/1381 1705/1861/1381 1706/1862/1382 1701/1857/1383
f 1707/1863/1384 1708/1864/1319 1703/1859/1314 1702/1858/1313
f 1703/1859/1314 1709/1865/1385 1704/1860/1315 1696/1852/1306
f 1709/1865/1321 1710/1866/1321 1705/1861/1381 1704/1860/1381
f 1711/1867/1386 1712/1868/1323 1708/1864/1319 1707/1863/1384
f 1708/1864/1319 1713/1869/1324 1709/1865/1385 1703/1859/1314
f 1713/1869/1325 1714/1870/1325 1710/1866/1321 1709/1865/1321
f 1712/1868/1323 1715/1871/1326 1713/1869/1324 1708/1864/1319
f 1715/1871/1327 1716/1872/1327 1714/1870/1325 1713/1869/1325
f 1717/1873/1387 1718/1874/1329 1712/1868/1323 1711/1867/1386
f 1718/1874/1329 1719/1875/1388 1715/1871/1326 1712/1868/1323
f 1719/1875/1331 1720/1876/1331 1716/1872/1327 1715/1871/1327
f 1721/1877/1389 1722/1878/1390 1718/1874/1329 1717/1873/1387
f 1722/1878/1390 1723/1879/1391 1719/1875/1388 1718/1874/1329
f 1723/1879/1335 1724/1880/1335 1720/1876/1331 1719/1875/1331
f 1725/1881/1336 1726/1882/1337 1723/1879/1391 1722/1878/1390
f 1727/1883/1338 1728/1884/1339 1726/1882/1337 1725/1881/1336
f 1726/1882/1340 1729/1885/1340 1724/1880/1335 1723/1879/1335
f 1730/1886/1341 1725/1881/1336 1722/1878/1390 1721/1877/1389
f 1731/1887/1342 1732/1888/1392 1728/1884/1339 1727/1883/1338
f 1728/1884/1344 1733/1889/1344 1729/1885/1340 1726/1882/1340
f 1734/1890/1393 1727/1883/1338 1725/1881/1336 1730/1886/1341
f 1735/1891/1347 1736/1892/1347 1737/1893/1394 1732/1888/1394
f 1732/1888/1394 1737/1893/1394 1733/1889/1344 1728/1884/1344
f 1738/1894/1349 1731/1887/1342 1727/1883/1338 1734/1890/1393
f 1739/1895/1350 1740/1896/1350 1736/1892/1347 1735/1891/1347
f 1741/1897/1351 1742/1898/1395 1731/1887/1342 1738/1894/1349
f 1742/1898/1395 1735/1891/1353 1732/1888/1392 1731/1887/1342
f 1743/1899/1396 1744/1900/1397 1740/1896/1350 1739/1895/1350
f 1745/1901/1355 1746/1902/1356 1742/1898/1395 1741/1897/1351
f 1746/1902/1356 1739/1895/1398 1735/1891/1353 1742/1898/1395
f 1747/1903/1399 1748/1904/1400 1749/1905/1360 1750/1906/1401
f 1750/1906/1401 1749/1905/1360 1746/1902/1356 1745/1901/1355
f 1749/1905/1360 1743/1899/1402 1739/1895/1398 1746/1902/1356
f 1751/1907/1403 1752/1908/1364 1748/1904/1400 1747/1903/1399
f 1701/1857/1383 1706/1862/1382 1693/1849/1303 1692/1848/1303
f 1748/1904/1400 1753/1909/1404 1743/1899/1402 1749/1905/1360
f 1753/1909/1405 1754/1910/1405 1744/1900/1397 1743/1899/1396
f 1691/1847/1367 1752/1908/1364 1699/1855/1309 1692/1848/1312
f 1752/1908/1364 1691/1847/1367 1753/1909/1404 1748/1904/1400
f 1691/1847/1377 1694/1850/1378 1754/1910/1405 1753/1909/1405
f 1752/1908/1364 1751/1907/1403 1700/1856/1380 1699/1855/1309
f 1750/1906/1401 1745/1901/1355 1755/1911/1406 1747/1903/1399
f 1745/1901/1355 1741/1897/1351 1756/1912/1369 1755/1911/1406
f 1741/1897/1351 1738/1894/1349 1757/1913/1370 1756/1912/1369
f 1738/1894/1349 1734/1890/1393 1730/1886/1341 1757/1913/1370
f 1747/1903/1399 1755/1911/1406 1758/1914/1371 1751/1907/1403
f 1755/1911/1406 1756/1912/1369 1759/1915/1407 1758/1914/1371
f 1756/1912/1369 1757/1913/1370 1760/1916/1408 1759/1915/1407
f 1757/1913/1370 1730/1886/1341 1721/1877/1389 1760/1916/1408
f 1751/1907/1403 1758/1914/1371 1761/1917/1409 1700/1856/1380
f 1758/1914/1371 1759/1915/1407 1762/1918/1410 1761/1917/1409
f 1759/1915/1407 1760/1916/1408 1763/1919/1376 1762/1918/1410
f 1760/1916/1408 1721/1877/1389 1717/1873/1387 1763/1919/1376
f 1700/1856/1380 1761/1917/1409 1695/1851/1379 1698/1854/1308
f 1761/1917/1409 1762/1918/1410 1702/1858/1313 1695/1851/1379
f 1762/1918/1410 1763/1919/1376 1707/1863/1384 1702/1858/1313
f 1763/1919/1376 1717/1873/1387 1711/1867/1386 1707/1863/1384
f 1764/1920/1411 1765/1921/1411 1766/1922/1412 1767/1923/1412
f 1768/1924/1413 1769/1925/1414 1770/1926/1415 1771/1927/1416
f 1769/1925/1414 1772/1928/1417 1773/1929/1418 1770/1926/1415
f 1770/1926/1415 1773/1929/1418 1767/1923/1419 1774/1930/1420
f 1775/1931/1421 1768/1924/1413 1771/1927/1416 1776/1932/1422
f 1771/1927/1416 1770/1926/1415 1774/1930/1420 1777/1933/1423
f 1777/1933/1424 1774/1930/1425 1778/1934/1425 1779/1935/1424
f 1780/1936/1426 1775/1931/1421 1776/1932/1422 1781/1937/1427
f 1776/1932/1422 1771/1927/1416 1777/1933/1423 1782/1938/1428
f 1782/1938/1429 1777/1933/1424 1779/1935/1424 1783/1939/1429
f 1784/1940/1430 1780/1936/1426 1781/1937/1427 1785/1941/1431
f 1781/1937/1427 1776/1932/1422 1782/1938/1428 1786/1942/1432
f 1786/1942/1433 1782/1938/1429 1783/1939/1429 1787/1943/1433
f 1785/1941/1431 1781/1937/1427 1786/1942/1432 1788/1944/1434
f 1788/1944/1435 1786/1942/1433 1787/1943/1433 1789/1945/1435
f 1790/1946/1436 1784/1940/1430 1785/1941/1431 1791/1947/1437
f 1791/1947/1437 1785/1941/1431 1788/1944/1434 1792/1948/1438
f 1792/1948/1439 1788/1944/1435 1789/1945/1435 1793/1949/1440
f 1794/1950/1441 1790/1946/1436 1791/1947/1437 1795/1951/1442
f 1795/1951/1442 1791/1947/1437 1792/1948/1438 1796/1952/1443
f 1796/1952/1444 1792/1948/1439 1793/1949/1440 1797/1953/1444
f 1798/1954/1445 1795/1951/1442 1796/1952/1443 1799/1955/1446
f 1800/1956/1447 1798/1954/1445 1799/1955/1446 1801/1957/1448
f 1799/1955/1449 1796/1952/1444 1797/1953/1444 1802/1958/1450
f 1803/1959/1451 1794/1950/1441 1795/1951/1442 1798/1954/1445
f 1804/1960/1452 1800/1956/1447 1801/1957/1448 1805/1961/1453
f 1801/1957/1454 1799/1955/1449 1802/1958/1450 1806/1962/1455
f 1807/1963/1456 1803/1959/1451 1798/1954/1445 1800/1956/1447
f 1808/1964/1457 1805/1961/1458 1809/1965/1459 1810/1966/1460
f 1805/1961/1458 1801/1957/1454 1806/1962/1455 1809/1965/1459
f 1811/1967/1461 1807/1963/1456 1800/1956/1447 1804/1960/1452
f 1812/1968/1462 1808/1964/1457 1810/1966/1460 1813/1969/1462
f 1814/1970/1463 1811/1967/1461 1804/1960/1452 1815/1971/1464
f 1815/1971/1464 1804/1960/1452 1805/1961/1453 1808/1964/1465
f 1816/1972/1466 1812/1968/1462 1813/1969/1462 1817/1973/1467
f 1818/1974/1468 1814/1970/1463 1815/1971/1464 1819/1975/1469
f 1819/1975/1469 1815/1971/1464 1808/1964/1465 1812/1968/1470
f 1820/1976/1471 1821/1977/1472 1822/1978/1473 1823/1979/1474
f 1821/1977/1472 1818/1974/1468 1819/1975/1469 1822/1978/1473
f 1822/1978/1473 1819/1975/1469 1812/1968/1470 1816/1972/1475
f 1824/1980/1476 1820/1976/1471 1823/1979/1474 1825/1981/1477
f 1774/1930/1425 1767/1923/1412 1766/1922/1412 1778/1934/1425
f 1823/1979/1474 1822/1978/1473 1816/1972/1475 1826/1982/1478
f 1826/1982/1479 1816/1972/1466 1817/1973/1467 1827/1983/1479
f 1764/1920/1480 1767/1923/1419 1773/1929/1418 1825/1981/1477
f 1825/1981/1477 1823/1979/1474 1826/1982/1478 1764/1920/1480
f 1764/1920/1411 1826/1982/1479 1827/1983/1479 1765/1921/1411
f 1825/1981/1477 1773/1929/1418 1772/1928/1417 1824/1980/1476
f 1821/1977/1472 1820/1976/1471 1828/1984/1481 1818/1974/1468
f 1818/1974/1468 1828/1984/1481 1829/1985/1482 1814/1970/1463
f 1814/1970/1463 1829/1985/1482 1830/1986/1483 1811/1967/1461
f 1811/1967/1461 1830/1986/1483 1803/1959/1451 1807/1963/1456
f 1820/1976/1471 1824/1980/1476 1831/1987/1484 1828/1984/1481
f 1828/1984/1481 1831/1987/1484 1832/1988/1485 1829/1985/1482
f 1829/1985/1482 1832/1988/1485 1833/1989/1486 1830/1986/1483
f 1830/1986/1483 1833/1989/1486 1794/1950/1441 1803/1959/1451
f 1824/1980/1476 1772/1928/1417 1834/1990/1487 1831/1987/1484
f 1831/1987/1484 1834/1990/1487 1835/1991/1488 1832/1988/1485
f 1832/1988/1485 1835/1991/1488 1836/1992/1489 1833/1989/1486
f 1833/1989/1486 1836/1992/1489 1790/1946/1436 1794/1950/1441
f 1772/1928/1417 1769/1925/1414 1768/1924/1413 1834/1990/1487
f 1834/1990/1487 1768/1924/1413 1775/1931/1421 1835/1991/1488
f 1835/1991/1488 1775/1931/1421 1780/1936/1426 1836/1992/1489
f 1836/1992/1489 1780/1936/1426 1784/1940/1430 1790/1946/1436
f 1837/1993/1490 1838/1994/1491 1839/1995/1492 1840/1996/1490
f 1841/1997/1493 1842/1998/1494 1843/1999/1495 1844/2000/1496
f 1844/2000/1496 1843/1999/1495 1845/2001/1497 1846/2002/1498
f 1843/1999/1495 1847/2003/1499 1838/1994/1500 1845/2001/1497
f 1848/2004/1501 1849/2005/1502 1842/1998/1494 1841/1997/1493
f 1842/1998/1494 1850/2006/1503 1847/2003/1499 1843/1999/1495
f 1850/2006/1504 1851/2007/1504 1852/2008/1505 1847/2003/1505
f 1853/2009/1506 1854/2010/1507 1849/2005/1502 1848/2004/1501
f 1849/2005/1502 1855/2011/1508 1850/2006/1503 1842/1998/1494
f 1855/2011/1509 1856/2012/1509 1851/2007/1504 1850/2006/1504
f 1857/2013/1510 1858/2014/1511 1854/2010/1507 1853/2009/1506
f 1854/2010/1507 1859/2015/1512 1855/2011/1508 1849/2005/1502
f 1859/2015/1513 1860/2016/1514 1856/2012/1509 1855/2011/1509
f 1858/2014/1511 1861/2017/1515 1859/2015/1512 1854/2010/1507
f 1861/2017/1516 1862/2018/1517 1860/2016/1514 1859/2015/1513
f 1863/2019/1518 1864/2020/1519 1858/2014/1511 1857/2013/1510
f 1864/2020/1519 1865/2021/1520 1861/2017/1515 1858/2014/1511
f 1865/2021/1521 1866/2022/1521 1862/2018/1517 1861/2017/1516
f 1867/2023/1522 1868/2024/1523 1864/2020/1519 1863/2019/1518
f 1868/2024/1523 1869/2025/1524 1865/2021/1520 1864/2020/1519
f 1869/2025/1525 1870/2026/1525 1866/2022/1521 1865/2021/1521
f 1871/2027/1526 1872/2028/1527 1869/2025/1524 1868/2024/1523
f 1873/2029/1528 1874/2030/1529 1872/2028/1527 1871/2027/1526
f 1872/2028/1530 1875/2031/1530 1870/2026/1525 1869/2025/1525
f 1876/2032/1531 1871/2027/1526 1868/2024/1523 1867/2023/1522
f 1877/2033/1532 1878/2034/1533 1874/2030/1529 1873/2029/1528
f 1874/2030/1534 1879/2035/1534 1875/2031/1530 1872/2028/1530
f 1880/2036/1535 1873/2029/1528 1871/2027/1526 1876/2032/1531
f 1881/2037/1536 1882/2038/1536 1883/2039/1537 1878/2034/1537
f 1878/2034/1537 1883/2039/1537 1879/2035/1534 1874/2030/1534
f 1884/2040/1538 1877/2033/1532 1873/2029/1528 1880/2036/1535
f 1885/2041/1539 1886/2042/1539 1882/2038/1536 1881/2037/1536
f 1887/2043/1540 1888/2044/1541 1877/2033/1532 1884/2040/1538
f 1888/2044/1541 1881/2037/1542 1878/2034/1533 1877/2033/1532
f 1889/2045/1543 1890/2046/1543 1886/2042/1539 1885/2041/1539
f 1891/2047/1544 1892/2048/1545 1888/2044/1541 1887/2043/1540
f 1892/2048/1545 1885/2041/1546 1881/2037/1542 1888/2044/1541
f 1893/2049/1547 1894/2050/1548 1895/2051/1549 1896/2052/1550
f 1896/2052/1550 1895/2051/1549 1892/2048/1545 1891/2047/1544
f 1895/2051/1549 1889/2045/1551 1885/2041/1546 1892/2048/1545
f 1897/2053/1552 1898/2054/1553 1894/2050/1548 1893/2049/1547
f 1847/2003/1505 1852/2008/1505 1839/1995/1492 1838/1994/1491
f 1894/2050/1548 1899/2055/1554 1889/2045/1551 1895/2051/1549
f 1899/2055/1555 1900/2056/1555 1890/2046/1543 1889/2045/1543
f 1837/1993/1556 1898/2054/1553 1845/2001/1497 1838/1994/1500
f 1898/2054/1553 1837/1993/1556 1899/2055/1554 1894/2050/1548
f 1837/1993/1490 1840/1996/1490 1900/2056/1555 1899/2055/1555
f 1898/2054/1553 1897/2053/1552 1846/2002/1498 1845/2001/1497
f 1896/2052/1550 1891/2047/1544 1901/2057/1557 1893/2049/1547
f 1891/2047/1544 1887/2043/1540 1902/2058/1558 1901/2057/1557
f 1887/2043/1540 1884/2040/1538 1903/2059/1559 1902/2058/1558
f 1884/2040/1538 1880/2036/1535 1876/2032/1531 1903/2059/1559
f 1893/2049/1547 1901/2057/1557 1904/2060/1560 1897/2053/1552
f 1901/2057/1557 1902/2058/1558 1905/2061/1561 1904/2060/1560
f 1902/2058/1558 1903/2059/1559 1906/2062/1562 1905/2061/1561
f 1903/2059/1559 1876/2032/1531 1867/2023/1522 1906/2062/1562
f 1897/2053/1552 1904/2060/1560 1907/2063/1563 1846/2002/1498
f 1904/2060/1560 1905/2061/1561 1908/2064/1564 1907/2063/1563
f 1905/2061/1561 1906/2062/1562 1909/2065/1565 1908/2064/1564
f 1906/2062/1562 1867/2023/1522 1863/2019/1518 1909/2065/1565
f 1846/2002/1498 1907/2063/1563 1841/1997/1493 1844/2000/1496
f 1907/2063/1563 1908/2064/1564 1848/2004/1501 1841/1997/1493
f 1908/2064/1564 1909/2065/1565 1853/2009/1506 1848/2004/1501
f 1909/2065/1565 1863/2019/1518 1857/2013/1510 1853/2009/1506
f 1910/2066/1566 1911/2067/1567 1912/2068/1567 1913/2069/1566
f 1914/2070/1568 1915/2071/1569 1916/2072/1570 1917/2073/1571
f 1917/2073/1571 1916/2072/1570 1918/2074/1572 1919/2075/1573
f 1916/2072/1570 1920/2076/1574 1911/2067/1575 1918/2074/1572
f 1921/2077/1576 1922/2078/1577 1915/2071/1569 1914/2070/1568
f 1915/2071/1569 1923/2079/1578 1920/2076/1574 1916/2072/1570
f 1923/2079/1579 1924/2080/1579 1925/2081/1580 1920/2076/1581
f 1926/2082/1582 1927/2083/1583 1922/2078/1577 1921/2077/1576
f 1922/2078/1577 1928/2084/1584 1923/2079/1578 1915/2071/1569
f 1928/2084/1585 1929/2085/1585 1924/2080/1579 1923/2079/1579
f 1930/2086/1586 1931/2087/1587 1927/2083/1583 1926/2082/1582
f 1927/2083/1583 1932/2088/1588 1928/2084/1584 1922/2078/1577
f 1932/2088/1589 1933/2089/1590 1929/2085/1585 1928/2084/1585
f 1931/2087/1587 1934/2090/1591 1932/2088/1588 1927/2083/1583
f 1934/2090/1592 1935/2091/1592 1933/2089/1590 1932/2088/1589
f 1936/2092/1593 1937/2093/1594 1931/2087/1587 1930/2086/1586
f 1937/2093/1594 1938/2094/1595 1934/2090/1591 1931/2087/1587
f 1938/2094/1596 1939/2095/1596 1935/2091/1592 1934/2090/1592
f 1940/2096/1597 1941/2097/1598 1937/2093/1594 1936/2092/1593
f 1941/2097/1598 1942/2098/1599 1938/2094/1595 1937/2093/1594
f 1942/2098/1600 1943/2099/1600 1939/2095/1596 1938/2094/1596
f 1944/2100/1601 1945/2101/1602 1942/2098/1599 1941/2097/1598
f 1946/2102/1603 1947/2103/1604 1945/2101/1602 1944/2100/1601
f 1945/2101/1605 1948/2104/1605 1943/2099/1600 1942/2098/1600
f 1949/2105/1606 1944/2100/1601 1941/2097/1598 1940/2096/1597
f 1950/2106/1607 1951/2107/1608 1947/2103/1604 1946/2102/1603
f 1947/2103/1609 1952/2108/1609 1948/2104/1605 1945/2101/1605
f 1953/2109/1610 1946/2102/1603 1944/2100/1601 1949/2105/1606
f 1954/2110/1611 1955/2111/1611 1956/2112/1612 1951/2107/1612
f 1951/2107/1612 1956/2112/1612 1952/2108/1609 1947/2103/1609
f 1957/2113/1613 1950/2106/1607 1946/2102/1603 1953/2109/1610
f 1958/2114/1614 1959/2115/1614 1955/2111/1611 1954/2110/1611
f 1960/2116/1615 1961/2117/1616 1950/2106/1607 1957/2113/1613
f 1961/2117/1616 1954/2110/1617 1951/2107/1608 1950/2106/1607
f 1962/2118/1618 1963/2119/1618 1959/2115/1614 1958/2114/1614
f 1964/2120/1619 1965/2121/1620 1961/2117/1616 1960/2116/1615
f 1965/2121/1620 1958/2114/1621 1954/2110/1617 1961/2117/1616
f 1966/2122/1622 1967/2123/1623 1968/2124/1624 1969/2125/1625
f 1969/2125/1625 1968/2124/1624 1965/2121/1620 1964/2120/1619
f 1968/2124/1624 1962/2118/1626 1958/2114/1621 1965/2121/1620
f 1970/2126/1627 1971/2127/1628 1967/2123/1623 1966/2122/1622
f 1920/2076/1581 1925/2081/1580 1912/2068/1567 1911/2067/1567
f 1967/2123/1623 1972/2128/1629 1962/2118/1626 1968/2124/1624
f 1972/2128/1630 1973/2129/1631 1963/2119/1618 1962/2118/1618
f 1910/2066/1632 1971/2127/1628 1918/2074/1572 1911/2067/1575
f 1971/2127/1628 1910/2066/1632 1972/2128/1629 1967/2123/1623
f 1910/2066/1566 1913/2069/1566 1973/2129/1631 1972/2128/1630
f 1971/2127/1628 1970/2126/1627 1919/2075/1573 1918/2074/1572
f 1969/2125/1625 1964/2120/1619 1974/2130/1633 1966/2122/1622
f 1964/2120/1619 1960/2116/1615 1975/2131/1634 1974/2130/1633
f 1960/2116/1615 1957/2113/1613 1976/2132/1635 1975/2131/1634
f 1957/2113/1613 1953/2109/1610 1949/2105/1606 1976/2132/1635
f 1966/2122/1622 1974/2130/1633 1977/2133/1636 1970/2126/1627
f 1974/2130/1633 1975/2131/1634 1978/2134/1637 1977/2133/1636
f 1975/2131/1634 1976/2132/1635 1979/2135/1638 1978/2134/1637
f 1976/2132/1635 1949/2105/1606 1940/2096/1597 1979/2135/1638
f 1970/2126/1627 1977/2133/1636 1980/2136/1639 1919/2075/1573
f 1977/2133/1636 1978/2134/1637 1981/2137/1640 1980/2136/1639
f 1978/2134/1637 1979/2135/1638 1982/2138/1641 1981/2137/1640
f 1979/2135/1638 1940/2096/1597 1936/2092/1593 1982/2138/1641
f 1919/2075/1573 1980/2136/1639 1914/2070/1568 1917/2073/1571
f 1980/2136/1639 1981/2137/1640 1921/2077/1576 1914/2070/1568
f 1981/2137/1640 1982/2138/1641 1926/2082/1582 1921/2077/1576
f 1982/2138/1641 1936/2092/1593 1930/2086/1586 1926/2082/1582
f 1983/2139/1642 1984/2140/1643 1985/2141/1643 1986/2142/1644
f 1987/2143/1645 1988/2144/1569 1989/2145/1570 1990/2146/1646
f 1990/2146/1646 1989/2145/1570 1991/2147/1572 1992/2148/1647
f 1989/2145/1570 1993/2149/1648 1984/2140/1575 1991/2147/1572
f 1994/2150/1649 1995/2151/1577 1988/2144/1569 1987/2143/1645
f 1988/2144/1569 1996/2152/1650 1993/2149/1648 1989/2145/1570
f 1996/2152/1651 1997/2153/1651 1998/2154/1652 1993/2149/1652
f 1999/2155/1582 2000/2156/1583 1995/2151/1577 1994/2150/1649
f 1995/2151/1577 2001/2157/1653 1996/2152/1650 1988/2144/1569
f 2001/2157/1654 2002/2158/1654 1997/2153/1651 1996/2152/1651
f 2003/2159/1586 2004/2160/1587 2000/2156/1583 1999/2155/1582
f 2000/2156/1583 2005/2161/1588 2001/2157/1653 1995/2151/1577
f 2005/2161/1589 2006/2162/1589 2002/2158/1654 2001/2157/1654
f 2004/2160/1587 2007/2163/1655 2005/2161/1588 2000/2156/1583
f 2007/2163/1656 2008/2164/1656 2006/2162/1589 2005/2161/1589
f 2009/2165/1657 2010/2166/1594 2004/2160/1587 2003/2159/1586
f 2010/2166/1594 2011/2167/1595 2007/2163/1655 2004/2160/1587
f 2011/2167/1596 2012/2168/1596 2008/2164/1656 2007/2163/1656
f 2013/2169/1658 2014/2170/1598 2010/2166/1594 2009/2165/1657
f 2014/2170/1598 2015/2171/1599 2011/2167/1595 2010/2166/1594
f 2015/2171/1600 2016/2172/1600 2012/2168/1596 2011/2167/1596
f 2017/2173/1659 2018/2174/1602 2015/2171/1599 2014/2170/1598
f 2019/2175/1603 2020/2176/1660 2018/2174/1602 2017/2173/1659
f 2018/2174/1605 2021/2177/1605 2016/2172/1600 2015/2171/1600
f 2022/2178/1661 2017/2173/1659 2014/2170/1598 2013/2169/1658
f 2023/2179/1662 2024/2180/1663 2020/2176/1660 2019/2175/1603
f 2020/2176/1609 2025/2181/1609 2021/2177/1605 2018/2174/1605
f 2026/2182/1610 2019/2175/1603 2017/2173/1659 2022/2178/1661
f 2027/2183/1664 2028/2184/1664 2029/2185/1612 2024/2180/1612
f 2024/2180/1612 2029/2185/1612 2025/2181/1609 2020/2176/1609
f 2030/2186/1613 2023/2179/1662 2019/2175/1603 2026/2182/1610
f 2031/2187/1614 2032/2188/1614 2028/2184/1664 2027/2183/1664
f 2033/2189/1615 2034/2190/1616 2023/2179/1662 2030/2186/1613
f 2034/2190/1616 2027/2183/1665 2024/2180/1663 2023/2179/1662
f 2035/2191/1666 2036/2192/1666 2032/2188/1614 2031/2187/1614
f 2037/2193/1619 2038/2194/1620 2034/2190/1616 2033/2189/1615
f 2038/2194/1620 2031/2187/1667 2027/2183/1665 2034/2190/1616
f 2039/2195/1622 2040/2196/1668 2041/2197/1624 2042/2198/1625
f 2042/2198/1625 2041/2197/1624 2038/2194/1620 2037/2193/1619
f 2041/2197/1624 2035/2191/1626 2031/2187/1667 2038/2194/1620
f 2043/2199/1669 2044/2200/1628 2040/2196/1668 2039/2195/1622
f 1993/2149/1652 1998/2154/1652 1985/2141/1643 1984/2140/1643
f 2040/2196/1668 2045/2201/1670 2035/2191/1626 2041/2197/1624
f 2045/2201/1671 2046/2202/1671 2036/2192/1666 2035/2191/1666
f 1983/2139/1632 2044/2200/1628 1991/2147/1572 1984/2140/1575
f 2044/2200/1628 1983/2139/1632 2045/2201/1670 2040/2196/1668
f 1983/2139/1642 1986/2142/1644 2046/2202/1671 2045/2201/1671
f 2044/2200/1628 2043/2199/1669 1992/2148/1647 1991/2147/1572
f 2042/2198/1625 2037/2193/1619 2047/2203/1672 2039/2195/1622
f 2037/2193/1619 2033/2189/1615 2048/2204/1634 2047/2203/1672
f 2033/2189/1615 2030/2186/1613 2049/2205/1673 2048/2204/1634
f 2030/2186/1613 2026/2182/1610 2022/2178/1661 2049/2205/1673
f 2039/2195/1622 2047/2203/1672 2050/2206/1674 2043/2199/1669
f 2047/2203/1672 2048/2204/1634 2051/2207/1637 2050/2206/1674
f 2048/2204/1634 2049/2205/1673 2052/2208/1675 2051/2207/1637
f 2049/2205/1673 2022/2178/1661 2013/2169/1658 2052/2208/1675
f 2043/2199/1669 2050/2206/1674 2053/2209/1639 1992/2148/1647
f 2050/2206/1674 2051/2207/1637 2054/2210/1676 2053/2209/1639
f 2051/2207/1637 2052/2208/1675 2055/2211/1677 2054/2210/1676
f 2052/2208/1675 2013/2169/1658 2009/2165/1657 2055/2211/1677
f 1992/2148/1647 2053/2209/1639 1987/2143/1645 1990/2146/1646
f 2053/2209/1639 2054/2210/1676 1994/2150/1649 1987/2143/1645
f 2054/2210/1676 2055/2211/1677 1999/2155/1582 1994/2150/1649
f 2055/2211/1677 2009/2165/1657 2003/2159/1586 1999/2155/1582
f 2056/2212/1678 2057/2213/1678 2058/2214/1679 2059/2215/1679
f 2060/2216/1680 2061/2217/1681 2062/2218/1682 2063/2219/1683
f 2061/2217/1681 2064/2220/1684 2065/2221/1685 2062/2218/1682
f 2062/2218/1682 2065/2221/1685 2059/2215/1686 2066/2222/1687
f 2067/2223/1688 2060/2216/1680 2063/2219/1683 2068/2224/1689
f 2063/2219/1683 2062/2218/1682 2066/2222/1687 2069/2225/1690
f 2069/2225/1691 2066/2222/1692 2070/2226/1692 2071/2227/1693
f 2072/2228/1694 2067/2223/1688 2068/2224/1689 2073/2229/1695
f 2068/2224/1689 2063/2219/1683 2069/2225/1690 2074/2230/1696
f 2074/2230/1697 2069/2225/1691 2071/2227/1693 2075/2231/1697
f 2076/2232/1698 2072/2228/1694 2073/2229/1695 2077/2233/1699
f 2073/2229/1695 2068/2224/1689 2074/2230/1696 2078/2234/1700
f 2078/2234/1701 2074/2230/1697 2075/2231/1697 2079/2235/1701
f 2077/2233/1699 2073/2229/1695 2078/2234/1700 2080/2236/1702
f 2080/2236/1703 2078/2234/1701 2079/2235/1701 2081/2237/1703
f 2082/2238/1704 2076/2232/1698 2077/2233/1699 2083/2239/1705
f 2083/2239/1705 2077/2233/1699 2080/2236/1702 2084/2240/1706
f 2084/2240/1707 2080/2236/1703 2081/2237/1703 2085/2241/1707
f 2086/2242/1708 2082/2238/1704 2083/2239/1705 2087/2243/1709
f 2087/2243/1709 2083/2239/1705 2084/2240/1706 2088/2244/1710
f 2088/2244/1711 2084/2240/1707 2085/2241/1707 2089/2245/1711
f 2090/2246/1712 2087/2243/1709 2088/2244/1710 2091/2247/1713
f 2092/2248/1714 2090/2246/1712 2091/2247/1713 2093/2249/1715
f 2091/2247/1716 2088/2244/1711 2089/2245/1711 2094/2250/1716
f 2095/2251/1717 2086/2242/1708 2087/2243/1709 2090/2246/1712
f 2096/2252/1718 2092/2248/1714 2093/2249/1715 2097/2253/1719
f 2093/2249/1720 2091/2247/1716 2094/2250/1716 2098/2254/1720
f 2099/2255/1721 2095/2251/1717 2090/2246/1712 2092/2248/1714
f 2100/2256/1722 2097/2253/1723 2101/2257/1723 2102/2258/1722
f 2097/2253/1723 2093/2249/1720 2098/2254/1720 2101/2257/1723
f 2103/2259/1724 2099/2255/1721 2092/2248/1714 2096/2252/1718
f 2104/2260/1725 2100/2256/1722 2102/2258/1722 2105/2261/1725
f 2106/2262/1726 2103/2259/1724 2096/2252/1718 2107/2263/1727
f 2107/2263/1727 2096/2252/1718 2097/2253/1719 2100/2256/1728
f 2108/2264/1729 2104/2260/1725 2105/2261/1725 2109/2265/1729
f 2110/2266/1730 2106/2262/1726 2107/2263/1727 2111/2267/1731
f 2111/2267/1731 2107/2263/1727 2100/2256/1728 2104/2260/1732
f 2112/2268/1733 2113/2269/1734 2114/2270/1735 2115/2271/1736
f 2113/2269/1734 2110/2266/1730 2111/2267/1731 2114/2270/1735
f 2114/2270/1735 2111/2267/1731 2104/2260/1732 2108/2264/1737
f 2116/2272/1738 2112/2268/1733 2115/2271/1736 2117/2273/1739
f 2066/2222/1692 2059/2215/1679 2058/2214/1679 2070/2226/1692
f 2115/2271/1736 2114/2270/1735 2108/2264/1737 2118/2274/1740
f 2118/2274/1741 2108/2264/1729 2109/2265/1729 2119/2275/1741
f 2056/2212/1742 2059/2215/1686 2065/2221/1685 2117/2273/1739
f 2117/2273/1739 2115/2271/1736 2118/2274/1740 2056/2212/1742
f 2056/2212/1678 2118/2274/1741 2119/2275/1741 2057/2213/1678
f 2117/2273/1739 2065/2221/1685 2064/2220/1684 2116/2272/1738
f 2113/2269/1734 2112/2268/1733 2120/2276/1743 2110/2266/1730
f 2110/2266/1730 2120/2276/1743 2121/2277/1744 2106/2262/1726
f 2106/2262/1726 2121/2277/1744 2122/2278/1745 2103/2259/1724
f 2103/2259/1724 2122/2278/1745 2095/2251/1717 2099/2255/1721
f 2112/2268/1733 2116/2272/1738 2123/2279/1746 2120/2276/1743
f 2120/2276/1743 2123/2279/1746 2124/2280/1747 2121/2277/1744
f 2121/2277/1744 2124/2280/1747 2125/2281/1748 2122/2278/1745
f 2122/2278/1745 2125/2281/1748 2086/2242/1708 2095/2251/1717
f 2116/2272/1738 2064/2220/1684 2126/2282/1749 2123/2279/1746
f 2123/2279/1746 2126/2282/1749 2127/2283/1750 2124/2280/1747
f 2124/2280/1747 2127/2283/1750 2128/2284/1751 2125/2281/1748
f 2125/2281/1748 2128/2284/1751 2082/2238/1704 2086/2242/1708
f 2064/2220/1684 2061/2217/1681 2060/2216/1680 2126/2282/1749
f 2126/2282/1749 2060/2216/1680 2067/2223/1688 2127/2283/1750
f 2127/2283/1750 2067/2223/1688 2072/2228/1694 2128/2284/1751
f 2128/2284/1751 2072/2228/1694 2076/2232/1698 2082/2238/1704
f 2129/2285/1752 2130/2286/1753 2131/2287/1753 2132/2288/1752
f 2133/2289/1754 2134/2290/1755 2135/2291/1756 2136/2292/1757
f 2136/2292/1757 2135/2291/1756 2137/2293/1758 2138/2294/1759
f 2135/2291/1756 2139/2295/1760 2130/2286/1761 2137/2293/1758
f 2140/2296/1762 2141/2297/1763 2134/2290/1755 2133/2289/1754
f 2134/2290/1755 2142/2298/1764 2139/2295/1760 2135/2291/1756
f 2142/2298/1765 2143/2299/1765 2144/2300/1766 2139/2295/1767
f 2145/2301/1768 2146/2302/1769 2141/2297/1763 2140/2296/1762
f 2141/2297/1763 2147/2303/1770 2142/2298/1764 2134/2290/1755
f 2147/2303/1771 2148/2304/1771 2143/2299/1765 2142/2298/1765
f 2149/2305/1772 2150/2306/1773 2146/2302/1769 2145/2301/1768
f 2146/2302/1769 2151/2307/1774 2147/2303/1770 2141/2297/1763
f 2151/2307/1775 2152/2308/1775 2148/2304/1771 2147/2303/1771
f 2150/2306/1773 2153/2309/1776 2151/2307/1774 2146/2302/1769
f 2153/2309/1777 2154/2310/1777 2152/2308/1775 2151/2307/1775
f 2155/2311/1778 2156/2312/1779 2150/2306/1773 2149/2305/1772
f 2156/2312/1779 2157/2313/1780 2153/2309/1776 2150/2306/1773
f 2157/2313/1781 2158/2314/1781 2154/2310/1777 2153/2309/1777
f 2159/2315/1782 2160/2316/1783 2156/2312/1779 2155/2311/1778
f 2160/2316/1783 2161/2317/1784 2157/2313/1780 2156/2312/1779
f 2161/2317/1785 2162/2318/1785 2158/2314/1781 2157/2313/1781
f 2163/2319/1786 2164/2320/1787 2161/2317/1784 2160/2316/1783
f 2165/2321/1788 2166/2322/1789 2164/2320/1787 2163/2319/1786
f 2164/2320/1790 2167/2323/1790 2162/2318/1785 2161/2317/1785
f 2168/2324/1791 2163/2319/1786 2160/2316/1783 2159/2315/1782
f 2169/2325/1792 2170/2326/1793 2166/2322/1789 2165/2321/1788
f 2166/2322/1794 2171/2327/1794 2167/2323/1790 2164/2320/1790
f 2172/2328/1795 2165/2321/1788 2163/2319/1786 2168/2324/1791
f 2173/2329/1796 2174/2330/1796 2175/2331/1797 2170/2326/1797
f 2170/2326/1797 2175/2331/1797 2171/2327/1794 2166/2322/1794
f 2176/2332/1798 2169/2325/1792 2165/2321/1788 2172/2328/1795
f 2177/2333/1799 2178/2334/1799 2174/2330/1796 2173/2329/1796
f 2179/2335/1800 2180/2336/1801 2169/2325/1792 2176/2332/1798
f 2180/2336/1801 2173/2329/1802 2170/2326/1793 2169/2325/1792
f 2181/2337/1803 2182/2338/1804 2178/2334/1799 2177/2333/1799
f 2183/2339/1805 2184/2340/1806 2180/2336/1801 2179/2335/1800
f 2184/2340/1806 2177/2333/1807 2173/2329/1802 2180/2336/1801
f 2185/2341/1808 2186/2342/1809 2187/2343/1810 2188/2344/1811
f 2188/2344/1811 2187/2343/1810 2184/2340/1806 2183/2339/1805
f 2187/2343/1810 2181/2337/1812 2177/2333/1807 2184/2340/1806
f 2189/2345/1813 2190/2346/1814 2186/2342/1809 2185/2341/1808
f 2139/2295/1767 2144/2300/1766 2131/2287/1753 2130/2286/1753
f 2186/2342/1809 2191/2347/1815 2181/2337/1812 2187/2343/1810
f 2191/2347/1816 2192/2348/1816 2182/2338/1804 2181/2337/1803
f 2129/2285/1817 2190/2346/1814 2137/2293/1758 2130/2286/1761
f 2190/2346/1814 2129/2285/1817 2191/2347/1815 2186/2342/1809
f 2129/2285/1752 2132/2288/1752 2192/2348/1816 2191/2347/1816
f 2190/2346/1814 2189/2345/1813 2138/2294/1759 2137/2293/1758
f 2188/2344/1811 2183/2339/1805 2193/2349/1818 2185/2341/1808
f 2183/2339/1805 2179/2335/1800 2194/2350/1819 2193/2349/1818
f 2179/2335/1800 2176/2332/1798 2195/2351/1820 2194/2350/1819
f 2176/2332/1798 2172/2328/1795 2168/2324/1791 2195/2351/1820
f 2185/2341/1808 2193/2349/1818 2196/2352/1821 2189/2345/1813
f 2193/2349/1818 2194/2350/1819 2197/2353/1822 2196/2352/1821
f 2194/2350/1819 2195/2351/1820 2198/2354/1823 2197/2353/1822
f 2195/2351/1820 2168/2324/1791 2159/2315/1782 2198/2354/1823
f 2189/2345/1813 2196/2352/1821 2199/2355/1824 2138/2294/1759
f 2196/2352/1821 2197/2353/1822 2200/2356/1825 2199/2355/1824
f 2197/2353/1822 2198/2354/1823 2201/2357/1826 2200/2356/1825
f 2198/2354/1823 2159/2315/1782 2155/2311/1778 2201/2357/1826
f 2138/2294/1759 2199/2355/1824 2133/2289/1754 2136/2292/1757
f 2199/2355/1824 2200/2356/1825 2140/2296/1762 2133/2289/1754
f 2200/2356/1825 2201/2357/1826 2145/2301/1768 2140/2296/1762
f 2201/2357/1826 2155/2311/1778 2149/2305/1772 2145/2301/1768
f 2202/2358/1827 2203/2359/1828 2204/2360/1828 2205/2361/1827
f 2206/2362/1829 2207/2363/1830 2208/2364/1831 2209/2365/1832
f 2209/2365/1832 2208/2364/1831 2210/2366/1833 2211/2367/1834
f 2208/2364/1831 2212/2368/1835 2203/2359/1836 2210/2366/1833
f 2213/2369/1837 2214/2370/1838 2207/2363/1830 2206/2362/1829
f 2207/2363/1830 2215/2371/1839 2212/2368/1835 2208/2364/1831
f 2215/2371/1840 2216/2372/1840 2217/2373/1841 2212/2368/1841
f 2218/2374/1842 2219/2375/1843 2214/2370/1838 2213/2369/1837
f 2214/2370/1838 2220/2376/1844 2215/2371/1839 2207/2363/1830
f 2220/2376/1845 2221/2377/1845 2216/2372/1840 2215/2371/1840
f 2222/2378/1846 2223/2379/1847 2219/2375/1843 2218/2374/1842
f 2219/2375/1843 2224/2380/1848 2220/2376/1844 2214/2370/1838
f 2224/2380/1849 2225/2381/1850 2221/2377/1845 2220/2376/1845
f 2223/2379/1847 2226/2382/1851 2224/2380/1848 2219/2375/1843
f 2226/2382/1852 2227/2383/1852 2225/2381/1850 2224/2380/1849
f 2228/2384/1853 2229/2385/1854 2223/2379/1847 2222/2378/1846
f 2229/2385/1854 2230/2386/1855 2226/2382/1851 2223/2379/1847
f 2230/2386/1856 2231/2387/1856 2227/2383/1852 2226/2382/1852
f 2232/2388/1857 2233/2389/1858 2229/2385/1854 2228/2384/1853
f 2233/2389/1858 2234/2390/1859 2230/2386/1855 2229/2385/1854
f 2234/2390/1860 2235/2391/1860 2231/2387/1856 2230/2386/1856
f 2236/2392/1861 2237/2393/1862 2234/2390/1859 2233/2389/1858
f 2238/2394/1863 2239/2395/1864 2237/2393/1862 2236/2392/1861
f 2237/2393/1865 2240/2396/1865 2235/2391/1860 2234/2390/1860
f 2241/2397/1866 2236/2392/1861 2233/2389/1858 2232/2388/1857
f 2242/2398/1867 2243/2399/1868 2239/2395/1864 2238/2394/1863
f 2239/2395/1869 2244/2400/1870 2240/2396/1865 2237/2393/1865
f 2245/2401/1871 2238/2394/1863 2236/2392/1861 2241/2397/1866
f 2246/2402/1872 2247/2403/1873 2248/2404/1874 2243/2399/1875
f 2243/2399/1875 2248/2404/1874 2244/2400/1870 2239/2395/1869
f 2249/2405/1876 2242/2398/1867 2238/2394/1863 2245/2401/1871
f 2250/2406/1877 2251/2407/1877 2247/2403/1873 2246/2402/1872
f 2252/2408/1878 2253/2409/1879 2242/2398/1867 2249/2405/1876
f 2253/2409/1879 2246/2402/1880 2243/2399/1868 2242/2398/1867
f 2254/2410/1881 2255/2411/1881 2251/2407/1877 2250/2406/1877
f 2256/2412/1882 2257/2413/1883 2253/2409/1879 2252/2408/1878
f 2257/2413/1883 2250/2406/1884 2246/2402/1880 2253/2409/1879
f 2258/2414/1885 2259/2415/1886 2260/2416/1887 2261/2417/1888
f 2261/2417/1888 2260/2416/1887 2257/2413/1883 2256/2412/1882
f 2260/2416/1887 2254/2410/1889 2250/2406/1884 2257/2413/1883
f 2262/2418/1890 2263/2419/1891 2259/2415/1886 2258/2414/1885
f 2212/2368/1841 2217/2373/1841 2204/2360/1828 2203/2359/1828
f 2259/2415/1886 2264/2420/1892 2254/2410/1889 2260/2416/1887
f 2264/2420/1893 2265/2421/1893 2255/2411/1881 2254/2410/1881
f 2202/2358/1894 2263/2419/1891 2210/2366/1833 2203/2359/1836
f 2263/2419/1891 2202/2358/1894 2264/2420/1892 2259/2415/1886
f 2202/2358/1827 2205/2361/1827 2265/2421/1893 2264/2420/1893
f 2263/2419/1891 2262/2418/1890 2211/2367/1834 2210/2366/1833
f 2261/2417/1888 2256/2412/1882 2266/2422/1895 2258/2414/1885
f 2256/2412/1882 2252/2408/1878 2267/2423/1896 2266/2422/1895
f 2252/2408/1878 2249/2405/1876 2268/2424/1897 2267/2423/1896
f 2249/2405/1876 2245/2401/1871 2241/2397/1866 2268/2424/1897
f 2258/2414/1885 2266/2422/1895 2269/2425/1898 2262/2418/1890
f 2266/2422/1895 2267/2423/1896 2270/2426/1899 2269/2425/1898
f 2267/2423/1896 2268/2424/1897 2271/2427/1900 2270/2426/1899
f 2268/2424/1897 2241/2397/1866 2232/2388/1857 2271/2427/1900
f 2262/2418/1890 2269/2425/1898 2272/2428/1901 2211/2367/1834
f 2269/2425/1898 2270/2426/1899 2273/2429/1902 2272/2428/1901
f 2270/2426/1899 2271/2427/1900 2274/2430/1903 2273/2429/1902
f 2271/2427/1900 2232/2388/1857 2228/2384/1853 2274/2430/1903
f 2211/2367/1834 2272/2428/1901 2206/2362/1829 2209/2365/1832
f 2272/2428/1901 2273/2429/1902 2213/2369/1837 2206/2362/1829
f 2273/2429/1902 2274/2430/1903 2218/2374/1842 2213/2369/1837
f 2274/2430/1903 2228/2384/1853 2222/2378/1846 2218/2374/1842
f 2275/2431/1827 2276/2432/1904 2277/2433/1904 2278/2434/1827
f 2279/2435/1905 2280/2436/1830 2281/2437/1831 2282/2438/1906
f 2282/2438/1906 2281/2437/1831 2283/2439/1907 2284/2440/1834
f 2281/2437/1831 2285/2441/1835 2276/2432/1908 2283/2439/1907
f 2286/2442/1909 2287/2443/1838 2280/2436/1830 2279/2435/1905
f 2280/2436/1830 2288/2444/1910 2285/2441/1835 2281/2437/1831
f 2288/2444/1840 2289/2445/1911 2290/2446/1912 2285/2441/1912
f 2291/2447/1913 2292/2448/1843 2287/2443/1838 2286/2442/1909
f 2287/2443/1838 2293/2449/1914 2288/2444/1910 2280/2436/1830
f 2293/2449/1845 2294/2450/1845 2289/2445/1911 2288/2444/1840
f 2295/2451/1846 2296/2452/1847 2292/2448/1843 2291/2447/1913
f 2292/2448/1843 2297/2453/1848 2293/2449/1914 2287/2443/1838
f 2297/2453/1849 2298/2454/1850 2294/2450/1845 2293/2449/1845
f 2296/2452/1847 2299/2455/1851 2297/2453/1848 2292/2448/1843
f 2299/2455/1852 2300/2456/1852 2298/2454/1850 2297/2453/1849
f 2301/2457/1853 2302/2458/1854 2296/2452/1847 2295/2451/1846
f 2302/2458/1854 2303/2459/1855 2299/2455/1851 2296/2452/1847
f 2303/2459/1856 2304/2460/1856 2300/2456/1852 2299/2455/1852
f 2305/2461/1857 2306/2462/1858 2302/2458/1854 2301/2457/1853
f 2306/2462/1858 2307/2463/1915 2303/2459/1855 2302/2458/1854
f 2307/2463/1860 2308/2464/1860 2304/2460/1856 2303/2459/1856
f 2309/2465/1861 2310/2466/1916 2307/2463/1915 2306/2462/1858
f 2311/2467/1863 2312/2468/1917 2310/2466/1916 2309/2465/1861
f 2310/2466/1865 2313/2469/1865 2308/2464/1860 2307/2463/1860
f 2314/2470/1866 2309/2465/1861 2306/2462/1858 2305/2461/1857
f 2315/2471/1918 2316/2472/1868 2312/2468/1917 2311/2467/1863
f 2312/2468/1869 2317/2473/1870 2313/2469/1865 2310/2466/1865
f 2318/2474/1871 2311/2467/1863 2309/2465/1861 2314/2470/1866
f 2319/2475/1873 2320/2476/1919 2321/2477/1920 2316/2472/1920
f 2316/2472/1920 2321/2477/1920 2317/2473/1870 2312/2468/1869
f 2322/2478/1876 2315/2471/1918 2311/2467/1863 2318/2474/1871
f 2323/2479/1877 2324/2480/1877 2320/2476/1919 2319/2475/1873
f 2325/2481/1878 2326/2482/1879 2315/2471/1918 2322/2478/1876
f 2326/2482/1879 2319/2475/1880 2316/2472/1868 2315/2471/1918
f 2327/2483/1921 2328/2484/1921 2324/2480/1877 2323/2479/1877
f 2329/2485/1882 2330/2486/1883 2326/2482/1879 2325/2481/1878
f 2330/2486/1883 2323/2479/1884 2319/2475/1880 2326/2482/1879
f 2331/2487/1922 2332/2488/1923 2333/2489/1887 2334/2490/1888
f 2334/2490/1888 2333/2489/1887 2330/2486/1883 2329/2485/1882
f 2333/2489/1887 2327/2483/1924 2323/2479/1884 2330/2486/1883
f 2335/2491/1890 2336/2492/1891 2332/2488/1923 2331/2487/1922
f 2285/2441/1912 2290/2446/1912 2277/2433/1904 2276/2432/1904
f 2332/2488/1923 2337/2493/1925 2327/2483/1924 2333/2489/1887
f 2337/2493/1926 2338/2494/1927 2328/2484/1921 2327/2483/1921
f 2275/2431/1928 2336/2492/1891 2283/2439/1907 2276/2432/1908
f 2336/2492/1891 2275/2431/1928 2337/2493/1925 2332/2488/1923
f 2275/2431/1827 2278/2434/1827 2338/2494/1927 2337/2493/1926
f 2336/2492/1891 2335/2491/1890 2284/2440/1834 2283/2439/1907
f 2334/2490/1888 2329/2485/1882 2339/2495/1895 2331/2487/1922
f 2329/2485/1882 2325/2481/1878 2340/2496/1896 2339/2495/1895
f 2325/2481/1878 2322/2478/1876 2341/2497/1929 2340/2496/1896
f 2322/2478/1876 2318/2474/1871 2314/2470/1866 2341/2497/1929
f 2331/2487/1922 2339/2495/1895 2342/2498/1930 2335/2491/1890
f 2339/2495/1895 2340/2496/1896 2343/2499/1899 2342/2498/1930
f 2340/2496/1896 2341/2497/1929 2344/2500/1900 2343/2499/1899
f 2341/2497/1929 2314/2470/1866 2305/2461/1857 2344/2500/1900
f 2335/2491/1890 2342/2498/1930 2345/2501/1901 2284/2440/1834
f 2342/2498/1930 2343/2499/1899 2346/2502/1902 2345/2501/1901
f 2343/2499/1899 2344/2500/1900 2347/2503/1903 2346/2502/1902
f 2344/2500/1900 2305/2461/1857 2301/2457/1853 2347/2503/1903
f 2284/2440/1834 2345/2501/1901 2279/2435/1905 2282/2438/1906
f 2345/2501/1901 2346/2502/1902 2286/2442/1909 2279/2435/1905
f 2346/2502/1902 2347/2503/1903 2291/2447/1913 2286/2442/1909
f 2347/2503/1903 2301/2457/1853 2295/2451/1846 2291/2447/1913
f 2348/2504/1931 2349/2505/1931 2350/2506/1932 2351/2507/1932
f 2352/2508/1933 2353/2509/1934 2354/2510/1935 2355/2511/1936
f 2353/2509/1934 2356/2512/1937 2357/2513/1938 2354/2510/1935
f 2354/2510/1935 2357/2513/1938 2351/2507/1939 2358/2514/1940
f 2359/2515/1941 2352/2508/1933 2355/2511/1936 2360/2516/1942
f 2355/2511/1936 2354/2510/1935 2358/2514/1940 2361/2517/1943
f 2361/2517/1944 2358/2514/1945 2362/2518/1946 2363/2519/1947
f 2364/2520/1948 2359/2515/1941 2360/2516/1942 2365/2521/1949
f 2360/2516/1942 2355/2511/1936 2361/2517/1943 2366/2522/1950
f 2366/2522/1951 2361/2517/1944 2363/2519/1947 2367/2523/1951
f 2368/2524/1952 2364/2520/1948 2365/2521/1949 2369/2525/1953
f 2365/2521/1949 2360/2516/1942 2366/2522/1950 2370/2526/1954
f 2370/2526/1955 2366/2522/1951 2367/2523/1951 2371/2527/1955
f 2369/2525/1953 2365/2521/1949 2370/2526/1954 2372/2528/1956
f 2372/2528/1957 2370/2526/1955 2371/2527/1955 2373/2529/1958
f 2374/2530/1959 2368/2524/1952 2369/2525/1953 2375/2531/1960
f 2375/2531/1960 2369/2525/1953 2372/2528/1956 2376/2532/1961
f 2376/2532/1962 2372/2528/1957 2373/2529/1958 2377/2533/1962
f 2378/2534/1963 2374/2530/1959 2375/2531/1960 2379/2535/1964
f 2379/2535/1964 2375/2531/1960 2376/2532/1961 2380/2536/1965
f 2380/2536/1966 2376/2532/1962 2377/2533/1962 2381/2537/1966
f 2382/2538/1967 2379/2535/1964 2380/2536/1965 2383/2539/1968
f 2384/2540/1969 2382/2538/1967 2383/2539/1968 2385/2541/1970
f 2383/2539/1971 2380/2536/1966 2381/2537/1966 2386/2542/1971
f 2387/2543/1972 2378/2534/1963 2379/2535/1964 2382/2538/1967
f 2388/2544/1973 2384/2540/1969 2385/2541/1970 2389/2545/1974
f 2385/2541/1975 2383/2539/1971 2386/2542/1971 2390/2546/1975
f 2391/2547/1976 2387/2543/1972 2382/2538/1967 2384/2540/1969
f 2392/2548/1977 2389/2545/1978 2393/2549/1978 2394/2550/1977
f 2389/2545/1978 2385/2541/1975 2390/2546/1975 2393/2549/1978
f 2395/2551/1979 2391/2547/1976 2384/2540/1969 2388/2544/1973
f 2396/2552/1980 2392/2548/1977 2394/2550/1977 2397/2553/1981
f 2398/2554/1982 2395/2551/1979 2388/2544/1973 2399/2555/1983
f 2399/2555/1983 2388/2544/1973 2389/2545/1974 2392/2548/1984
f 2400/2556/1985 2396/2552/1980 2397/2553/1981 2401/2557/1986
f 2402/2558/1987 2398/2554/1982 2399/2555/1983 2403/2559/1988
f 2403/2559/1988 2399/2555/1983 2392/2548/1984 2396/2552/1989
f 2404/2560/1990 2405/2561/1991 2406/2562/1992 2407/2563/1993
f 2405/2561/1991 2402/2558/1987 2403/2559/1988 2406/2562/1992
f 2406/2562/1992 2403/2559/1988 2396/2552/1989 2400/2556/1994
f 2408/2564/1995 2404/2560/1990 2407/2563/1993 2409/2565/1996
f 2358/2514/1945 2351/2507/1932 2350/2506/1932 2362/2518/1946
f 2407/2563/1993 2406/2562/1992 2400/2556/1994 2410/2566/1997
f 2410/2566/1998 2400/2556/1985 2401/2557/1986 2411/2567/1998
f 2348/2504/1999 2351/2507/1939 2357/2513/1938 2409/2565/1996
f 2409/2565/1996 2407/2563/1993 2410/2566/1997 2348/2504/1999
f 2348/2504/1931 2410/2566/1998 2411/2567/1998 2349/2505/1931
f 2409/2565/1996 2357/2513/1938 2356/2512/1937 2408/2564/1995
f 2405/2561/1991 2404/2560/1990 2412/2568/2000 2402/2558/1987
f 2402/2558/1987 2412/2568/2000 2413/2569/2001 2398/2554/1982
f 2398/2554/1982 2413/2569/2001 2414/2570/2002 2395/2551/1979
f 2395/2551/1979 2414/2570/2002 2387/2543/1972 2391/2547/1976
f 2404/2560/1990 2408/2564/1995 2415/2571/2003 2412/2568/2000
f 2412/2568/2000 2415/2571/2003 2416/2572/2004 2413/2569/2001
f 2413/2569/2001 2416/2572/2004 2417/2573/2005 2414/2570/2002
f 2414/2570/2002 2417/2573/2005 2378/2534/1963 2387/2543/1972
f 2408/2564/1995 2356/2512/1937 2418/2574/2006 2415/2571/2003
f 2415/2571/2003 2418/2574/2006 2419/2575/2007 2416/2572/2004
f 2416/2572/2004 2419/2575/2007 2420/2576/2008 2417/2573/2005
f 2417/2573/2005 2420/2576/2008 2374/2530/1959 2378/2534/1963
f 2356/2512/1937 2353/2509/1934 2352/2508/1933 2418/2574/2006
f 2418/2574/2006 2352/2508/1933 2359/2515/1941 2419/2575/2007
f 2419/2575/2007 2359/2515/1941 2364/2520/1948 2420/2576/2008
f 2420/2576/2008 2364/2520/1948 2368/2524/1952 2374/2530/1959
f 2421/2577/2009 2422/2578/2010 2423/2579/2010 2424/2580/2009
f 2425/2581/2011 2426/2582/2012 2427/2583/2013 2428/2584/2014
f 2428/2584/2014 2427/2583/2013 2429/2585/2015 2430/2586/2016
f 2427/2583/2013 2431/2587/2017 2422/2578/2018 2429/2585/2015
f 2432/2588/2019 2433/2589/2020 2426/2582/2012 2425/2581/2011
f 2426/2582/2012 2434/2590/2021 2431/2587/2017 2427/2583/2013
f 2434/2590/2022 2435/2591/2022 2436/2592/2023 2431/2587/2023
f 2437/2593/2024 2438/2594/2025 2433/2589/2020 2432/2588/2019
f 2433/2589/2020 2439/2595/2026 2434/2590/2021 2426/2582/2012
f 2439/2595/2027 2440/2596/2027 2435/2591/2022 2434/2590/2022
f 2441/2597/2028 2442/2598/2029 2438/2594/2025 2437/2593/2024
f 2438/2594/2025 2443/2599/2030 2439/2595/2026 2433/2589/2020
f 2443/2599/2031 2444/2600/2031 2440/2596/2027 2439/2595/2027
f 2442/2598/2029 2445/2601/2032 2443/2599/2030 2438/2594/2025
f 2445/2601/2033 2446/2602/2033 2444/2600/2031 2443/2599/2031
f 2447/2603/2034 2448/2604/2035 2442/2598/2029 2441/2597/2028
f 2448/2604/2035 2449/2605/2036 2445/2601/2032 2442/2598/2029
f 2449/2605/2037 2450/2606/2037 2446/2602/2033 2445/2601/2033
f 2451/2607/2038 2452/2608/2039 2448/2604/2035 2447/2603/2034
f 2452/2608/2039 2453/2609/2040 2449/2605/2036 2448/2604/2035
f 2453/2609/2041 2454/2610/2042 2450/2606/2037 2449/2605/2037
f 2455/2611/2043 2456/2612/2044 2453/2609/2040 2452/2608/2039
f 2457/2613/2045 2458/2614/2046 2456/2612/2044 2455/2611/2043
f 2456/2612/2047 2459/2615/2047 2454/2610/2042 2453/2609/2041
f 2460/2616/2048 2455/2611/2043 2452/2608/2039 2451/2607/2038
f 2461/2617/2049 2462/2618/2050 2458/2614/2046 2457/2613/2045
f 2458/2614/2051 2463/2619/2051 2459/2615/2047 2456/2612/2047
f 2464/2620/2052 2457/2613/2045 2455/2611/2043 2460/2616/2048
f 2465/2621/2053 2466/2622/2053 2467/2623/2054 2462/2618/2054
f 2462/2618/2054 2467/2623/2054 2463/2619/2051 2458/2614/2051
f 2468/2624/2055 2461/2617/2049 2457/2613/2045 2464/2620/2052
f 2469/2625/2056 2470/2626/2056 2466/2622/2053 2465/2621/2053
f 2471/2627/2057 2472/2628/2058 2461/2617/2049 2468/2624/2055
f 2472/2628/2058 2465/2621/2059 2462/2618/2050 2461/2617/2049
f 2473/2629/2060 2474/2630/2060 2470/2626/2056 2469/2625/2056
f 2475/2631/2061 2476/2632/2062 2472/2628/2058 2471/2627/2057
f 2476/2632/2062 2469/2625/2063 2465/2621/2059 2472/2628/2058
f 2477/2633/2064 2478/2634/2065 2479/2635/2066 2480/2636/2067
f 2480/2636/2067 2479/2635/2066 2476/2632/2062 2475/2631/2061
f 2479/2635/2066 2473/2629/2068 2469/2625/2063 2476/2632/2062
f 2481/2637/2069 2482/2638/2070 2478/2634/2065 2477/2633/2064
f 2431/2587/2023 2436/2592/2023 2423/2579/2010 2422/2578/2010
f 2478/2634/2065 2483/2639/2071 2473/2629/2068 2479/2635/2066
f 2483/2639/2072 2484/2640/2072 2474/2630/2060 2473/2629/2060
f 2421/2577/2073 2482/2638/2070 2429/2585/2015 2422/2578/2018
f 2482/2638/2070 2421/2577/2073 2483/2639/2071 2478/2634/2065
f 2421/2577/2009 2424/2580/2009 2484/2640/2072 2483/2639/2072
f 2482/2638/2070 2481/2637/2069 2430/2586/2016 2429/2585/2015
f 2480/2636/2067 2475/2631/2061 2485/2641/2074 2477/2633/2064
f 2475/2631/2061 2471/2627/2057 2486/2642/2075 2485/2641/2074
f 2471/2627/2057 2468/2624/2055 2487/2643/2076 2486/2642/2075
f 2468/2624/2055 2464/2620/2052 2460/2616/2048 2487/2643/2076
f 2477/2633/2064 2485/2641/2074 2488/2644/2077 2481/2637/2069
f 2485/2641/2074 2486/2642/2075 2489/2645/2078 2488/2644/2077
f 2486/2642/2075 2487/2643/2076 2490/2646/2079 2489/2645/2078
f 2487/2643/2076 2460/2616/2048 2451/2607/2038 2490/2646/2079
f 2481/2637/2069 2488/2644/2077 2491/2647/2080 2430/2586/2016
f 2488/2644/2077 2489/2645/2078 2492/2648/2081 2491/2647/2080
f 2489/2645/2078 2490/2646/2079 2493/2649/2082 2492/2648/2081
f 2490/2646/2079 2451/2607/2038 2447/2603/2034 2493/2649/2082
f 2430/2586/2016 2491/2647/2080 2425/2581/2011 2428/2584/2014
f 2491/2647/2080 2492/2648/2081 2432/2588/2019 2425/2581/2011
f 2492/2648/2081 2493/2649/2082 2437/2593/2024 2432/2588/2019
f 2493/2649/2082 2447/2603/2034 2441/2597/2028 2437/2593/2024
f 2494/2650/2083 2495/2651/2084 2496/2652/2084 2497/2653/2083
f 2498/2654/2085 2499/2655/2086 2500/2656/2087 2501/2657/2088
f 2501/2657/2088 2500/2656/2087 2502/2658/2089 2503/2659/2090
f 2500/2656/2087 2504/2660/2091 2495/2651/2092 2502/2658/2089
f 2505/2661/2093 2506/2662/2094 2499/2655/2086 2498/2654/2085
f 2499/2655/2086 2507/2663/2095 2504/2660/2091 2500/2656/2087
f 2507/2663/2096 2508/2664/2097 2509/2665/2098 2504/2660/2098
f 2510/2666/2099 2511/2667/2100 2506/2662/2094 2505/2661/2093
f 2506/2662/2094 2512/2668/2101 2507/2663/2095 2499/2655/2086
f 2512/2668/2102 2513/2669/2102 2508/2664/2097 2507/2663/2096
f 2514/2670/2103 2515/2671/2104 2511/2667/2100 2510/2666/2099
f 2511/2667/2100 2516/2672/2105 2512/2668/2101 2506/2662/2094
f 2516/2672/2106 2517/2673/2106 2513/2669/2102 2512/2668/2102
f 2515/2671/2104 2518/2674/2107 2516/2672/2105 2511/2667/2100
f 2518/2674/2108 2519/2675/2108 2517/2673/2106 2516/2672/2106
f 2520/2676/2109 2521/2677/2110 2515/2671/2104 2514/2670/2103
f 2521/2677/2110 2522/2678/2111 2518/2674/2107 2515/2671/2104
f 2522/2678/2112 2523/2679/2112 2519/2675/2108 2518/2674/2108
f 2524/2680/2113 2525/2681/2114 2521/2677/2110 2520/2676/2109
f 2525/2681/2114 2526/2682/2115 2522/2678/2111 2521/2677/2110
f 2526/2682/2116 2527/2683/2116 2523/2679/2112 2522/2678/2112
f 2528/2684/2117 2529/2685/2118 2526/2682/2115 2525/2681/2114
f 2530/2686/2119 2531/2687/2120 2529/2685/2118 2528/2684/2117
f 2529/2685/2121 2532/2688/2121 2527/2683/2116 2526/2682/2116
f 2533/2689/2122 2528/2684/2117 2525/2681/2114 2524/2680/2113
f 2534/2690/2123 2535/2691/2124 2531/2687/2120 2530/2686/2119
f 2531/2687/2125 2536/2692/2125 2532/2688/2121 2529/2685/2121
f 2537/2693/2126 2530/2686/2119 2528/2684/2117 2533/2689/2122
f 2538/2694/2127 2539/2695/2128 2540/2696/2129 2535/2691/2129
f 2535/2691/2129 2540/2696/2129 2536/2692/2125 2531/2687/2125
f 2541/2697/2130 2534/2690/2123 2530/2686/2119 2537/2693/2126
f 2542/2698/2131 2543/2699/2132 2539/2695/2128 2538/2694/2127
f 2544/2700/2133 2545/2701/2134 2534/2690/2123 2541/2697/2130
f 2545/2701/2134 2538/2694/2135 2535/2691/2124 2534/2690/2123
f 2546/2702/2136 2547/2703/2137 2543/2699/2132 2542/2698/2131
f 2548/2704/2138 2549/2705/2139 2545/2701/2134 2544/2700/2133
f 2549/2705/2139 2542/2698/2140 2538/2694/2135 2545/2701/2134
f 2550/2706/2141 2551/2707/2142 2552/2708/2143 2553/2709/2144
f 2553/2709/2144 2552/2708/2143 2549/2705/2139 2548/2704/2138
f 2552/2708/2143 2546/2702/2145 2542/2698/2140 2549/2705/2139
f 2554/2710/2146 2555/2711/2147 2551/2707/2142 2550/2706/2141
f 2504/2660/2098 2509/2665/2098 2496/2652/2084 2495/2651/2084
f 2551/2707/2142 2556/2712/2148 2546/2702/2145 2552/2708/2143
f 2556/2712/2149 2557/2713/2149 2547/2703/2137 2546/2702/2136
f 2494/2650/2150 2555/2711/2147 2502/2658/2089 2495/2651/2092
f 2555/2711/2147 2494/2650/2150 2556/2712/2148 2551/2707/2142
f 2494/2650/2083 2497/2653/2083 2557/2713/2149 2556/2712/2149
f 2555/2711/2147 2554/2710/2146 2503/2659/2090 2502/2658/2089
f 2553/2709/2144 2548/2704/2138 2558/2714/2151 2550/2706/2141
f 2548/2704/2138 2544/2700/2133 2559/2715/2152 2558/2714/2151
f 2544/2700/2133 2541/2697/2130 2560/2716/2153 2559/2715/2152
f 2541/2697/2130 2537/2693/2126 2533/2689/2122 2560/2716/2153
f 2550/2706/2141 2558/2714/2151 2561/2717/2154 2554/2710/2146
f 2558/2714/2151 2559/2715/2152 2562/2718/2155 2561/2717/2154
f 2559/2715/2152 2560/2716/2153 2563/2719/2156 2562/2718/2155
f 2560/2716/2153 2533/2689/2122 2524/2680/2113 2563/2719/2156
f 2554/2710/2146 2561/2717/2154 2564/2720/2157 2503/2659/2090
f 2561/2717/2154 2562/2718/2155 2565/2721/2158 2564/2720/2157
f 2562/2718/2155 2563/2719/2156 2566/2722/2159 2565/2721/2158
f 2563/2719/2156 2524/2680/2113 2520/2676/2109 2566/2722/2159
f 2503/2659/2090 2564/2720/2157 2498/2654/2085 2501/2657/2088
f 2564/2720/2157 2565/2721/2158 2505/2661/2093 2498/2654/2085
f 2565/2721/2158 2566/2722/2159 2510/2666/2099 2505/2661/2093
f 2566/2722/2159 2520/2676/2109 2514/2670/2103 2510/2666/2099
f 2567/2723/2083 2568/2724/2084 2569/2725/2084 2570/2726/2083
f 2571/2727/2085 2572/2728/2160 2573/2729/2087 2574/2730/2088
f 2574/2730/2088 2573/2729/2087 2575/2731/2089 2576/2732/2090
f 2573/2729/2087 2577/2733/2091 2568/2724/2092 2575/2731/2089
f 2578/2734/2093 2579/2735/2094 2572/2728/2160 2571/2727/2085
f 2572/2728/2160 2580/2736/2161 2577/2733/2091 2573/2729/2087
f 2580/2736/2162 2581/2737/2162 2582/2738/2163 2577/2733/2163
f 2583/2739/2099 2584/2740/2100 2579/2735/2094 2578/2734/2093
f 2579/2735/2094 2585/2741/2101 2580/2736/2161 2572/2728/2160
f 2585/2741/2102 2586/2742/2164 2581/2737/2162 2580/2736/2162
f 2587/2743/2103 2588/2744/2104 2584/2740/2100 2583/2739/2099
f 2584/2740/2100 2589/2745/2105 2585/2741/2101 2579/2735/2094
f 2589/2745/2106 2590/2746/2106 2586/2742/2164 2585/2741/2102
f 2588/2744/2104 2591/2747/2107 2589/2745/2105 2584/2740/2100
f 2591/2747/2108 2592/2748/2108 2590/2746/2106 2589/2745/2106
f 2593/2749/2109 2594/2750/2110 2588/2744/2104 2587/2743/2103
f 2594/2750/2110 2595/2751/2111 2591/2747/2107 2588/2744/2104
f 2595/2751/2112 2596/2752/2112 2592/2748/2108 2591/2747/2108
f 2597/2753/2113 2598/2754/2114 2594/2750/2110 2593/2749/2109
f 2598/2754/2114 2599/2755/2115 2595/2751/2111 2594/2750/2110
f 2599/2755/2116 2600/2756/2116 2596/2752/2112 2595/2751/2112
f 2601/2757/2165 2602/2758/2166 2599/2755/2115 2598/2754/2114
f 2603/2759/2119 2604/2760/2167 2602/2758/2166 2601/2757/2165
f 2602/2758/2168 2605/2761/2168 2600/2756/2116 2599/2755/2116
f 2606/2762/2122 2601/2757/2165 2598/2754/2114 2597/2753/2113
f 2607/2763/2169 2608/2764/2124 2604/2760/2167 2603/2759/2119
f 2604/2760/2170 2609/2765/2170 2605/2761/2168 2602/2758/2168
f 2610/2766/2126 2603/2759/2119 2601/2757/2165 2606/2762/2122
f 2611/2767/2127 2612/2768/2128 2613/2769/2129 2608/2764/2129
f 2608/2764/2129 2613/2769/2129 2609/2765/2170 2604/2760/2170
f 2614/2770/2130 2607/2763/2169 2603/2759/2119 2610/2766/2126
f 2615/2771/2131 2616/2772/2132 2612/2768/2128 2611/2767/2127
f 2617/2773/2133 2618/2774/2134 2607/2763/2169 2614/2770/2130
f 2618/2774/2134 2611/2767/2135 2608/2764/2124 2607/2763/2169
f 2619/2775/2136 2620/2776/2137 2616/2772/2132 2615/2771/2131
f 2621/2777/2138 2622/2778/2139 2618/2774/2134 2617/2773/2133
f 2622/2778/2139 2615/2771/2140 2611/2767/2135 2618/2774/2134
f 2623/2779/2141 2624/2780/2142 2625/2781/2143 2626/2782/2144
f 2626/2782/2144 2625/2781/2143 2622/2778/2139 2621/2777/2138
f 2625/2781/2143 2619/2775/2145 2615/2771/2140 2622/2778/2139
f 2627/2783/2146 2628/2784/2147 2624/2780/2142 2623/2779/2141
f 2577/2733/2163 2582/2738/2163 2569/2725/2084 2568/2724/2084
f 2624/2780/2142 2629/2785/2148 2619/2775/2145 2625/2781/2143
f 2629/2785/2149 2630/2786/2149 2620/2776/2137 2619/2775/2136
f 2567/2723/2150 2628/2784/2147 2575/2731/2089 2568/2724/2092
f 2628/2784/2147 2567/2723/2150 2629/2785/2148 2624/2780/2142
f 2567/2723/2083 2570/2726/2083 2630/2786/2149 2629/2785/2149
f 2628/2784/2147 2627/2783/2146 2576/2732/2090 2575/2731/2089
f 2626/2782/2144 2621/2777/2138 2631/2787/2151 2623/2779/2141
f 2621/2777/2138 2617/2773/2133 2632/2788/2152 2631/2787/2151
f 2617/2773/2133 2614/2770/2130 2633/2789/2153 2632/2788/2152
f 2614/2770/2130 2610/2766/2126 2606/2762/2122 2633/2789/2153
f 2623/2779/2141 2631/2787/2151 2634/2790/2171 2627/2783/2146
f 2631/2787/2151 2632/2788/2152 2635/2791/2155 2634/2790/2171
f 2632/2788/2152 2633/2789/2153 2636/2792/2156 2635/2791/2155
f 2633/2789/2153 2606/2762/2122 2597/2753/2113 2636/2792/2156
f 2627/2783/2146 2634/2790/2171 2637/2793/2157 2576/2732/2090
f 2634/2790/2171 2635/2791/2155 2638/2794/2158 2637/2793/2157
f 2635/2791/2155 2636/2792/2156 2639/2795/2159 2638/2794/2158
f 2636/2792/2156 2597/2753/2113 2593/2749/2109 2639/2795/2159
f 2576/2732/2090 2637/2793/2157 2571/2727/2085 2574/2730/2088
f 2637/2793/2157 2638/2794/2158 2578/2734/2093 2571/2727/2085
f 2638/2794/2158 2639/2795/2159 2583/2739/2099 2578/2734/2093
f 2639/2795/2159 2593/2749/2109 2587/2743/2103 2583/2739/2099
f 2640/2796/2172 2641/2797/2172 2642/2798/2173 2643/2799/2174
f 2644/2800/2175 2645/2801/2176 2646/2802/2177 2647/2803/2178
f 2645/2801/2176 2648/2804/2179 2649/2805/2180 2646/2802/2177
f 2646/2802/2177 2649/2805/2180 2643/2799/2181 2650/2806/2182
f 2651/2807/2183 2644/2800/2175 2647/2803/2178 2652/2808/2184
f 2647/2803/2178 2646/2802/2177 2650/2806/2182 2653/2809/2185
f 2653/2809/2186 2650/2806/2187 2654/2810/2187 2655/2811/2186
f 2656/2812/2188 2651/2807/2183 2652/2808/2184 2657/2813/2189
f 2652/2808/2184 2647/2803/2178 2653/2809/2185 2658/2814/2190
f 2658/2814/2191 2653/2809/2186 2655/2811/2186 2659/2815/2191
f 2660/2816/2192 2656/2812/2188 2657/2813/2189 2661/2817/2193
f 2657/2813/2189 2652/2808/2184 2658/2814/2190 2662/2818/2194
f 2662/2818/2195 2658/2814/2191 2659/2815/2191 2663/2819/2195
f 2661/2817/2193 2657/2813/2189 2662/2818/2194 2664/2820/2196
f 2664/2820/2197 2662/2818/2195 2663/2819/2195 2665/2821/2197
f 2666/2822/2198 2660/2816/2192 2661/2817/2193 2667/2823/2199
f 2667/2823/2199 2661/2817/2193 2664/2820/2196 2668/2824/2200
f 2668/2824/2201 2664/2820/2197 2665/2821/2197 2669/2825/2201
f 2670/2826/2202 2666/2822/2198 2667/2823/2199 2671/2827/2203
f 2671/2827/2203 2667/2823/2199 2668/2824/2200 2672/2828/2204
f 2672/2828/2205 2668/2824/2201 2669/2825/2201 2673/2829/2206
f 2674/2830/2207 2671/2827/2203 2672/2828/2204 2675/2831/2208
f 2676/2832/2209 2674/2830/2207 2675/2831/2208 2677/2833/2210
f 2675/2831/2211 2672/2828/2205 2673/2829/2206 2678/2834/2212
f 2679/2835/2213 2670/2826/2202 2671/2827/2203 2674/2830/2207
f 2680/2836/2214 2676/2832/2209 2677/2833/2210 2681/2837/2215
f 2677/2833/2216 2675/2831/2211 2678/2834/2212 2682/2838/2216
f 2683/2839/2217 2679/2835/2213 2674/2830/2207 2676/2832/2209
f 2684/2840/2218 2681/2837/2219 2685/2841/2219 2686/2842/2218
f 2681/2837/2219 2677/2833/2216 2682/2838/2216 2685/2841/2219
f 2687/2843/2220 2683/2839/2217 2676/2832/2209 2680/2836/2214
f 2688/2844/2221 2684/2840/2218 2686/2842/2218 2689/2845/2221
f 2690/2846/2222 2687/2843/2220 2680/2836/2214 2691/2847/2223
f 2691/2847/2223 2680/2836/2214 2681/2837/2215 2684/2840/2224
f 2692/2848/2225 2688/2844/2221 2689/2845/2221 2693/2849/2225
f 2694/2850/2226 2690/2846/2222 2691/2847/2223 2695/2851/2227
f 2695/2851/2227 2691/2847/2223 2684/2840/2224 2688/2844/2228
f 2696/2852/2229 2697/2853/2230 2698/2854/2231 2699/2855/2232
f 2697/2853/2230 2694/2850/2226 2695/2851/2227 2698/2854/2231
f 2698/2854/2231 2695/2851/2227 2688/2844/2228 2692/2848/2233
f 2700/2856/2234 2696/2852/2229 2699/2855/2232 2701/2857/2235
f 2650/2806/2187 2643/2799/2174 2642/2798/2173 2654/2810/2187
f 2699/2855/2232 2698/2854/2231 2692/2848/2233 2702/2858/2236
f 2702/2858/2237 2692/2848/2225 2693/2849/2225 2703/2859/2238
f 2640/2796/2239 2643/2799/2181 2649/2805/2180 2701/2857/2235
f 2701/2857/2235 2699/2855/2232 2702/2858/2236 2640/2796/2239
f 2640/2796/2172 2702/2858/2237 2703/2859/2238 2641/2797/2172
f 2701/2857/2235 2649/2805/2180 2648/2804/2179 2700/2856/2234
f 2697/2853/2230 2696/2852/2229 2704/2860/2240 2694/2850/2226
f 2694/2850/2226 2704/2860/2240 2705/2861/2241 2690/2846/2222
f 2690/2846/2222 2705/2861/2241 2706/2862/2242 2687/2843/2220
f 2687/2843/2220 2706/2862/2242 2679/2835/2213 2683/2839/2217
f 2696/2852/2229 2700/2856/2234 2707/2863/2243 2704/2860/2240
f 2704/2860/2240 2707/2863/2243 2708/2864/2244 2705/2861/2241
f 2705/2861/2241 2708/2864/2244 2709/2865/2245 2706/2862/2242
f 2706/2862/2242 2709/2865/2245 2670/2826/2202 2679/2835/2213
f 2700/2856/2234 2648/2804/2179 2710/2866/2246 2707/2863/2243
f 2707/2863/2243 2710/2866/2246 2711/2867/2247 2708/2864/2244
f 2708/2864/2244 2711/2867/2247 2712/2868/2248 2709/2865/2245
f 2709/2865/2245 2712/2868/2248 2666/2822/2198 2670/2826/2202
f 2648/2804/2179 2645/2801/2176 2644/2800/2175 2710/2866/2246
f 2710/2866/2246 2644/2800/2175 2651/2807/2183 2711/2867/2247
f 2711/2867/2247 2651/2807/2183 2656/2812/2188 2712/2868/2248
f 2712/2868/2248 2656/2812/2188 2660/2816/2192 2666/2822/2198
f 2713/2869/2249 2714/2870/2250 2715/2871/2250 2716/2872/2249
f 2717/2873/2251 2718/2874/2252 2719/2875/2253 2720/2876/2254
f 2720/2876/2254 2719/2875/2253 2721/2877/2255 2722/2878/2256
f 2719/2875/2253 2723/2879/2257 2714/2870/2258 2721/2877/2255
f 2724/2880/2259 2725/2881/2260 2718/2874/2252 2717/2873/2251
f 2718/2874/2252 2726/2882/2261 2723/2879/2257 2719/2875/2253
f 2726/2882/2262 2727/2883/2262 2728/2884/2263 2723/2879/2263
f 2729/2885/2264 2730/2886/2265 2725/2881/2260 2724/2880/2259
f 2725/2881/2260 2731/2887/2266 2726/2882/2261 2718/2874/2252
f 2731/2887/2267 2732/2888/2267 2727/2883/2262 2726/2882/2262
f 2733/2889/2268 2734/2890/2269 2730/2886/2265 2729/2885/2264
f 2730/2886/2265 2735/2891/2270 2731/2887/2266 2725/2881/2260
f 2735/2891/2271 2736/2892/2272 2732/2888/2267 2731/2887/2267
f 2734/2890/2269 2737/2893/2273 2735/2891/2270 2730/2886/2265
f 2737/2893/2274 2738/2894/2275 2736/2892/2272 2735/2891/2271
f 2739/2895/2276 2740/2896/2277 2734/2890/2269 2733/2889/2268
f 2740/2896/2277 2741/2897/2278 2737/2893/2273 2734/2890/2269
f 2741/2897/2279 2742/2898/2279 2738/2894/2275 2737/2893/2274
f 2743/2899/2280 2744/2900/2281 2740/2896/2277 2739/2895/2276
f 2744/2900/2281 2745/2901/2282 2741/2897/2278 2740/2896/2277
f 2745/2901/2283 2746/2902/2283 2742/2898/2279 2741/2897/2279
f 2747/2903/2284 2748/2904/2285 2745/2901/2282 2744/2900/2281
f 2749/2905/2286 2750/2906/2287 2748/2904/2285 2747/2903/2284
f 2748/2904/2288 2751/2907/2289 2746/2902/2283 2745/2901/2283
f 2752/2908/2290 2747/2903/2284 2744/2900/2281 2743/2899/2280
f 2753/2909/2291 2754/2910/2292 2750/2906/2287 2749/2905/2286
f 2750/2906/2293 2755/2911/2293 2751/2907/2289 2748/2904/2288
f 2756/2912/2294 2749/2905/2286 2747/2903/2284 2752/2908/2290
f 2757/2913/2295 2758/2914/2295 2759/2915/2296 2754/2910/2297
f 2754/2910/2297 2759/2915/2296 2755/2911/2293 2750/2906/2293
f 2760/2916/2298 2753/2909/2291 2749/2905/2286 2756/2912/2294
f 2761/2917/2299 2762/2918/2299 2758/2914/2295 2757/2913/2295
f 2763/2919/2300 2764/2920/2301 2753/2909/2291 2760/2916/2298
f 2764/2920/2301 2757/2913/2302 2754/2910/2292 2753/2909/2291
f 2765/2921/2303 2766/2922/2303 2762/2918/2299 2761/2917/2299
f 2767/2923/2304 2768/2924/2305 2764/2920/2301 2763/2919/2300
f 2768/2924/2305 2761/2917/2306 2757/2913/2302 2764/2920/2301
f 2769/2925/2307 2770/2926/2308 2771/2927/2309 2772/2928/2310
f 2772/2928/2310 2771/2927/2309 2768/2924/2305 2767/2923/2304
f 2771/2927/2309 2765/2921/2311 2761/2917/2306 2768/2924/2305
f 2773/2929/2312 2774/2930/2313 2770/2926/2308 2769/2925/2307
f 2723/2879/2263 2728/2884/2263 2715/2871/2250 2714/2870/2250
f 2770/2926/2308 2775/2931/2314 2765/2921/2311 2771/2927/2309
f 2775/2931/2315 2776/2932/2315 2766/2922/2303 2765/2921/2303
f 2713/2869/2316 2774/2930/2313 2721/2877/2255 2714/2870/2258
f 2774/2930/2313 2713/2869/2316 2775/2931/2314 2770/2926/2308
f 2713/2869/2249 2716/2872/2249 2776/2932/2315 2775/2931/2315
f 2774/2930/2313 2773/2929/2312 2722/2878/2256 2721/2877/2255
f 2772/2928/2310 2767/2923/2304 2777/2933/2317 2769/2925/2307
f 2767/2923/2304 2763/2919/2300 2778/2934/2318 2777/2933/2317
f 2763/2919/2300 2760/2916/2298 2779/2935/2319 2778/2934/2318
f 2760/2916/2298 2756/2912/2294 2752/2908/2290 2779/2935/2319
f 2769/2925/2307 2777/2933/2317 2780/2936/2320 2773/2929/2312
f 2777/2933/2317 2778/2934/2318 2781/2937/2321 2780/2936/2320
f 2778/2934/2318 2779/2935/2319 2782/2938/2322 2781/2937/2321
f 2779/2935/2319 2752/2908/2290 2743/2899/2280 2782/2938/2322
f 2773/2929/2312 2780/2936/2320 2783/2939/2323 2722/2878/2256
f 2780/2936/2320 2781/2937/2321 2784/2940/2324 2783/2939/2323
f 2781/2937/2321 2782/2938/2322 2785/2941/2325 2784/2940/2324
f 2782/2938/2322 2743/2899/2280 2739/2895/2276 2785/2941/2325
f 2722/2878/2256 2783/2939/2323 2717/2873/2251 2720/2876/2254
f 2783/2939/2323 2784/2940/2324 2724/2880/2259 2717/2873/2251
f 2784/2940/2324 2785/2941/2325 2729/2885/2264 2724/2880/2259
f 2785/2941/2325 2739/2895/2276 2733/2889/2268 2729/2885/2264
f 2786/2942/2326 2787/2943/2327 2788/2944/2327 2789/2945/2326
f 2790/2946/2328 2791/2947/2329 2792/2948/2330 2793/2949/2331
f 2793/2949/2331 2792/2948/2330 2794/2950/2332 2795/2951/2333
f 2792/2948/2330 2796/2952/2334 2787/2943/2335 2794/2950/2332
f 2797/2953/2336 2798/2954/2337 2791/2947/2329 2790/2946/2328
f 2791/2947/2329 2799/2955/2338 2796/2952/2334 2792/2948/2330
f 2799/2955/2339 2800/2956/2340 2801/2957/2341 2796/2952/2341
f 2802/2958/2342 2803/2959/2343 2798/2954/2337 2797/2953/2336
f 2798/2954/2337 2804/2960/2344 2799/2955/2338 2791/2947/2329
f 2804/2960/2345 2805/2961/2345 2800/2956/2340 2799/2955/2339
f 2806/2962/2346 2807/2963/2347 2803/2959/2343 2802/2958/2342
f 2803/2959/2343 2808/2964/2348 2804/2960/2344 2798/2954/2337
f 2808/2964/2349 2809/2965/2349 2805/2961/2345 2804/2960/2345
f 2807/2963/2347 2810/2966/2350 2808/2964/2348 2803/2959/2343
f 2810/2966/2351 2811/2967/2351 2809/2965/2349 2808/2964/2349
f 2812/2968/2352 2813/2969/2353 2807/2963/2347 2806/2962/2346
f 2813/2969/2353 2814/2970/2354 2810/2966/2350 2807/2963/2347
f 2814/2970/2355 2815/2971/2355 2811/2967/2351 2810/2966/2351
f 2816/2972/2356 2817/2973/2357 2813/2969/2353 2812/2968/2352
f 2817/2973/2357 2818/2974/2358 2814/2970/2354 2813/2969/2353
f 2818/2974/2359 2819/2975/2360 2815/2971/2355 2814/2970/2355
f 2820/2976/2361 2821/2977/2362 2818/2974/2358 2817/2973/2357
f 2822/2978/2363 2823/2979/2364 2821/2977/2362 2820/2976/2361
f 2821/2977/2365 2824/2980/2365 2819/2975/2360 2818/2974/2359
f 2825/2981/2366 2820/2976/2361 2817/2973/2357 2816/2972/2356
f 2826/2982/2367 2827/2983/2368 2823/2979/2364 2822/2978/2363
f 2823/2979/2369 2828/2984/2369 2824/2980/2365 2821/2977/2365
f 2829/2985/2370 2822/2978/2363 2820/2976/2361 2825/2981/2366
f 2830/2986/2371 2831/2987/2371 2832/2988/2372 2827/2983/2372
f 2827/2983/2372 2832/2988/2372 2828/2984/2369 2823/2979/2369
f 2833/2989/2373 2826/2982/2367 2822/2978/2363 2829/2985/2370
f 2834/2990/2374 2835/2991/2374 2831/2987/2371 2830/2986/2371
f 2836/2992/2375 2837/2993/2376 2826/2982/2367 2833/2989/2373
f 2837/2993/2376 2830/2986/2377 2827/2983/2368 2826/2982/2367
f 2838/2994/2378 2839/2995/2379 2835/2991/2374 2834/2990/2374
f 2840/2996/2380 2841/2997/2381 2837/2993/2376 2836/2992/2375
f 2841/2997/2381 2834/2990/2382 2830/2986/2377 2837/2993/2376
f 2842/2998/2383 2843/2999/2384 2844/3000/2385 2845/3001/2386
f 2845/3001/2386 2844/3000/2385 2841/2997/2381 2840/2996/2380
f 2844/3000/2385 2838/2994/2387 2834/2990/2382 2841/2997/2381
f 2846/3002/2388 2847/3003/2389 2843/2999/2384 2842/2998/2383
f 2796/2952/2341 2801/2957/2341 2788/2944/2327 2787/2943/2327
f 2843/2999/2384 2848/3004/2390 2838/2994/2387 2844/3000/2385
f 2848/3004/2391 2849/3005/2391 2839/2995/2379 2838/2994/2378
f 2786/2942/2392 2847/3003/2389 2794/2950/2332 2787/2943/2335
f 2847/3003/2389 2786/2942/2392 2848/3004/2390 2843/2999/2384
f 2786/2942/2326 2789/2945/2326 2849/3005/2391 2848/3004/2391
f 2847/3003/2389 2846/3002/2388 2795/2951/2333 2794/2950/2332
f 2845/3001/2386 2840/2996/2380 2850/3006/2393 2842/2998/2383
f 2840/2996/2380 2836/2992/2375 2851/3007/2394 2850/3006/2393
f 2836/2992/2375 2833/2989/2373 2852/3008/2395 2851/3007/2394
f 2833/2989/2373 2829/2985/2370 2825/2981/2366 2852/3008/2395
f 2842/2998/2383 2850/3006/2393 2853/3009/2396 2846/3002/2388
f 2850/3006/2393 2851/3007/2394 2854/3010/2397 2853/3009/2396
f 2851/3007/2394 2852/3008/2395 2855/3011/2398 2854/3010/2397
f 2852/3008/2395 2825/2981/2366 2816/2972/2356 2855/3011/2398
f 2846/3002/2388 2853/3009/2396 2856/3012/2399 2795/2951/2333
f 2853/3009/2396 2854/3010/2397 2857/3013/2400 2856/3012/2399
f 2854/3010/2397 2855/3011/2398 2858/3014/2401 2857/3013/2400
f 2855/3011/2398 2816/2972/2356 2812/2968/2352 2858/3014/2401
f 2795/2951/2333 2856/3012/2399 2790/2946/2328 2793/2949/2331
f 2856/3012/2399 2857/3013/2400 2797/2953/2336 2790/2946/2328
f 2857/3013/2400 2858/3014/2401 2802/2958/2342 2797/2953/2336
f 2858/3014/2401 2812/2968/2352 2806/2962/2346 2802/2958/2342
f 2859/3015/2326 2860/3016/2327 2861/3017/2327 2862/3018/2326
f 2863/3019/2328 2864/3020/2329 2865/3021/2330 2866/3022/2331
f 2866/3022/2331 2865/3021/2330 2867/3023/2332 2868/3024/2333
f 2865/3021/2330 2869/3025/2334 2860/3016/2335 2867/3023/2332
f 2870/3026/2336 2871/3027/2402 2864/3020/2329 2863/3019/2328
f 2864/3020/2329 2872/3028/2338 2869/3025/2334 2865/3021/2330
f 2872/3028/2339 2873/3029/2340 2874/3030/2341 2869/3025/2341
f 2875/3031/2342 2876/3032/2343 2871/3027/2402 2870/3026/2336
f 2871/3027/2402 2877/3033/2344 2872/3028/2338 2864/3020/2329
f 2877/3033/2345 2878/3034/2345 2873/3029/2340 2872/3028/2339
f 2879/3035/2346 2880/3036/2347 2876/3032/2343 2875/3031/2342
f 2876/3032/2343 2881/3037/2348 2877/3033/2344 2871/3027/2402
f 2881/3037/2349 2882/3038/2349 2878/3034/2345 2877/3033/2345
f 2880/3036/2347 2883/3039/2350 2881/3037/2348 2876/3032/2343
f 2883/3039/2351 2884/3040/2403 2882/3038/2349 2881/3037/2349
f 2885/3041/2352 2886/3042/2353 2880/3036/2347 2879/3035/2346
f 2886/3042/2353 2887/3043/2354 2883/3039/2350 2880/3036/2347
f 2887/3043/2355 2888/3044/2355 2884/3040/2403 2883/3039/2351
f 2889/3045/2356 2890/3046/2357 2886/3042/2353 2885/3041/2352
f 2890/3046/2357 2891/3047/2358 2887/3043/2354 2886/3042/2353
f 2891/3047/2359 2892/3048/2360 2888/3044/2355 2887/3043/2355
f 2893/3049/2361 2894/3050/2404 2891/3047/2358 2890/3046/2357
f 2895/3051/2363 2896/3052/2405 2894/3050/2404 2893/3049/2361
f 2894/3050/2365 2897/3053/2365 2892/3048/2360 2891/3047/2359
f 2898/3054/2366 2893/3049/2361 2890/3046/2357 2889/3045/2356
f 2899/3055/2367 2900/3056/2406 2896/3052/2405 2895/3051/2363
f 2896/3052/2407 2901/3057/2407 2897/3053/2365 2894/3050/2365
f 2902/3058/2370 2895/3051/2363 2893/3049/2361 2898/3054/2366
f 2903/3059/2371 2904/3060/2371 2905/3061/2408 2900/3056/2408
f 2900/3056/2408 2905/3061/2408 2901/3057/2407 2896/3052/2407
f 2906/3062/2409 2899/3055/2367 2895/3051/2363 2902/3058/2370
f 2907/3063/2410 2908/3064/2411 2904/3060/2371 2903/3059/2371
f 2909/3065/2375 2910/3066/2376 2899/3055/2367 2906/3062/2409
f 2910/3066/2376 2903/3059/2412 2900/3056/2406 2899/3055/2367
f 2911/3067/2379 2912/3068/2378 2908/3064/2411 2907/3063/2410
f 2913/3069/2380 2914/3070/2381 2910/3066/2376 2909/3065/2375
f 2914/3070/2381 2907/3063/2413 2903/3059/2412 2910/3066/2376
f 2915/3071/2383 2916/3072/2384 2917/3073/2385 2918/3074/2386
f 2918/3074/2386 2917/3073/2385 2914/3070/2381 2913/3069/2380
f 2917/3073/2385 2911/3067/2387 2907/3063/2413 2914/3070/2381
f 2919/3075/2388 2920/3076/2389 2916/3072/2384 2915/3071/2383
f 2869/3025/2341 2874/3030/2341 2861/3017/2327 2860/3016/2327
f 2916/3072/2384 2921/3077/2390 2911/3067/2387 2917/3073/2385
f 2921/3077/2391 2922/3078/2414 2912/3068/2378 2911/3067/2379
f 2859/3015/2392 2920/3076/2389 2867/3023/2332 2860/3016/2335
f 2920/3076/2389 2859/3015/2392 2921/3077/2390 2916/3072/2384
f 2859/3015/2326 2862/3018/2326 2922/3078/2414 2921/3077/2391
f 2920/3076/2389 2919/3075/2388 2868/3024/2333 2867/3023/2332
f 2918/3074/2386 2913/3069/2380 2923/3079/2393 2915/3071/2383
f 2913/3069/2380 2909/3065/2375 2924/3080/2394 2923/3079/2393
f 2909/3065/2375 2906/3062/2409 2925/3081/2395 2924/3080/2394
f 2906/3062/2409 2902/3058/2370 2898/3054/2366 2925/3081/2395
f 2915/3071/2383 2923/3079/2393 2926/3082/2396 2919/3075/2388
f 2923/3079/2393 2924/3080/2394 2927/3083/2397 2926/3082/2396
f 2924/3080/2394 2925/3081/2395 2928/3084/2398 2927/3083/2397
f 2925/3081/2395 2898/3054/2366 2889/3045/2356 2928/3084/2398
f 2919/3075/2388 2926/3082/2396 2929/3085/2399 2868/3024/2333
f 2926/3082/2396 2927/3083/2397 2930/3086/2400 2929/3085/2399
f 2927/3083/2397 2928/3084/2398 2931/3087/2401 2930/3086/2400
f 2928/3084/2398 2889/3045/2356 2885/3041/2352 2931/3087/2401
f 2868/3024/2333 2929/3085/2399 2863/3019/2328 2866/3022/2331
f 2929/3085/2399 2930/3086/2400 2870/3026/2336 2863/3019/2328
f 2930/3086/2400 2931/3087/2401 2875/3031/2342 2870/3026/2336
f 2931/3087/2401 2885/3041/2352 2879/3035/2346 2875/3031/2342
f 2932/3088/2415 2933/3089/2415 2934/3090/2416 2935/3091/2417
f 2936/3092/2418 2937/3093/2419 2938/3094/2420 2939/3095/2421
f 2937/3093/2419 2940/3096/2422 2941/3097/2423 2938/3094/2420
f 2938/3094/2420 2941/3097/2423 2935/3091/2424 2942/3098/2425
f 2943/3099/2426 2936/3092/2418 2939/3095/2421 2944/3100/2427
f 2939/3095/2421 2938/3094/2420 2942/3098/2425 2945/3101/2428
f 2945/3101/2429 2942/3098/2430 2946/3102/2430 2947/3103/2429
f 2948/3104/2431 2943/3099/2426 2944/3100/2427 2949/3105/2432
f 2944/3100/2427 2939/3095/2421 2945/3101/2428 2950/3106/2433
f 2950/3106/2434 2945/3101/2429 2947/3103/2429 2951/3107/2434
f 2952/3108/2435 2948/3104/2431 2949/3105/2432 2953/3109/2436
f 2949/3105/2432 2944/3100/2427 2950/3106/2433 2954/3110/2437
f 2954/3110/2438 2950/3106/2434 2951/3107/2434 2955/3111/2439
f 2953/3109/2436 2949/3105/2432 2954/3110/2437 2956/3112/2440
f 2956/3112/2441 2954/3110/2438 2955/3111/2439 2957/3113/2441
f 2958/3114/2442 2952/3108/2435 2953/3109/2436 2959/3115/2443
f 2959/3115/2443 2953/3109/2436 2956/3112/2440 2960/3116/2444
f 2960/3116/2445 2956/3112/2441 2957/3113/2441 2961/3117/2445
f 2962/3118/2446 2958/3114/2442 2959/3115/2443 2963/3119/2447
f 2963/3119/2447 2959/3115/2443 2960/3116/2444 2964/3120/2448
f 2964/3120/2449 2960/3116/2445 2961/3117/2445 2965/3121/2450
f 2966/3122/2451 2963/3119/2447 2964/3120/2448 2967/3123/2452
f 2968/3124/2453 2966/3122/2451 2967/3123/2452 2969/3125/2454
f 2967/3123/2455 2964/3120/2449 2965/3121/2450 2970/3126/2456
f 2971/3127/2457 2962/3118/2446 2963/3119/2447 2966/3122/2451
f 2972/3128/2458 2968/3124/2453 2969/3125/2454 2973/3129/2459
f 2969/3125/2460 2967/3123/2455 2970/3126/2456 2974/3130/2461
f 2975/3131/2462 2971/3127/2457 2966/3122/2451 2968/3124/2453
f 2976/3132/2463 2973/3129/2464 2977/3133/2464 2978/3134/2463
f 2973/3129/2464 2969/3125/2460 2974/3130/2461 2977/3133/2464
f 2979/3135/2465 2975/3131/2462 2968/3124/2453 2972/3128/2458
f 2980/3136/2466 2976/3132/2463 2978/3134/2463 2981/3137/2466
f 2982/3138/2467 2979/3135/2465 2972/3128/2458 2983/3139/2468
f 2983/3139/2468 2972/3128/2458 2973/3129/2459 2976/3132/2469
f 2984/3140/2470 2980/3136/2466 2981/3137/2466 2985/3141/2470
f 2986/3142/2471 2982/3138/2467 2983/3139/2468 2987/3143/2472
f 2987/3143/2472 2983/3139/2468 2976/3132/2469 2980/3136/2473
f 2988/3144/2474 2989/3145/2475 2990/3146/2476 2991/3147/2477
f 2989/3145/2475 2986/3142/2471 2987/3143/2472 2990/3146/2476
f 2990/3146/2476 2987/3143/2472 2980/3136/2473 2984/3140/2478
f 2992/3148/2479 2988/3144/2474 2991/3147/2477 2993/3149/2480
f 2942/3098/2430 2935/3091/2417 2934/3090/2416 2946/3102/2430
f 2991/3147/2477 2990/3146/2476 2984/3140/2478 2994/3150/2481
f 2994/3150/2482 2984/3140/2470 2985/3141/2470 2995/3151/2482
f 2932/3088/2483 2935/3091/2424 2941/3097/2423 2993/3149/2480
f 2993/3149/2480 2991/3147/2477 2994/3150/2481 2932/3088/2483
f 2932/3088/2415 2994/3150/2482 2995/3151/2482 2933/3089/2415
f 2993/3149/2480 2941/3097/2423 2940/3096/2422 2992/3148/2479
f 2989/3145/2475 2988/3144/2474 2996/3152/2484 2986/3142/2471
f 2986/3142/2471 2996/3152/2484 2997/3153/2485 2982/3138/2467
f 2982/3138/2467 2997/3153/2485 2998/3154/2486 2979/3135/2465
f 2979/3135/2465 2998/3154/2486 2971/3127/2457 2975/3131/2462
f 2988/3144/2474 2992/3148/2479 2999/3155/2487 2996/3152/2484
f 2996/3152/2484 2999/3155/2487 3000/3156/2488 2997/3153/2485
f 2997/3153/2485 3000/3156/2488 3001/3157/2489 2998/3154/2486
f 2998/3154/2486 3001/3157/2489 2962/3118/2446 2971/3127/2457
f 2992/3148/2479 2940/3096/2422 3002/3158/2490 2999/3155/2487
f 2999/3155/2487 3002/3158/2490 3003/3159/2491 3000/3156/2488
f 3000/3156/2488 3003/3159/2491 3004/3160/2492 3001/3157/2489
f 3001/3157/2489 3004/3160/2492 2958/3114/2442 2962/3118/2446
f 2940/3096/2422 2937/3093/2419 2936/3092/2418 3002/3158/2490
f 3002/3158/2490 2936/3092/2418 2943/3099/2426 3003/3159/2491
f 3003/3159/2491 2943/3099/2426 2948/3104/2431 3004/3160/2492
f 3004/3160/2492 2948/3104/2431 2952/3108/2435 2958/3114/2442
f 3005/3161/2493 3006/3162/2494 3007/3163/2495 3008/3164/2496
f 3006/3162/2494 3009/3165/2497 3010/3166/2498 3007/3163/2495
f 3011/3167/2499 3012/3168/2500 3013/3169/2501 3014/3170/2502
f 3012/3168/2500 3015/3171/2503 3016/3172/2504 3013/3169/2501
f 3017/3173/2505 3018/3174/2506 3019/3175/2507 3020/3176/2508
f 3018/3174/2506 3021/3177/2509 3022/3178/2510 3019/3175/2507
f 3023/3179/2511 3024/3180/2512 3025/3181/2513 3026/3182/2514
f 3024/3180/2512 3027/3183/2515 3028/3184/2516 3025/3181/2513
f 3029/3185/2517 3030/3186/2518 3031/3187/2519 3032/3188/2520
f 3030/3186/2518 3033/3189/2521 3034/3190/2522 3031/3187/2519
f 3035/3191/2523 3036/3192/2524 3037/3193/2525 3038/3194/2526
f 3036/3192/2524 3039/3195/2527 3040/3196/2528 3037/3193/2525
f 3041/3197/2529 3042/3198/2530 3043/3199/2531 3044/3200/2532
f 3042/3198/2530 3045/3201/2533 3046/3202/2534 3043/3199/2531
f 3047/3203/2535 3048/3204/2536 3049/3205/2537 3050/3206/2538
f 3048/3204/2536 3051/3207/2539 3052/3208/2540 3049/3205/2537
f 3053/3209/2541 3054/3210/2542 3055/3211/2543 3056/3212/2544
f 3005/3161/2493 3057/3213/2545 3058/3214/2546 3006/3162/2494
f 3049/3205/2537 3052/3208/2540 3059/3215/2547 3060/3216/2548
f 3048/3204/2536 3061/3217/2549 3062/3218/2550 3051/3207/2539
f 3050/3206/2538 3049/3205/2537 3060/3216/2548 3063/3219/2551
f 3047/3203/2535 3064/3220/2552 3061/3217/2549 3048/3204/2536
f 3043/3199/2531 3046/3202/2534 3065/3221/2553 3066/3222/2554
f 3042/3198/2530 3067/3223/2555 3068/3224/2556 3045/3201/2533
f 3044/3200/2532 3043/3199/2531 3066/3222/2554 3069/3225/2557
f 3041/3197/2529 3070/3226/2558 3067/3223/2555 3042/3198/2530
f 3037/3193/2525 3040/3196/2528 3071/3227/2559 3072/3228/2560
f 3036/3192/2524 3073/3229/2561 3074/3230/2562 3039/3195/2527
f 3038/3194/2526 3037/3193/2525 3072/3228/2560 3075/3231/2563
f 3035/3191/2523 3076/3232/2564 3073/3229/2561 3036/3192/2524
f 3031/3187/2519 3034/3190/2522 3077/3233/2565 3078/3234/2566
f 3030/3186/2518 3079/3235/2567 3080/3236/2568 3033/3189/2521
f 3032/3188/2520 3031/3187/2519 3078/3234/2566 3081/3237/2569
f 3029/3185/2517 3082/3238/2570 3079/3235/2567 3030/3186/2518
f 3025/3181/2513 3028/3184/2516 3083/3239/2571 3084/3240/2572
f 3024/3180/2512 3085/3241/2573 3086/3242/2574 3027/3183/2515
f 3026/3182/2514 3025/3181/2513 3084/3240/2572 3087/3243/2575
f 3023/3179/2511 3088/3244/2576 3085/3241/2573 3024/3180/2512
f 3019/3175/2507 3022/3178/2510 3089/3245/2577 3090/3246/2578
f 3018/3174/2506 3091/3247/2579 3092/3248/2580 3021/3177/2509
f 3020/3176/2508 3019/3175/2507 3090/3246/2578 3093/3249/2581
f 3017/3173/2505 3094/3250/2582 3091/3247/2579 3018/3174/2506
f 3013/3169/2501 3016/3172/2504 3095/3251/2583 3096/3252/2584
f 3012/3168/2500 3097/3253/2585 3098/3254/2586 3015/3171/2503
f 3014/3170/2502 3013/3169/2501 3096/3252/2584 3099/3255/2587
f 3011/3167/2499 3100/3256/2588 3097/3253/2585 3012/3168/2500
f 3007/3163/2495 3010/3166/2498 3101/3257/2589 3102/3258/2590
f 3006/3162/2494 3058/3214/2546 3103/3259/2591 3009/3165/2497
f 3008/3164/2496 3007/3163/2495 3102/3258/2590 3104/3260/2592
f 3056/3212/2544 3055/3211/2543 3105/3261/2593 3106/3262/2594
f 3107/3263/2595 3108/3264/2596 3109/3265/2597 3110/3266/2598
f 3110/3266/2598 3109/3265/2597 3111/3267/2599 3112/3268/2600
f 3113/3269/2601 3114/3270/2602 3115/3271/2603 3116/3272/2604
f 3116/3272/2604 3115/3271/2603 3117/3273/2605 3118/3274/2606
f 3119/3275/2607 3120/3276/2608 3121/3277/2609 3122/3278/2610
f 3122/3278/2610 3121/3277/2609 3123/3279/2611 3124/3280/2612
f 3125/3281/2613 3126/3282/2614 3127/3283/2615 3128/3284/2616
f 3128/3284/2616 3127/3283/2615 3129/3285/2617 3130/3286/2618
f 3131/3287/2619 3132/3288/2620 3133/3289/2621 3134/3290/2622
f 3134/3290/2622 3133/3289/2621 3135/3291/2623 3136/3292/2624
f 3137/3293/2625 3138/3294/2626 3139/3295/2627 3140/3296/2628
f 3140/3296/2628 3139/3295/2627 3141/3297/2629 3142/3298/2630
f 3143/3299/2631 3144/3300/2632 3145/3301/2633 3146/3302/2634
f 3146/3302/2634 3145/3301/2633 3147/3303/2635 3148/3304/2636
f 3053/3209/2541 3056/3212/2544 3149/3305/2637 3150/3306/2638
f 3145/3301/2633 3151/3307/2639 3152/3308/2640 3147/3303/2635
f 3146/3302/2634 3148/3304/2636 3153/3309/2641 3154/3310/2642
f 3144/3300/2632 3155/3311/2643 3151/3307/2639 3145/3301/2633
f 3143/3299/2631 3146/3302/2634 3154/3310/2642 3156/3312/2644
f 3139/3295/2627 3157/3313/2645 3158/3314/2646 3141/3297/2629
f 3140/3296/2628 3142/3298/2630 3159/3315/2647 3160/3316/2648
f 3138/3294/2626 3161/3317/2649 3157/3313/2645 3139/3295/2627
f 3137/3293/2625 3140/3296/2628 3160/3316/2648 3162/3318/2650
f 3133/3289/2621 3163/3319/2651 3164/3320/2652 3135/3291/2623
f 3134/3290/2622 3136/3292/2624 3165/3321/2653 3166/3322/2654
f 3132/3288/2620 3167/3323/2655 3163/3319/2651 3133/3289/2621
f 3131/3287/2619 3134/3290/2622 3166/3322/2654 3168/3324/2656
f 3127/3283/2615 3169/3325/2657 3170/3326/2658 3129/3285/2617
f 3128/3284/2616 3130/3286/2618 3171/3327/2659 3172/3328/2660
f 3126/3282/2614 3173/3329/2661 3169/3325/2657 3127/3283/2615
f 3125/3281/2613 3128/3284/2616 3172/3328/2660 3174/3330/2662
f 3121/3277/2609 3175/3331/2663 3176/3332/2664 3123/3279/2611
f 3122/3278/2610 3124/3280/2612 3177/3333/2665 3178/3334/2666
f 3120/3276/2608 3179/3335/2667 3175/3331/2663 3121/3277/2609
f 3119/3275/2607 3122/3278/2610 3178/3334/2666 3180/3336/2668
f 3115/3271/2603 3181/3337/2669 3182/3338/2670 3117/3273/2605
f 3116/3272/2604 3118/3274/2606 3183/3339/2671 3184/3340/2672
f 3114/3270/2602 3185/3341/2673 3181/3337/2669 3115/3271/2603
f 3113/3269/2601 3116/3272/2604 3184/3340/2672 3186/3342/2674
f 3109/3265/2597 3187/3343/2675 3188/3344/2676 3111/3267/2599
f 3110/3266/2598 3112/3268/2600 3189/3345/2677 3190/3346/2678
f 3108/3264/2596 3191/3347/2679 3187/3343/2675 3109/3265/2597
f 3107/3263/2595 3110/3266/2598 3190/3346/2678 3192/3348/2680
f 3055/3211/2543 3193/3349/2681 3194/3350/2682 3105/3261/2593
f 3056/3212/2544 3106/3262/2594 3195/3351/2683 3149/3305/2637
f 3054/3210/2542 3196/3352/2684 3193/3349/2681 3055/3211/2543
f 3022/3178/2685 3117/3273/2686 3182/3338/2687 3089/3245/2687
f 3033/3189/2688 3130/3286/2689 3129/3285/2690 3034/3190/2691
f 3091/3353/2692 3184/3354/2692 3183/3355/2693 3092/3356/2693
f 3026/3182/2694 3120/3276/2695 3119/3275/2696 3023/3179/2697
f 3064/3357/2698 3156/3358/2698 3154/3359/2699 3061/3360/2699
f 3087/3243/2700 3179/3335/2700 3120/3276/2695 3026/3182/2694
f 3092/3248/2701 3183/3339/2701 3118/3274/2702 3021/3177/2703
f 3084/3240/2704 3175/3331/2704 3179/3335/2705 3087/3243/2705
f 3095/3251/2706 3188/3344/2706 3187/3343/2707 3096/3252/2707
f 3041/3197/2708 3137/3293/2709 3162/3318/2710 3070/3226/2710
f 3088/3361/2711 3180/3362/2711 3178/3363/2712 3085/3364/2712
f 3016/3172/2713 3111/3267/2714 3188/3344/2715 3095/3251/2715
f 3039/3195/2716 3136/3292/2717 3135/3291/2718 3040/3196/2719
f 3061/3360/2699 3154/3359/2699 3153/3365/2720 3062/3366/2720
f 3020/3176/2721 3114/3270/2722 3113/3269/2723 3017/3173/2724
f 3052/3208/2725 3147/3303/2726 3152/3308/2727 3059/3215/2727
f 3098/3254/2728 3189/3345/2728 3112/3268/2729 3015/3171/2730
f 3008/3164/2731 3054/3210/2732 3053/3209/2733 3005/3161/2734
f 3085/3364/2712 3178/3363/2712 3177/3367/2735 3086/3368/2735
f 3010/3166/2736 3105/3261/2737 3194/3350/2738 3101/3257/2738
f 3047/3203/2739 3143/3299/2740 3156/3312/2741 3064/3220/2741
f 3081/3237/2742 3173/3329/2742 3126/3282/2743 3032/3188/2744
f 3014/3170/2745 3108/3264/2746 3107/3263/2747 3011/3167/2748
f 3045/3201/2749 3142/3298/2750 3141/3297/2751 3046/3202/2752
f 3078/3234/2753 3169/3325/2753 3173/3329/2754 3081/3237/2754
f 3096/3252/2707 3187/3343/2707 3191/3347/2755 3099/3255/2755
f 3011/3167/2748 3107/3263/2747 3192/3348/2756 3100/3256/2756
f 3082/3369/2757 3174/3370/2757 3172/3371/2758 3079/3372/2759
f 3103/3259/2760 3195/3351/2760 3106/3262/2761 3009/3165/2762
f 3005/3161/2734 3053/3209/2733 3150/3306/2763 3057/3213/2763
f 3009/3165/2762 3106/3262/2761 3105/3261/2737 3010/3166/2736
f 3062/3218/2764 3153/3309/2764 3148/3304/2765 3051/3207/2766
f 3102/3258/2767 3193/3349/2767 3196/3352/2768 3104/3260/2768
f 3051/3207/2766 3148/3304/2765 3147/3303/2726 3052/3208/2725
f 3057/3373/2769 3150/3374/2769 3149/3375/2770 3058/3376/2771
f 3079/3372/2759 3172/3371/2758 3171/3377/2772 3080/3378/2772
f 3059/3215/2773 3152/3308/2773 3151/3307/2774 3060/3216/2774
f 3017/3173/2724 3113/3269/2723 3186/3342/2775 3094/3250/2775
f 3075/3231/2776 3167/3323/2776 3132/3288/2777 3038/3194/2778
f 3104/3260/2779 3196/3352/2779 3054/3210/2732 3008/3164/2731
f 3101/3257/2780 3194/3350/2780 3193/3349/2767 3102/3258/2767
f 3015/3171/2730 3112/3268/2729 3111/3267/2714 3016/3172/2713
f 3072/3228/2781 3163/3319/2781 3167/3323/2782 3075/3231/2782
f 3046/3202/2752 3141/3297/2751 3158/3314/2783 3065/3221/2783
f 3058/3376/2771 3149/3375/2770 3195/3379/2784 3103/3380/2784
f 3076/3381/2785 3168/3382/2785 3166/3383/2786 3073/3384/2787
f 3050/3206/2788 3144/3300/2789 3143/3299/2740 3047/3203/2739
f 3099/3255/2790 3191/3347/2790 3108/3264/2746 3014/3170/2745
f 3060/3216/2774 3151/3307/2774 3155/3311/2791 3063/3219/2791
f 3077/3233/2792 3170/3326/2792 3169/3325/2753 3078/3234/2753
f 3023/3179/2697 3119/3275/2696 3180/3336/2793 3088/3244/2793
f 3071/3227/2794 3164/3320/2794 3163/3319/2781 3072/3228/2781
f 3068/3224/2795 3159/3315/2795 3142/3298/2750 3045/3201/2749
f 3100/3385/2796 3192/3386/2796 3190/3387/2797 3097/3388/2797
f 3034/3190/2691 3129/3285/2690 3170/3326/2798 3077/3233/2798
f 3021/3177/2703 3118/3274/2702 3117/3273/2686 3022/3178/2685
f 3073/3384/2787 3166/3383/2786 3165/3389/2799 3074/3390/2799
f 3040/3196/2719 3135/3291/2718 3164/3320/2800 3071/3227/2800
f 3038/3194/2778 3132/3288/2777 3131/3287/2801 3035/3191/2802
f 3069/3225/2803 3161/3317/2803 3138/3294/2804 3044/3200/2805
f 3044/3200/2805 3138/3294/2804 3137/3293/2709 3041/3197/2708
f 3080/3236/2806 3171/3327/2806 3130/3286/2689 3033/3189/2688
f 3066/3222/2807 3157/3313/2807 3161/3317/2808 3069/3225/2808
f 3097/3388/2797 3190/3387/2797 3189/3391/2809 3098/3392/2809
f 3083/3239/2810 3176/3332/2810 3175/3331/2704 3084/3240/2704
f 3029/3185/2811 3125/3281/2812 3174/3330/2813 3082/3238/2813
f 3070/3393/2814 3162/3394/2814 3160/3395/2815 3067/3396/2816
f 3074/3230/2817 3165/3321/2817 3136/3292/2717 3039/3195/2716
f 3093/3249/2818 3185/3341/2818 3114/3270/2722 3020/3176/2721
f 3028/3184/2819 3123/3279/2820 3176/3332/2821 3083/3239/2821
f 3027/3183/2822 3124/3280/2823 3123/3279/2820 3028/3184/2819
f 3090/3246/2824 3181/3337/2824 3185/3341/2825 3093/3249/2825
f 3032/3188/2744 3126/3282/2743 3125/3281/2812 3029/3185/2811
f 3065/3221/2826 3158/3314/2826 3157/3313/2807 3066/3222/2807
f 3094/3397/2827 3186/3398/2827 3184/3354/2692 3091/3353/2692
f 3086/3242/2828 3177/3333/2828 3124/3280/2823 3027/3183/2822
f 3067/3396/2816 3160/3395/2815 3159/3399/2829 3068/3400/2829
f 3089/3245/2830 3182/3338/2830 3181/3337/2824 3090/3246/2824
f 3035/3191/2802 3131/3287/2801 3168/3324/2831 3076/3232/2831
f 3063/3219/2832 3155/3311/2832 3144/3300/2789 3050/3206/2788
